time_s,vibration
0,0.024377366
0.0001,0.005305753
0.0002,0.23098058703639918
0.0003,0.3170929365574093
0.0004,0.14078563944354366
0.0005,0.2290367979429403
0.0006,0.3601303089359315
0.0007,0.3225884370673381
0.0008,0.328587652
0.0009,0.232108004
0.001,0.33494225106048875
0.0011,0.290907328
0.0012,0.20395031337176456
0.0013,0.27016495476113894
0.0014,0.21435543756545095
0.0015,0.12359864173408776
0.0016,0.2565924325680243
0.0017,0.20352353853669347
0.0018,0.4192494579279653
0.0019,0.4249720357266599
0.002,0.49995284359369213
0.0021,0.5457639222993657
0.0022,0.7771966742097498
0.0023,0.7343750369520206
0.0024,0.7636611172457011
0.0025,0.8020001217413231
0.0026,0.8850829483355734
0.0027,0.8650921569998854
0.0028,0.8460345859227726
0.0029,0.8127625033030269
0.003,0.9084782558404153
0.0031,0.6630914150709114
0.0032,0.618731979
0.0033,0.5698131607489683
0.0034,0.6748158043127325
0.0035,0.724668632
0.0036,0.6531891634706828
0.0037,0.6412210199555334
0.0038,0.7039896001992247
0.0039,0.894557545
0.004,0.980115367
0.0041,1.0417787556522193
0.0042,1.0162274339233968
0.0043,1.1471898277345938
0.0044,1.1807706954940198
0.0045,1.2126340552768031
0.0046,1.2684776162786053
0.0047,1.2011502438978154
0.0048,1.205726596
0.0049,1.1129498171544217
0.005,1.0802363330817466
0.0051,1.0566532530832886
0.0052,0.8441484663243586
0.0053,0.9007006864061144
0.0054,0.8695100994880726
0.0055,0.8549866569488619
0.0056,0.9020910971736648
0.0057,1.079793180040653
0.0058,0.9423355790567572
0.0059,1.151446317966349
0.006,1.0072571933489864
0.0061,1.1824705830351303
0.0062,1.2830796400023448
0.0063,1.3657226657413952
0.0064,1.408126823507581
0.0065,1.427960226636015
0.0066,1.3297626624984515
0.0067,1.294706479351396
0.0068,1.3580165749286361
0.0069,1.2197428839692503
0.007,1.0721075663525659
0.0071,1.022115454
0.0072,0.9833934540989223
0.0073,1.0519116116554181
0.0074,0.9940764009080897
0.0075,1.0266057342519999
0.0076,0.9449764579973389
0.0077,1.017782960104293
0.0078,1.096469346425159
0.0079,1.0740517055534788
0.008,1.1933233736021118
0.0081,1.1613715206362325
0.0082,1.2363458066528803
0.0083,1.2739862813255507
0.0084,1.2317410786761391
0.0085,1.3702243937693646
0.0086,1.2775986300293356
0.0087,1.2810275007171434
0.0088,1.2671476273392934
0.0089,1.2011934911980113
0.009,1.1490750973441923
0.0091,1.017988307194545
0.0092,0.9277352464001508
0.0093,0.9021302341964679
0.0094,0.7359473667324106
0.0095,0.7359003987033619
0.0096,0.745866088
0.0097,0.7902446395403416
0.0098,0.93590813
0.0099,0.8766286748552112
0.01,0.9697469956768486
0.010100000000000001,1.1546245295021902
0.0102,1.0665858113040527
0.0103,1.186756609652846
0.010400000000000001,1.0696819855390054
0.0105,1.1257302663396367
0.0106,1.0441880433642607
0.010700000000000001,1.0522915737693346
0.0108,1.089854942261865
0.0109,0.8159945356224301
0.011000000000000001,0.9142862840475741
0.0111,0.8237665033805153
0.0112,0.6883546103748135
0.011300000000000001,0.5627330216735266
0.0114,0.6424530672490512
0.0115,0.5711138287637312
0.011600000000000001,0.6283721688423762
0.0117,0.6263376957120541
0.0118,0.7833395682814721
0.0119,0.6781119834772521
0.012,0.6634518785830383
0.012100000000000001,0.8077133397204981
0.0122,0.8529391577184202
0.0123,0.974523283
0.012400000000000001,0.947205202
0.0125,0.9049418438279558
0.0126,0.9698911406430831
0.012700000000000001,0.715566757
0.0128,0.7015243453330082
0.0129,0.6091506449916728
0.013000000000000001,0.5766657919046742
0.0131,0.422349138
0.0132,0.5140469314048162
0.013300000000000001,0.38779059034391944
0.0134,0.2461588821693484
0.0135,0.2595415543915603
0.013600000000000001,0.36250826167589295
0.0137,0.4198399689354378
0.013800000000000002,0.5438402250905223
0.013900000000000001,0.6601470466966408
0.014,0.5092999683337232
0.014100000000000001,0.4462222177726006
0.0142,0.39814425398065845
0.0143,0.622079857
0.014400000000000001,0.5518887206549523
0.0145,0.5814864655773581
0.0146,0.5441144835046389
0.014700000000000001,0.5417245353292107
0.0148,0.5824947413930228
0.0149,0.4426662859058012
0.015000000000000001,0.34441599422345187
0.0151,0.20142980136325433
0.0152,0.083706065
0.015300000000000001,0.12385779429783936
0.0154,0.11955781253908855
0.0155,0.2451915222082762
0.015600000000000001,0.11383411045244855
0.015700000000000002,0.20048755166399862
0.0158,0.11640224891632898
0.0159,0.1077185351506018
0.016,0.17770613061057935
0.0161,0.2494822966214276
0.0162,0.5244962368445497
0.016300000000000002,0.3239011635457771
0.0164,0.47642776617382776
0.0165,0.33841210700305785
0.0166,0.46707122202398954
0.0167,0.3867984351444862
0.016800000000000002,0.2912649188218563
0.016900000000000002,0.23699401004863138
0.017,0.11845153607396347
0.0171,0.1372672927680011
0.0172,0.002143928
0.0173,-0.110876376
0.017400000000000002,-0.150437438
0.0175,-0.050996908
0.0176,0.064649063
0.0177,-0.026988379
0.0178,-0.011408593
0.0179,0.070462642
0.018000000000000002,0.20777229540912726
0.0181,0.17666514196815605
0.0182,0.1761345997883751
0.0183,0.33601505013252303
0.0184,0.3045879195652137
0.018500000000000003,0.39740916830674333
0.018600000000000002,0.2739905475855502
0.0187,0.12763140997168915
0.0188,0.066642036
0.0189,0.2472484616470485
0.019,0.18617177467166426
0.019100000000000002,-0.032910591
0.019200000000000002,-0.109920263
0.0193,-0.011503679
0.0194,-0.250250105
0.0195,-0.247871129
0.0196,-0.119821272
0.019700000000000002,-0.179203268
0.0198,-0.108532723
0.0199,-0.070165279
0.02,0.027005963903914233
0.0201,0.16968839614560965
0.020200000000000003,0.11536976576776566
0.020300000000000002,0.1991499612889757
0.0204,0.007273647
0.0205,0.17239549488182632
0.0206,0.094228028
0.0207,0.030914177438844337
0.020800000000000003,0.009013088
0.020900000000000002,-0.008180821
0.021,0.024993686379481475
0.0211,-0.221285644
0.0212,-0.173644252
0.0213,-0.264322487
0.021400000000000002,-0.28554564
0.021500000000000002,-0.194328063
0.0216,-0.22723817
0.0217,-0.140520105
0.0218,-0.221369233
0.0219,-0.214789951
0.022000000000000002,-0.121200861
0.0221,-0.028196807
0.0222,0.016043395
0.0223,-0.046963338
0.0224,0.06891742
0.022500000000000003,0.083062207
0.022600000000000002,0.24960035522445767
0.0227,0.16297548354307478
0.0228,-0.106802074
0.0229,-0.124572186
0.023,-0.287909912
0.023100000000000002,-0.287511573
0.023200000000000002,-0.27854755
0.0233,-0.259534068
0.0234,-0.450872088
0.0235,-0.462977996
0.0236,-0.581131752
0.023700000000000002,-0.402625372
0.0238,-0.439211811
0.0239,-0.349855536
0.024,-0.325064334
0.0241,-0.210055041
0.024200000000000003,-0.296964168
0.024300000000000002,-0.23923201
0.0244,0.06692762
0.0245,-0.206750936
0.0246,-0.211603263
0.0247,-0.015809345
0.024800000000000003,0.014724673018933682
0.024900000000000002,-0.378007432
0.025,-0.386566698
0.0251,-0.402777956
0.0252,-0.358920511
0.0253,-0.631936373
0.025400000000000002,-0.612704455
0.025500000000000002,-0.55252804
0.0256,-0.582142722
0.0257,-0.630755425
0.0258,-0.579413794
0.025900000000000003,-0.635376932
0.026000000000000002,-0.495201113
0.0261,-0.448349049
0.0262,-0.365528163
0.0263,-0.397216021
0.0264,-0.299704072
0.026500000000000003,-0.259770615
0.026600000000000002,-0.35138904
0.0267,-0.377427893
0.0268,-0.458982428
0.0269,-0.532477279
0.027,-0.665575219
0.027100000000000003,-0.657957179
0.027200000000000002,-0.760487396
0.0273,-0.643214336
0.0274,-0.726958517
0.0275,-0.845524435
0.027600000000000003,-0.941440879
0.027700000000000002,-0.954781195
0.027800000000000002,-0.740047987
0.0279,-0.772351351
0.028,-0.706920206
0.0281,-0.836827313
0.028200000000000003,-0.581002178
0.028300000000000002,-0.588235897
0.0284,-0.698592527
0.0285,-0.65119523
0.0286,-0.61558533
0.0287,-0.674220306
0.028800000000000003,-0.759260302
0.028900000000000002,-0.813026717
0.029,-0.899690583
0.0291,-0.941975169
0.0292,-0.904910933
0.029300000000000003,-1.284746895
0.029400000000000003,-1.139137829
0.029500000000000002,-1.128044277
0.0296,-1.120691881
0.0297,-1.157508531
0.0298,-1.235624672
0.029900000000000003,-1.024446627
0.030000000000000002,-0.861811983
0.030100000000000002,-1.071775912
0.0302,-0.834819951
0.0303,-0.896306404
0.0304,-0.856588005
0.030500000000000003,-0.935901277
0.030600000000000002,-0.897690615
0.0307,-0.804504123
0.0308,-0.914986692
0.0309,-0.887282218
0.031,-1.001651338
0.031100000000000003,-1.130344063
0.031200000000000002,-1.089173133
0.0313,-1.244908519
0.031400000000000004,-1.248911763
0.0315,-1.354992272
0.0316,-1.322084585
0.0317,-1.360319219
0.0318,-1.1862234
0.031900000000000005,-1.308589886
0.032,-1.094193327
0.032100000000000004,-1.114051513
0.0322,-0.952722347
0.0323,-0.945030266
0.0324,-0.833504977
0.0325,-0.912904931
0.032600000000000004,-1.108445562
0.0327,-1.017495006
0.0328,-1.150710212
0.0329,-1.154240819
0.033,-1.053264198
0.033100000000000004,-1.184044525
0.0332,-1.345292939
0.0333,-1.412792012
0.0334,-1.355038101
0.0335,-1.46181726
0.033600000000000005,-1.404919919
0.0337,-1.293864122
0.033800000000000004,-1.177634432
0.0339,-1.160560468
0.034,-1.325189936
0.0341,-1.049634711
0.0342,-1.005839382
0.034300000000000004,-0.927086652
0.0344,-0.794805703
0.0345,-1.071155947
0.0346,-0.954428186
0.0347,-0.879001878
0.034800000000000005,-1.087248484
0.0349,-0.888074271
0.035,-1.027638252
0.0351,-1.039816773
0.0352,-1.197089004
0.035300000000000005,-1.118161505
0.0354,-1.11328559
0.035500000000000004,-1.176508726
0.0356,-1.152683759
0.0357,-1.106989463
0.0358,-1.138535832
0.0359,-1.010128709
0.036000000000000004,-0.932856836
0.0361,-0.811838613
0.0362,-0.689962158
0.0363,-0.793116425
0.0364,-0.672305683
0.036500000000000005,-0.515834404
0.0366,-0.685024509
0.0367,-0.70069498
0.0368,-0.643526902
0.0369,-0.628053801
0.037000000000000005,-0.736232363
0.0371,-0.671979976
0.037200000000000004,-0.744472458
0.0373,-0.768511026
0.0374,-0.798168893
0.0375,-0.643958558
0.0376,-0.814340278
0.037700000000000004,-0.907019179
0.0378,-0.551053018
0.0379,-0.63685424
0.038,-0.506111397
0.0381,-0.324202054
0.038200000000000005,-0.477154197
0.0383,-0.380365924
0.038400000000000004,-0.355194605
0.0385,-0.255872942
0.0386,-0.141783762
0.038700000000000005,-0.138050631
0.0388,-0.176565923
0.038900000000000004,-0.341705244
0.039,-0.449398688
0.0391,-0.296003231
0.0392,-0.367673827
0.0393,-0.311136983
0.039400000000000004,-0.293746787
0.0395,-0.322151844
0.0396,-0.236057808
0.0397,-0.223510849
0.0398,-0.128539315
0.039900000000000005,-0.144878343
0.04,-0.014368913
0.040100000000000004,0.10424657
0.0402,0.23658676940527285
0.0403,0.21034846546814706
0.040400000000000005,0.3385618349944217
0.0405,0.3119440551386957
0.040600000000000004,0.3404997032962995
0.0407,0.4142493678167513
0.0408,0.1704869148461655
0.0409,0.19663373168032183
0.041,0.14601558127604097
0.041100000000000005,0.041994684
0.0412,0.14440670235445582
0.0413,0.23994037018191555
0.0414,0.15416396487468229
0.0415,0.2081652453200952
0.041600000000000005,0.3142297695782891
0.0417,0.38644903718442664
0.041800000000000004,0.3434423990452934
0.0419,0.53725298
0.042,0.5221119653520431
0.042100000000000005,0.5332464279454826
0.0422,0.6318413389399256
0.042300000000000004,0.6282944745123232
0.0424,0.7268766347200566
0.0425,0.8015294707344273
0.0426,0.9067850150415946
0.0427,0.9735182183440378
0.042800000000000005,0.7024414557649334
0.0429,0.8097230205231943
0.043000000000000003,0.6539029326381782
0.0431,0.7335803834587403
0.0432,0.6492244655139091
0.043300000000000005,0.48844251294099617
0.0434,0.6998012098321721
0.043500000000000004,0.5859507911571804
0.0436,0.6195929410131868
0.0437,0.6228533452093601
0.0438,0.7176054353195156
0.0439,0.8767413575578606
0.044000000000000004,0.9055154857208668
0.0441,1.0246193743704017
0.0442,1.098421958820797
0.0443,1.2342698543315056
0.0444,1.1440129386936104
0.044500000000000005,1.0769903421908242
0.0446,1.2841411073685092
0.044700000000000004,1.1567435462280604
0.0448,1.2405809069032694
0.0449,1.1382136606499114
0.045000000000000005,1.0466157787702808
0.0451,1.034052266539912
0.045200000000000004,1.116801936722916
0.0453,1.092432826
0.0454,0.9126904026421182
0.0455,0.9189121322736953
0.0456,1.0102016898691093
0.045700000000000005,0.8925449925205139
0.0458,1.0382476981216742
0.0459,1.071915021762723
0.046,1.166999431994853
0.0461,1.1425918809580402
0.046200000000000005,1.1428939953292254
0.0463,1.1529862043533474
0.046400000000000004,1.2618379680849838
0.0465,1.3277984250248742
0.0466,1.3342053413464259
0.046700000000000005,1.4866731157589208
0.0468,1.3778579740206471
0.046900000000000004,1.1580799406524516
0.047,1.2019791484156805
0.0471,1.0802121723090934
0.0472,1.034200529935847
0.0473,1.0269648040843478
0.047400000000000005,1.0322160313804751
0.0475,0.9442262272158571
0.0476,1.0642647923230095
0.0477,0.9137447267267605
0.0478,1.046929239896752
0.047900000000000005,1.3066133268587654
0.048,1.174627734
0.048100000000000004,1.328982756450061
0.0482,1.2727117286319425
0.0483,1.3509874804717994
0.048400000000000006,1.3228655947718464
0.0485,1.3176339888133817
0.048600000000000004,1.2527922255075195
0.0487,1.3144520799355335
0.0488,1.1605649194919576
0.0489,1.218717816020696
0.049,1.1826672489820451
0.049100000000000005,1.0551896585342766
0.0492,0.938699213
0.049300000000000004,0.9448249374136752
0.0494,0.8462402770053402
0.0495,0.9265131665344206
0.049600000000000005,0.7051695701795366
0.0497,0.8431757962989668
0.049800000000000004,0.7446612321325758
0.0499,0.829462133
0.05,1.1091089783851125
0.050100000000000006,1.1223010642370375
0.0502,1.037528510326179
0.050300000000000004,1.0075550876922066
0.0504,0.9072090929124623
0.0505,1.0986856303344363
0.0506,1.3138230087369003
0.0507,1.1142049615584713
0.050800000000000005,0.9778645083813158
0.0509,0.9913865862378465
0.051000000000000004,0.7546557243243522
0.0511,0.7809617861781263
0.0512,0.7438448046718166
0.051300000000000005,0.6715295978789171
0.0514,0.6999471963671476
0.051500000000000004,0.6410448635877185
0.0516,0.663224153
0.0517,0.5695197414917158
0.051800000000000006,0.7270224896486428
0.0519,0.827575389
0.052000000000000005,0.6677197164206752
0.0521,0.722355636
0.0522,0.9422021699062935
0.0523,0.8504807579059702
0.0524,0.9927020134375638
0.052500000000000005,0.8409893021446204
0.0526,0.9692305554471745
0.052700000000000004,0.8211866664842093
0.0528,0.773362774
0.0529,0.8084541620377097
0.053000000000000005,0.5789089379616026
0.0531,0.45719426254361395
0.053200000000000004,0.4273497190173948
0.0533,0.4417551221632745
0.0534,0.23856265995511905
0.053500000000000006,0.39178555310025237
0.0536,0.2943254484704567
0.053700000000000005,0.44461485636257114
0.0538,0.1925609293631389
0.0539,0.3641127874077208
0.054,0.34122976157291307
0.0541,0.45928691006603384
0.054200000000000005,0.5885212285278769
0.0543,0.5863248094987744
0.054400000000000004,0.5966538027639365
0.0545,0.6019802566813277
0.0546,0.609353287
0.054700000000000006,0.4723049228870698
0.0548,0.5537642942019345
0.054900000000000004,0.4831156781410123
0.055,0.38790981619904014
0.0551,0.3288047770094205
0.055200000000000006,0.24139414058499029
0.0553,0.325568291
0.055400000000000005,0.11689288292035231
0.0555,0.079190472
0.055600000000000004,0.043129942306026896
0.0557,0.039287377
0.0558,0.056788153791373364
0.055900000000000005,0.13141025140549173
0.056,0.24926104105700245
0.056100000000000004,0.33424399206410244
0.0562,0.35831002293390535
0.0563,0.32836927568934876
0.056400000000000006,0.481363395
0.0565,0.4697992950340959
0.056600000000000004,0.3797735164002878
0.0567,0.30376906628284084
0.0568,0.3476701843008917
0.056900000000000006,0.25529289913835485
0.057,0.054984371
0.057100000000000005,0.096143096
0.0572,0.059505471101004376
0.057300000000000004,-0.084803498
0.0574,-0.033014961
0.0575,-0.18118974
0.057600000000000005,0.04521665
0.0577,0.060048291
0.057800000000000004,-0.022118913
0.0579,0.076672898
0.058,-0.089501601
0.058100000000000006,0.066606729
0.0582,0.18550646464290085
0.058300000000000005,0.16174131161358257
0.0584,0.32743912309873685
0.0585,0.43433241140690354
0.058600000000000006,0.16520261505345277
0.0587,0.15859186018251364
0.058800000000000005,0.19493064106937852
0.0589,0.2440635189485219
0.059000000000000004,-0.049511428
0.0591,0.001373836
0.0592,0.066438631
0.059300000000000005,-0.260559954
0.0594,-0.264171987
0.059500000000000004,-0.210181496
0.0596,-0.212934489
0.0597,-0.082626755
0.059800000000000006,-0.088790196
0.0599,-0.199086812
0.060000000000000005,0.041232832
0.0601,0.010886736252060485
0.060200000000000004,0.2100787505709219
0.0603,0.097427855
0.0604,0.12035819282904377
0.060500000000000005,0.21958349590059836
0.0606,0.22272056863247539
0.060700000000000004,0.16426717138762986
0.0608,-0.055582508
0.0609,0.061591809
0.061000000000000006,-0.131023161
0.0611,-0.096352138
0.061200000000000004,-0.289993526
0.0613,-0.189883161
0.0614,-0.323859705
0.061500000000000006,-0.377159461
0.0616,-0.213181794
0.061700000000000005,-0.228180392
0.0618,-0.258126922
0.061900000000000004,-0.043020234
0.062,-0.13854435
0.0621,-0.045027937
0.062200000000000005,0.023430602
0.0623,-0.009785567
0.062400000000000004,0.099369141
0.0625,0.022127753277023862
0.0626,0.015271366444447265
0.0627,0.12183932582480671
0.0628,-0.12178949
0.0629,-0.294603943
0.063,-0.041959592
0.0631,-0.036308776
0.0632,-0.336217492
0.0633,-0.510949401
0.0634,-0.417384099
0.0635,-0.433544117
0.0636,-0.424542537
0.0637,-0.478683141
0.0638,-0.307853767
0.0639,-0.265539792
0.064,-0.374467921
0.0641,-0.146578298
0.0642,0.007868902
0.0643,-0.108111564
0.0644,-0.130398162
0.0645,-0.115117386
0.0646,-0.074639875
0.0647,-0.301216155
0.0648,-0.204529444
0.0649,-0.315519218
0.065,-0.20928078
0.0651,-0.444036219
0.0652,-0.363785314
0.0653,-0.641287062
0.0654,-0.546101494
0.0655,-0.589163025
0.0656,-0.686447788
0.0657,-0.58647125
0.0658,-0.471706449
0.0659,-0.551288604
0.066,-0.611504226
0.0661,-0.428443076
0.0662,-0.456295601
0.0663,-0.380177119
0.0664,-0.343954175
0.0665,-0.477240058
0.0666,-0.493076053
0.0667,-0.367003059
0.0668,-0.505052351
0.0669,-0.737663578
0.067,-0.545063053
0.0671,-0.66148714
0.0672,-0.809814454
0.0673,-0.916014218
0.0674,-0.785962278
0.0675,-0.848444109
0.0676,-0.689788119
0.0677,-0.832173189
0.0678,-0.804323172
0.0679,-0.806725523
0.068,-0.679989609
0.0681,-0.647253618
0.0682,-0.555059256
0.0683,-0.666295358
0.0684,-0.64459067
0.0685,-0.651801499
0.0686,-0.573418569
0.0687,-0.558547695
0.0688,-0.772593846
0.0689,-0.838729553
0.069,-0.854406215
0.0691,-0.973841089
0.0692,-0.946465999
0.0693,-1.259556403
0.0694,-1.186326212
0.0695,-1.204758578
0.0696,-1.329999881
0.0697,-1.20484644
0.0698,-1.168299418
0.0699,-1.066774638
0.07,-0.910962729
0.0701,-0.968671851
0.0702,-0.986391289
0.0703,-0.874580749
0.0704,-0.767748167
0.0705,-0.929746102
0.0706,-0.943780112
0.0707,-0.863823774
0.0708,-0.979322001
0.0709,-0.974068371
0.071,-1.096936032
0.0711,-1.109337905
0.0712,-1.311494144
0.0713,-1.280994743
0.0714,-1.332006018
0.0715,-1.428537869
0.0716,-1.452486486
0.0717,-1.24966539
0.0718,-1.293466305
0.0719,-1.296108018
0.072,-1.16447567
0.0721,-1.00855792
0.0722,-1.228881143
0.0723,-1.12483088
0.0724,-1.052987585
0.0725,-0.854472597
0.0726,-0.960075383
0.0727,-0.950753373
0.0728,-1.148162511
0.0729,-1.202341301
0.073,-1.138337375
0.0731,-1.230385283
0.0732,-1.245479399
0.0733,-1.346708302
0.0734,-1.33540917
0.0735,-1.351842921
0.0736,-1.289007306
0.0737,-1.254264217
0.0738,-1.399649154
0.0739,-1.38904287
0.074,-1.061747143
0.0741,-0.978966042
0.0742,-1.09325191
0.0743,-1.108984708
0.0744,-0.916179692
0.0745,-0.831629827
0.0746,-0.76333235
0.0747,-0.884970578
0.0748,-0.990458268
0.0749,-1.077600645
0.075,-1.056190678
0.0751,-1.131484668
0.0752,-1.232618944
0.0753,-1.019362148
0.0754,-1.055949842
0.0755,-1.104255073
0.0756,-1.245103863
0.0757,-1.060215376
0.0758,-1.018298098
0.0759,-0.962922764
0.076,-0.820681812
0.0761,-0.791680431
0.0762,-0.710746959
0.0763,-0.657481035
0.0764,-0.635041647
0.0765,-0.777039739
0.0766,-0.618847764
0.0767,-0.679410336
0.0768,-0.762098674
0.0769,-0.561059287
0.077,-0.59882682
0.0771,-0.669559175
0.0772,-0.792598904
0.0773,-0.727806622
0.0774,-0.841533959
0.0775,-0.813947024
0.0776,-0.885405053
0.0777,-0.714978091
0.0778,-0.674562493
0.0779,-0.704450455
0.078,-0.518837602
0.0781,-0.435344474
0.0782,-0.20516854
0.0783,-0.20869708
0.0784,-0.226176735
0.0785,-0.172439054
0.0786,-0.1734177
0.0787,-0.196218777
0.0788,-0.285262033
0.0789,-0.240768124
0.079,-0.324278274
0.0791,-0.400376761
0.0792,-0.289033999
0.0793,-0.316586672
0.0794,-0.492839678
0.0795,-0.343025929
0.0796,-0.217212344
0.0797,-0.15710986
0.0798,-0.088877544
0.0799,-0.085391425
0.08,-0.067603626
0.0801,0.001808576
0.0802,0.19851288375191206
0.0803,0.2721901619953295
0.0804,0.39985494346425243
0.0805,0.42120953051929233
0.0806,0.3393247841600561
0.0807,0.248351374
0.0808,0.3044032167696294
0.0809,0.3177300135111506
0.081,0.24842375344031492
0.0811,0.18245244484406237
0.0812,0.21889864276446058
0.0813,0.13966903889084958
0.0814,0.12670940348725818
0.0815,0.2172582655090233
0.0816,0.19493296343109173
0.0817,0.29976249772128327
0.0818,0.37082975565155174
0.0819,0.3378117885182313
0.082,0.4762425427680757
0.0821,0.7152604410450005
0.0822,0.5864270060970861
0.0823,0.57740504
0.0824,0.6489797307593487
0.0825,0.8324996015065149
0.0826,0.8449715957339219
0.0827,0.8264477634167521
0.0828,0.9101511633093771
0.0829,0.5644700684141661
0.083,0.7688211577252418
0.0831,0.8205196725259676
0.0832,0.5694889363775929
0.0833,0.6045304580656083
0.0834,0.5653060971284053
0.0835,0.5628031644956761
0.0836,0.6362039996812312
0.0837,0.8226323608072968
0.0838,0.9169390314935207
0.0839,0.8156349842990489
0.084,1.0730598501209365
0.0841,1.0011725323465739
0.0842,1.2097634926425762
0.0843,1.1211530299169732
0.0844,1.181920456846451
0.0845,1.2243769253499102
0.0846,1.453071608392154
0.0847,1.251365445983427
0.0848,1.094832348940968
0.0849,1.1850633212173785
0.085,1.0281601782198018
0.0851,0.96697018
0.0852,1.033409040704186
0.0853,0.9287612307363963
0.0854,0.9294259849924407
0.0855,0.9072157025575531
0.0856,0.9510291274002337
0.0857,0.9941951469367898
0.0858,0.8566447136957752
0.0859,1.127309863087793
0.086,1.0633252214918238
0.0861,1.093877454589245
0.0862,1.2653864952852427
0.0863,1.3255433594978099
0.0864,1.2957482039583696
0.0865,1.430974996433459
0.0866,1.250286654968653
0.0867,1.2991391228627618
0.0868,1.2425885736334241
0.0869,1.2313202483326353
0.087,1.1964716149913843
0.0871,1.032146995247231
0.0872,1.114892251175558
0.0873,1.0171789415978936
0.0874,0.8313266417574929
0.0875,0.8146795906948159
0.0876,0.978171126
0.0877,0.9874223993952475
0.0878,1.038148505821799
0.0879,1.0965608322086748
0.088,1.174826141758337
0.0881,1.2901375647094195
0.0882,1.1765017223046803
0.0883,1.2107675854133517
0.0884,1.2399423416922692
0.0885,1.3543799286800138
0.0886,1.4147466075372732
0.0887,1.245520816159769
0.0888,1.028551907094052
0.0889,1.0291515681067809
0.089,1.0292013508026858
0.0891,0.9812488349556825
0.0892,0.9289280211833071
0.0893,0.9115941809074565
0.0894,0.8459944149832553
0.0895,0.9356165653406798
0.0896,0.7976006724622374
0.0897,0.8010389489904138
0.0898,0.9422362348241268
0.0899,0.8262156336899278
0.09,1.0311753364255984
0.0901,1.0588905203774033
0.0902,1.0832915297955077
0.0903,1.2548174527474223
0.0904,1.0945948043162181
0.0905,1.3069891246109722
0.0906,1.102155292
0.0907,0.9772529042437654
0.0908,1.0282238577448575
0.0909,0.8680805534523147
0.091,0.8193919247388287
0.0911,0.8365103191951774
0.0912,0.7803331739225731
0.0913,0.6286442340042611
0.0914,0.7156751182356523
0.0915,0.7060738661305268
0.0916,0.7246622124590616
0.0917,0.6669425966402307
0.0918,0.7642715539426542
0.0919,0.5467965594371659
0.092,0.7198991541025064
0.0921,0.7240108684181117
0.0922,0.8448774918908704
0.0923,0.8200723393058373
0.0924,0.8671036747162606
0.0925,1.0269661495123192
0.0926,0.8392493256318896
0.0927,0.8437711865149896
0.0928,0.7341229215590506
0.0929,0.6893337833406636
0.093,0.608331911
0.0931,0.5683499554954685
0.0932,0.5564594585034384
0.0933,0.537359926
0.0934,0.3885929922822908
0.0935,0.38795163177101105
0.0936,0.2453579931450325
0.0937,0.3457597041106361
0.0938,0.45932491094586164
0.0939,0.49631554048942983
0.094,0.49307599229523885
0.0941,0.5962967841405854
0.0942,0.6079692931586663
0.0943,0.6966874401954988
0.0944,0.640072741
0.0945,0.5862591811460501
0.0946,0.6199495279840651
0.0947,0.3185402561743004
0.0948,0.5278471818408096
0.0949,0.1382293744929986
0.095,0.21922970859411414
0.0951,0.32042358966459933
0.0952,0.25588304750164553
0.0953,0.069768125
0.0954,0.066892253
0.0955,0.21340040821101558
0.0956,0.064689738
0.0957,0.3013020157743889
0.0958,0.15619230854535457
0.0959,0.23515693061445486
0.096,0.3842654234690549
0.0961,0.3179825510797579
0.0962,0.27403113979447585
0.0963,0.38083390174818454
0.0964,0.40649977097971246
0.0965,0.301466949
0.0966,0.3720788152867855
0.0967,0.2966269903362193
0.0968,0.3777445712094979
0.0969,0.24302396207428884
0.097,0.14821089177651398
0.0971,0.093086962
0.0972,0.056392367607542696
0.0973,0.036517221
0.0974,-0.128179411
0.0975,-0.148130952
0.0976,0.0266961
0.0977,-0.072774658
0.0978,-0.115264894
0.0979,0.083101567
0.098,0.14036174055518963
0.0981,0.036657321
0.0982,0.227367315
0.0983,0.30635860072200066
0.0984,0.3002383206247843
0.0985,0.3251072076479751
0.0986,0.14699026476053734
0.0987,0.25207214490902474
0.0988,0.15188519084694924
0.0989,0.076551014
0.099,0.11792296576258612
0.0991,0.099792907
0.0992,0.064284327
0.0993,-0.023234593
0.0994,-0.170465185
0.0995,-0.148075354
0.0996,-0.109941586
0.0997,-0.137940622
0.0998,-0.097661838
0.0999,0.008810403
0.1,-0.004742612
0.10010000000000001,-0.001253108
0.10020000000000001,0.074965128
0.1003,0.19834768804552205
0.1004,0.17152687877321707
0.1005,0.2035097651857024
0.10060000000000001,0.215292789
0.10070000000000001,0.098431905
0.1008,0.1397651304922805
0.1009,0.048856462
0.101,-0.147063564
0.10110000000000001,0.000210156
0.1012,-0.216154351
0.1013,-0.35799656
0.1014,-0.342935289
0.1015,-0.356232302
0.10160000000000001,-0.266113539
0.1017,-0.269419994
0.1018,-0.235955336
0.1019,-0.109538385
0.10200000000000001,-0.076102127
0.10210000000000001,-0.022312721
0.1022,0.034703803211533164
0.1023,0.089078481
0.1024,-0.10695803
0.10250000000000001,0.035648880869044317
0.10260000000000001,-0.126214373
0.1027,0.015712708784371216
0.1028,-0.038913244
0.1029,-0.017938935
0.10300000000000001,-0.0758238
0.10310000000000001,-0.224033008
0.1032,-0.343824837
0.1033,-0.317189469
0.1034,-0.434778792
0.10350000000000001,-0.410757693
0.10360000000000001,-0.330457725
0.1037,-0.434233806
0.1038,-0.289764367
0.1039,-0.253308272
0.10400000000000001,-0.331298817
0.1041,-0.124602506
0.1042,-0.100460589
0.1043,-0.11371432
0.1044,-0.164398025
0.10450000000000001,-0.172493611
0.1046,-0.166873423
0.1047,-0.11935487
0.1048,-0.294130714
0.10490000000000001,-0.249281122
0.10500000000000001,-0.456447223
0.1051,-0.446427887
0.1052,-0.488444503
0.1053,-0.357377395
0.10540000000000001,-0.70326748
0.10550000000000001,-0.496953881
0.1056,-0.604936615
0.1057,-0.567769186
0.1058,-0.559240123
0.10590000000000001,-0.489807122
0.10600000000000001,-0.488442022
0.1061,-0.310714035
0.1062,-0.420619445
0.1063,-0.262211078
0.10640000000000001,-0.388976523
0.10650000000000001,-0.345608029
0.1066,-0.44958039
0.1067,-0.369166508
0.1068,-0.347624779
0.10690000000000001,-0.538672525
0.10700000000000001,-0.623601432
0.1071,-0.772446077
0.1072,-0.77104788
0.1073,-0.938091342
0.10740000000000001,-0.925857148
0.1075,-0.858249275
0.1076,-0.774875246
0.1077,-0.641051408
0.1078,-0.88226623
0.10790000000000001,-0.678547276
0.108,-0.72583148
0.1081,-0.709360245
0.1082,-0.620589701
0.10830000000000001,-0.619636205
0.10840000000000001,-0.600926414
0.1085,-0.646139899
0.1086,-0.748531479
0.1087,-0.801907666
0.10880000000000001,-0.683627016
0.10890000000000001,-0.826883662
0.109,-0.927219505
0.1091,-0.953499719
0.1092,-0.959035711
0.10930000000000001,-1.064985104
0.10940000000000001,-1.172674203
0.1095,-1.044061835
0.1096,-1.01803656
0.1097,-1.088190832
0.10980000000000001,-1.017193848
0.10990000000000001,-0.951329466
0.11,-0.909592055
0.1101,-0.899939065
0.1102,-0.856058428
0.11030000000000001,-0.82845154
0.11040000000000001,-0.939469071
0.1105,-0.795611544
0.1106,-0.979399239
0.1107,-0.972075647
0.11080000000000001,-0.857313906
0.1109,-0.958649533
0.111,-0.976852425
0.1111,-1.187204948
0.11120000000000001,-1.320867802
0.11130000000000001,-1.299262947
0.1114,-1.306988313
0.1115,-1.324947498
0.1116,-1.236713812
0.11170000000000001,-1.333426947
0.11180000000000001,-1.237227357
0.1119,-1.293415768
0.112,-1.120755972
0.1121,-1.098550745
0.11220000000000001,-1.106407182
0.11230000000000001,-1.023966134
0.1124,-0.993890729
0.1125,-0.992979316
0.1126,-0.840975043
0.11270000000000001,-1.020014432
0.11280000000000001,-1.076461326
0.1129,-1.280574508
0.113,-1.24569906
0.1131,-1.256093104
0.11320000000000001,-1.344246719
0.11330000000000001,-1.221158015
0.1134,-1.37085569
0.1135,-1.261416908
0.1136,-1.346292326
0.11370000000000001,-1.315846652
0.11380000000000001,-1.277163111
0.1139,-1.208957685
0.114,-1.004383175
0.11410000000000001,-1.259552908
0.11420000000000001,-1.171725728
0.1143,-1.003651542
0.1144,-0.922940247
0.1145,-0.850888531
0.11460000000000001,-0.869292936
0.11470000000000001,-0.957014057
0.1148,-0.879197436
0.1149,-0.923734563
0.115,-1.042382155
0.11510000000000001,-1.030530886
0.11520000000000001,-1.12960189
0.1153,-1.228181242
0.1154,-1.142937967
0.1155,-1.186289918
0.11560000000000001,-1.171328643
0.11570000000000001,-1.010780636
0.1158,-1.265537981
0.1159,-1.111741148
0.116,-1.015620667
0.11610000000000001,-0.871570974
0.11620000000000001,-0.790316751
0.1163,-0.82901959
0.1164,-0.741117603
0.1165,-0.703218182
0.11660000000000001,-0.428943523
0.11670000000000001,-0.490775623
0.1168,-0.692651351
0.1169,-0.72469128
0.117,-0.829082768
0.11710000000000001,-0.930947256
0.11720000000000001,-0.822366392
0.1173,-0.915684791
0.1174,-0.849286256
0.11750000000000001,-0.958187274
0.11760000000000001,-0.8588853
0.1177,-0.734847228
0.1178,-0.650096599
0.1179,-0.566840529
0.11800000000000001,-0.620380951
0.11810000000000001,-0.36059125
0.1182,-0.41299037
0.1183,-0.229605513
0.1184,-0.227943464
0.11850000000000001,-0.302453039
0.11860000000000001,-0.202250507
0.1187,-0.150756559
0.1188,-0.149630627
0.1189,-0.239963005
0.11900000000000001,-0.142048102
0.11910000000000001,-0.219750656
0.1192,-0.350464074
0.1193,-0.287878099
0.1194,-0.195199598
0.11950000000000001,-0.17637239
0.11960000000000001,-0.395108445
0.1197,-0.315970408
0.1198,-0.052150988
0.1199,-0.173166966
0.12000000000000001,-0.105803291
0.12010000000000001,0.049608951
0.1202,0.20456262812984916
0.1203,0.23365602271722452
0.12040000000000001,0.24482336490340517
0.12050000000000001,0.27927416155397056
0.1206,0.29291611152953656
0.1207,0.27752707416211336
0.1208,0.5124623747125912
0.12090000000000001,0.3241524036211595
0.12100000000000001,0.33553113742384116
0.1211,0.18955777604077229
0.1212,0.18379132339198975
0.1213,0.12290133969407593
0.12140000000000001,-0.035181977
0.12150000000000001,0.082101297
0.1216,0.082242875
0.1217,0.10025144436688499
0.1218,0.2533447158795279
0.12190000000000001,0.5349625629560919
0.12200000000000001,0.5111869392609646
0.1221,0.7034833868373735
0.1222,0.7122719732678908
0.1223,0.809342102
0.12240000000000001,0.7258555833943845
0.12250000000000001,0.872086882
0.1226,0.9007953522172528
0.1227,0.7897248484720675
0.1228,0.8577792066443863
0.12290000000000001,0.8235918437483856
0.12300000000000001,0.6931822380803779
0.1231,0.6057831418000057
0.1232,0.564981131
0.1233,0.641835422
0.12340000000000001,0.6516982400098406
0.12350000000000001,0.5709487817452473
0.1236,0.664431787
0.1237,0.7540765010036091
0.12380000000000001,0.8194033546277485
0.12390000000000001,0.9666605319120659
0.124,1.0228134995716136
0.1241,0.9182230995672721
0.1242,1.2041551072695351
0.12430000000000001,1.0861388015247995
0.12440000000000001,1.2550256557591166
0.1245,1.2005778976225687
0.1246,1.1657913637661959
0.1247,1.0386468512138476
0.12480000000000001,1.1376883505197743
0.12490000000000001,0.9827928327708686
0.125,1.1344907200539773
0.12510000000000002,1.1274936075873476
0.1252,0.8969680527690791
0.1253,0.9504320431162483
0.1254,0.8491085900708584
0.1255,0.8558181063973863
0.12560000000000002,0.9860620535810298
0.1257,0.9571148141944282
0.1258,1.150773911666684
0.1259,1.0354054513028024
0.126,1.2218336816762005
0.12610000000000002,1.2170544584706138
0.1262,1.3337216355734807
0.1263,1.2830522666462536
0.1264,1.347263990120027
0.1265,1.3552525374761064
0.12660000000000002,1.290776099090665
0.1267,1.384661145531104
0.1268,1.3413984248743387
0.1269,1.2825316055522236
0.127,1.2971197245330233
0.12710000000000002,1.2287260153160144
0.1272,1.026954061791125
0.1273,1.0419829376058558
0.1274,0.9327942868817872
0.1275,0.973235331
0.12760000000000002,0.9311767137747542
0.1277,1.1347054095490359
0.1278,1.075517966935201
0.1279,1.0813570984827428
0.128,1.2522708403460265
0.12810000000000002,1.0406763631379368
0.1282,1.1042619067888566
0.1283,1.368192405262994
0.12840000000000001,1.3322457261726504
0.1285,1.3513022993273789
0.12860000000000002,1.2090391289800668
0.1287,1.2781692743508977
0.1288,1.388968647458938
0.12890000000000001,1.2314069666992857
0.129,1.1094208122377995
0.1291,0.9907428331469122
0.1292,0.930033283
0.1293,0.73817186
0.12940000000000002,0.8915453551227449
0.1295,0.9193080451757567
0.1296,0.7256325107430968
0.1297,0.8171110343639139
0.1298,0.811329021
0.12990000000000002,0.8718389036993185
0.13,1.004278530145744
0.1301,0.8839340932802191
0.1302,1.144228564057529
0.1303,1.188063769770172
0.13040000000000002,1.1242831928968413
0.1305,0.9437085901702829
0.1306,1.0404763176769203
0.1307,1.178046374569594
0.1308,0.8003907488069909
0.13090000000000002,0.9263782965023304
0.131,0.7851323302865335
0.1311,0.8691132793207317
0.1312,0.6818774906590794
0.1313,0.7107339716834548
0.13140000000000002,0.6819195401654665
0.1315,0.7603713126672348
0.1316,0.5935227164399667
0.1317,0.6546730736399846
0.1318,0.5363928186455982
0.13190000000000002,0.7924935187385946
0.132,0.68449097
0.1321,0.7485109557969598
0.1322,0.8335595994127369
0.1323,0.7407575292143846
0.13240000000000002,0.8986979043865543
0.1325,0.9537894609299962
0.1326,0.8762616152253055
0.1327,0.683555996
0.1328,0.7427997244066207
0.13290000000000002,0.7426390325424703
0.133,0.45761147487986614
0.1331,0.4465027491122051
0.1332,0.5333583439861809
0.1333,0.42717604084761124
0.13340000000000002,0.3967811122996986
0.1335,0.4895474654980279
0.1336,0.37491137616037085
0.1337,0.40542088433854157
0.1338,0.6009613959326369
0.13390000000000002,0.4099336847688107
0.134,0.4123165925821586
0.1341,0.559608979
0.1342,0.603827239
0.1343,0.558525708
0.13440000000000002,0.5343322467153904
0.1345,0.7995026001589379
0.1346,0.6192297050604685
0.13470000000000001,0.4944049757303526
0.1348,0.5704907471123803
0.13490000000000002,0.42137078838525555
0.135,0.33687626548112665
0.1351,0.32926393134248777
0.13520000000000001,0.1143301190617619
0.1353,0.190972603
0.13540000000000002,0.2768968012230889
0.1355,0.1410513420976688
0.1356,0.07331518
0.13570000000000002,0.081299968
0.1358,0.12351869893184829
0.1359,0.182197022
0.136,0.22469094896850836
0.1361,0.3808052970702436
0.13620000000000002,0.21556192999301405
0.1363,0.45857210191669473
0.1364,0.3789737078635139
0.1365,0.4408021041056482
0.1366,0.3023863481779844
0.13670000000000002,0.46229284320397324
0.1368,0.4034467474482584
0.1369,0.31702225419948077
0.137,0.04965417
0.1371,0.1679112023347309
0.13720000000000002,0.070931013
0.1373,-0.141249614
0.1374,-0.050146223
0.1375,-0.035641182
0.1376,-0.017192216
0.13770000000000002,-0.025606799
0.1378,0.021380986722539286
0.1379,0.16548546192485544
0.138,0.20137486886543396
0.1381,-0.070249854
0.13820000000000002,0.18361369386806317
0.1383,0.23433987112421095
0.1384,0.1301195186701236
0.1385,0.2820833336056486
0.1386,0.3592324144006406
0.13870000000000002,0.1386635037420786
0.1388,0.20300684669977098
0.1389,0.041908349
0.139,-0.005474445
0.1391,0.099642437
0.13920000000000002,-0.122669903
0.1393,-0.091442223
0.1394,-0.311383899
0.1395,-0.027307562
0.1396,-0.12307522
0.13970000000000002,-0.162234845
0.1398,-0.062079252
0.1399,-0.169875402
0.14,0.094602459
0.1401,0.031171065
0.14020000000000002,0.091797412
0.1403,0.10830240862958622
0.1404,0.12483530325757243
0.1405,0.23186661596650762
0.1406,0.1821589980538608
0.14070000000000002,0.18055907358497642
0.1408,0.078561702
0.1409,0.059605039
0.14100000000000001,-0.081786417
0.1411,0.06320432
0.14120000000000002,-0.301529205
0.1413,-0.124713947
0.1414,-0.149899197
0.14150000000000001,-0.342721393
0.1416,-0.091945516
0.14170000000000002,-0.167872731
0.1418,-0.131317658
0.1419,-0.156872767
0.14200000000000002,-0.120670249
0.1421,-0.064349257
0.1422,0.033159974
0.1423,0.15188260996171693
0.1424,0.076183375
0.14250000000000002,-0.008111549
0.1426,0.11415659721254241
0.1427,0.086519974
0.1428,0.013830156140777282
0.1429,-0.041941604
0.14300000000000002,-0.192508802
0.1431,-0.314574146
0.1432,-0.373251425
0.1433,-0.486839418
0.1434,-0.373589492
0.14350000000000002,-0.417322184
0.1436,-0.444547646
0.1437,-0.626061604
0.1438,-0.454004056
0.1439,-0.21783313
0.14400000000000002,-0.308085552
0.1441,-0.173666702
0.1442,-0.267600731
0.1443,-0.006771952
0.1444,-0.114934362
0.14450000000000002,-0.080553897
0.1446,0.062201967
0.1447,-0.041447219
0.1448,-0.24220595
0.1449,-0.331739716
0.14500000000000002,-0.383150382
0.1451,-0.389310541
0.1452,-0.505634254
0.1453,-0.584607338
0.1454,-0.475707727
0.14550000000000002,-0.623851838
0.1456,-0.432956881
0.1457,-0.593403534
0.1458,-0.425882485
0.1459,-0.496799714
0.14600000000000002,-0.399110368
0.1461,-0.485006934
0.1462,-0.452402492
0.1463,-0.316013367
0.1464,-0.258342894
0.14650000000000002,-0.337567361
0.1466,-0.466734853
0.1467,-0.514389075
0.1468,-0.577405768
0.1469,-0.673893799
0.14700000000000002,-0.599091747
0.1471,-0.593273207
0.1472,-0.753777731
0.14730000000000001,-0.991500982
0.1474,-0.868087746
0.14750000000000002,-0.889416079
0.1476,-0.712716402
0.1477,-0.98235931
0.14780000000000001,-0.866593631
0.1479,-0.656903074
0.14800000000000002,-0.709333411
0.1481,-0.652195388
0.1482,-0.646030502
0.14830000000000002,-0.598194041
0.1484,-0.54754931
0.14850000000000002,-0.678232151
0.1486,-0.56643802
0.1487,-0.788257891
0.14880000000000002,-0.709617169
0.1489,-0.790448378
0.149,-0.92883584
0.1491,-0.955994992
0.1492,-1.072433503
0.14930000000000002,-1.165150326
0.1494,-1.148478987
0.1495,-1.230484362
0.1496,-1.118547603
0.1497,-1.219762204
0.14980000000000002,-1.038128767
0.1499,-1.145204591
0.15,-1.045303593
0.1501,-0.999035272
0.1502,-0.797914453
0.15030000000000002,-0.84360119
0.1504,-0.868620761
0.1505,-0.811771841
0.1506,-1.039509509
0.1507,-0.911958378
0.15080000000000002,-0.801797977
0.1509,-1.015279425
0.151,-1.090411235
0.1511,-1.121620727
0.1512,-1.157039475
0.15130000000000002,-1.439825307
0.1514,-1.449736936
0.1515,-1.314443292
0.1516,-1.384598375
0.1517,-1.199563292
0.15180000000000002,-1.290604066
0.1519,-1.369088055
0.152,-1.258222468
0.1521,-1.31877351
0.1522,-1.065152158
0.15230000000000002,-1.020170515
0.1524,-1.013113686
0.1525,-0.885056583
0.1526,-0.886800755
0.1527,-1.025769826
0.15280000000000002,-1.22772513
0.1529,-1.063395905
0.153,-1.129733654
0.1531,-1.210295904
0.1532,-1.210860124
0.15330000000000002,-1.42488087
0.1534,-1.196960237
0.1535,-1.441246668
0.15360000000000001,-1.291290863
0.1537,-1.453812695
0.15380000000000002,-1.34448057
0.1539,-1.087951894
0.154,-1.162758761
0.15410000000000001,-1.006790241
0.1542,-0.992645637
0.15430000000000002,-0.968594528
0.1544,-0.814994451
0.1545,-0.925029591
0.15460000000000002,-1.04959896
0.1547,-0.990533591
0.15480000000000002,-0.916625594
0.1549,-0.974509467
0.155,-1.182471441
0.15510000000000002,-1.165490893
0.1552,-1.197951219
0.1553,-1.212500168
0.1554,-1.308836401
0.1555,-1.245408656
0.15560000000000002,-1.22972467
0.1557,-1.066894261
0.1558,-1.004738506
0.1559,-1.009991251
0.156,-0.952018217
0.15610000000000002,-0.831316177
0.1562,-0.835274106
0.1563,-0.800180105
0.1564,-0.737522657
0.1565,-0.685135901
0.15660000000000002,-0.718615354
0.1567,-0.621950214
0.1568,-0.601334144
0.1569,-0.82257248
0.157,-0.735136151
0.15710000000000002,-0.795891687
0.1572,-0.785695282
0.1573,-0.836891733
0.1574,-0.958786156
0.1575,-0.93116195
0.15760000000000002,-0.795573457
0.1577,-0.664434922
0.1578,-0.856528357
0.1579,-0.572580159
0.158,-0.419572072
0.15810000000000002,-0.441208179
0.1582,-0.304957234
0.1583,-0.336479673
0.1584,-0.236641666
0.1585,-0.32201512
0.15860000000000002,-0.364502155
0.1587,-0.104564394
0.1588,-0.277467452
0.1589,-0.265126201
0.159,-0.375505793
0.15910000000000002,-0.413149094
0.1592,-0.343838761
0.1593,-0.40625402
0.15940000000000001,-0.319665397
0.1595,-0.297008085
0.15960000000000002,-0.271200483
0.1597,-0.222759696
0.1598,-0.044723035
0.15990000000000001,-0.173911983
0.16,-0.004394789
0.16010000000000002,0.1791196675057326
0.1602,0.2721076761189194
0.1603,0.12810666729854203
0.16040000000000001,0.27188001920338395
0.1605,0.44186084616130566
0.16060000000000002,0.39054940509847913
0.1607,0.36350888697321415
0.1608,0.3125169690557328
0.16090000000000002,0.2696474438696906
0.161,0.28764793811869427
0.16110000000000002,0.20849404349151768
0.1612,0.19526156788331395
0.1613,0.1862735546929051
0.16140000000000002,0.12270896790581373
0.1615,0.23491238867526237
0.16160000000000002,0.46023194171466597
0.1617,0.1380752154569299
0.1618,0.37489443575856873
0.16190000000000002,0.36815090151604773
0.162,0.560934039
0.1621,0.6039628837178964
0.1622,0.7403417490392267
0.1623,0.8407779216382173
0.16240000000000002,0.8133210324402113
0.1625,0.9207349888535175
0.1626,0.6549543819882128
0.1627,0.9630928156840465
0.1628,0.8430209491464852
0.16290000000000002,0.8645242915220134
0.163,0.6395563881834693
0.1631,0.6291430258532645
0.1632,0.671386461
0.1633,0.6335519478618125
0.16340000000000002,0.6481829375474928
0.1635,0.7211120610562773
0.1636,0.5210873348588434
0.1637,0.7863390638499215
0.1638,0.77061065
0.16390000000000002,0.8262075734122963
0.164,0.8029658142449757
0.1641,1.0385703076579382
0.1642,0.8763395824240138
0.1643,1.1804884427883429
0.16440000000000002,1.0520673639249243
0.1645,1.1994156005478824
0.1646,1.189229807056518
0.1647,1.2768256517793566
0.1648,1.1371210978159763
0.16490000000000002,1.0520124067036485
0.165,1.016578565508866
0.1651,1.1079808165165952
0.1652,1.003624689447282
0.1653,0.8954239851928463
0.16540000000000002,0.8882241982343375
0.1655,0.7807227175614935
0.1656,0.9551804133399211
0.16570000000000001,0.8194126185262601
0.1658,1.071745785579043
0.16590000000000002,1.0842737769983417
0.166,1.332842919044171
0.1661,1.1212505411360296
0.16620000000000001,1.261846427510695
0.1663,1.462687895306497
0.16640000000000002,1.4465398683474657
0.1665,1.308795483693629
0.1666,1.375578062548205
0.16670000000000001,1.3318545712777752
0.1668,1.3119349738196073
0.16690000000000002,1.1791527950809875
0.167,1.1670168400035368
0.1671,0.984934241
0.16720000000000002,1.0677595131284987
0.1673,1.0481404060048656
0.16740000000000002,0.9644887890109352
0.1675,0.8421628346797951
0.1676,1.0582392187323753
0.16770000000000002,1.0342617878575848
0.1678,0.9883409070916809
0.16790000000000002,1.0763513929840551
0.168,1.0367278023749729
0.1681,1.1322927856993321
0.16820000000000002,1.2223652066695114
0.1683,1.4027989778278258
0.16840000000000002,1.2762479790522607
0.1685,1.3824836880528175
0.1686,1.2720855210166313
0.16870000000000002,1.299863776087074
0.1688,1.2173762544553306
0.1689,1.2353155251230552
0.169,1.0530593815688836
0.1691,0.9000648859551055
0.16920000000000002,0.8510431888545953
0.1693,0.8659574915535629
0.1694,0.7710093237948124
0.1695,0.8844863577515727
0.1696,0.8144206037280955
0.16970000000000002,1.0599929097505765
0.1698,0.764909024
0.1699,0.9653576535807783
0.17,0.9097637581195431
0.1701,1.0112141584486847
0.17020000000000002,1.106400486856202
0.1703,0.9417256541855309
0.1704,1.1633174892828337
0.1705,1.2943978679509796
0.1706,1.0839147438876235
0.17070000000000002,1.1001988483858165
0.1708,1.1046240267153051
0.1709,0.9410638894756587
0.171,0.833055577
0.1711,0.6226887428962002
0.17120000000000002,0.787165864
0.1713,0.6693641772462982
0.1714,0.5556679985208919
0.1715,0.6236009823110489
0.1716,0.5630636433895001
0.17170000000000002,0.5823154335809336
0.1718,0.7037005494644939
0.1719,0.5901898407691846
0.17200000000000001,0.8291169008786794
0.1721,0.6815563958745119
0.17220000000000002,0.7823233103322628
0.1723,1.0196239723668952
0.1724,0.9705846830036309
0.17250000000000001,0.8842004784956279
0.1726,0.7775844921054201
0.17270000000000002,0.7683260166037795
0.1728,0.7585664931198456
0.1729,0.6862785788912885
0.17300000000000001,0.6005809017870656
0.1731,0.5300174290908832
0.17320000000000002,0.44608484688324335
0.1733,0.2902101072606151
0.1734,0.32250252635670046
0.17350000000000002,0.4139578052071079
0.1736,0.22796041007578693
0.17370000000000002,0.3376254025807413
0.1738,0.3185214394535043
0.1739,0.4359460837678956
0.17400000000000002,0.4450565591862834
0.1741,0.643576761
0.17420000000000002,0.6092346087743878
0.1743,0.49571868627258064
0.1744,0.670622249
0.17450000000000002,0.5527428978907669
0.1746,0.5469225177192201
0.17470000000000002,0.5780933278510924
0.1748,0.4578765293516047
0.1749,0.5015308658160186
0.17500000000000002,0.2951459762654655
0.1751,0.23476637738202338
0.1752,0.16517102903646555
0.1753,0.11751132715530141
0.1754,0.2117957410483784
0.17550000000000002,0.15406083261070835
0.1756,0.24020766505558008
0.1757,0.3032799270940896
0.1758,0.073888534
0.1759,0.20814756665013406
0.17600000000000002,0.16081944625770034
0.1761,0.24529190756441066
0.1762,0.30381205742926665
0.1763,0.305039708
0.1764,0.3251976480430454
0.17650000000000002,0.3991035309683982
0.1766,0.2952079075231395
0.1767,0.42337251458703307
0.1768,0.230375668
0.1769,0.46502052974719266
0.17700000000000002,0.1347237956311571
0.1771,0.10734292800279564
0.1772,-0.065084689
0.1773,0.12365942600967011
0.1774,0.041357622
0.17750000000000002,-0.041050671
0.1776,-0.169422442
0.1777,-0.022934358
0.1778,-0.09163201
0.1779,0.1645849716224704
0.17800000000000002,0.16802773462083678
0.1781,0.16674966493806634
0.1782,0.014098725195288014
0.17830000000000001,0.1688386750350061
0.1784,0.3253082950162726
0.17850000000000002,0.3715793842849149
0.1786,0.3480653775271715
0.1787,0.098227892
0.17880000000000001,0.2002189561496086
0.1789,0.19641544438719985
0.17900000000000002,-0.084388328
0.1791,-0.019181415
0.1792,-0.057357886
0.17930000000000001,-0.152480389
0.1794,-0.309859398
0.17950000000000002,-0.202348816
0.1796,-0.19747185
0.1797,-0.15948065
0.17980000000000002,-0.153200687
0.1799,-0.092530819
0.18000000000000002,-0.003176503
0.1801,0.092486216
0.1802,0.083768832
0.18030000000000002,0.114862944
0.1804,0.17867573853757626
0.18050000000000002,0.022619692964620464
0.1806,0.19984926022363472
0.1807,0.12837417450290825
0.18080000000000002,0.08244076
0.1809,0.095407799
0.18100000000000002,-0.204503759
0.1811,-0.273080937
0.1812,-0.154190464
0.18130000000000002,-0.226158281
0.1814,-0.245717637
0.18150000000000002,-0.311518855
0.1816,-0.217139111
0.1817,-0.172900846
0.18180000000000002,-0.170290195
0.1819,-0.179980819
0.182,-0.271907307
0.1821,0.013942346098343578
0.1822,0.09965582
0.18230000000000002,0.091352381
0.1824,-0.008693157
0.1825,0.11870749254362203
0.1826,0.11704480885865834
0.1827,0.13753321446446914
0.18280000000000002,-0.1086314
0.1829,-0.119697883
0.183,-0.111052788
0.1831,-0.235662206
0.1832,-0.393182159
0.18330000000000002,-0.322833055
0.1834,-0.34625245
0.1835,-0.40360925
0.1836,-0.391781836
0.1837,-0.41030857
0.18380000000000002,-0.235956343
0.1839,-0.379555756
0.184,-0.301901133
0.1841,-0.201635195
0.1842,-0.086029575
0.18430000000000002,-0.241658244
0.1844,-0.208235889
0.1845,-0.26677541
0.18460000000000001,-0.121244799
0.1847,-0.252226892
0.18480000000000002,-0.248444709
0.1849,-0.231371846
0.185,-0.408430199
0.18510000000000001,-0.411599839
0.1852,-0.521163356
0.18530000000000002,-0.499218661
0.1854,-0.555071982
0.1855,-0.670069742
0.18560000000000001,-0.630416149
0.1857,-0.517163468
0.18580000000000002,-0.537237807
0.1859,-0.637142232
0.186,-0.423697769
0.18610000000000002,-0.513806899
0.1862,-0.271100708
0.18630000000000002,-0.270861936
0.1864,-0.314236316
0.1865,-0.328209253
0.18660000000000002,-0.380545966
0.1867,-0.35128649
0.18680000000000002,-0.492897109
0.1869,-0.513638441
0.187,-0.538095827
0.18710000000000002,-0.728221244
0.1872,-0.801999887
0.18730000000000002,-0.90621704
0.1874,-0.937984729
0.1875,-1.022663784
0.18760000000000002,-0.822009999
0.1877,-0.721075113
0.18780000000000002,-0.721313108
0.1879,-0.923458048
0.188,-0.687343304
0.18810000000000002,-0.583491926
0.1882,-0.691742055
0.1883,-0.61647373
0.1884,-0.770389516
0.1885,-0.592134352
0.18860000000000002,-0.721767485
0.1887,-0.662446849
0.1888,-0.860782841
0.1889,-0.761318997
0.189,-0.797571379
0.18910000000000002,-1.016834558
0.1892,-1.113584098
0.1893,-1.251896063
0.1894,-1.14150289
0.1895,-1.188692786
0.18960000000000002,-1.268452953
0.1897,-1.091513864
0.1898,-1.13108456
0.1899,-1.136745142
0.19,-1.044365792
0.19010000000000002,-0.863362636
0.1902,-0.855691236
0.1903,-0.880426471
0.1904,-0.802153655
0.1905,-0.944542353
0.19060000000000002,-0.868344513
0.1907,-0.896721905
0.1908,-0.999186032
0.19090000000000001,-0.991030479
0.191,-1.158278965
0.19110000000000002,-1.12468534
0.1912,-1.184539193
0.1913,-1.513400762
0.19140000000000001,-1.219926361
0.1915,-1.575077201
0.19160000000000002,-1.376692172
0.1917,-1.22249747
0.1918,-1.290773052
0.19190000000000002,-1.331620475
0.192,-1.24428032
0.19210000000000002,-1.016646969
0.1922,-1.200142477
0.1923,-0.914780497
0.19240000000000002,-0.983564838
0.1925,-1.066758532
0.19260000000000002,-1.029331548
0.1927,-1.093516699
0.1928,-0.987651621
0.19290000000000002,-1.054184206
0.193,-1.311695363
0.19310000000000002,-1.267334599
0.1932,-1.358433357
0.1933,-1.228213825
0.19340000000000002,-1.465668598
0.1935,-1.236154119
0.19360000000000002,-1.353892276
0.1937,-1.411779632
0.1938,-1.32424133
0.19390000000000002,-1.273390893
0.194,-1.243856247
0.19410000000000002,-1.066397901
0.1942,-1.109835312
0.1943,-1.134627172
0.19440000000000002,-0.954476595
0.1945,-1.050325381
0.19460000000000002,-0.967312781
0.1947,-0.999002615
0.1948,-1.030418218
0.19490000000000002,-0.846073147
0.195,-1.052593856
0.1951,-1.087913811
0.1952,-1.293525375
0.1953,-1.235579651
0.19540000000000002,-1.181539104
0.1955,-1.277101281
0.1956,-1.098790803
0.1957,-1.224832649
0.1958,-1.092377501
0.19590000000000002,-1.045210545
0.196,-0.90750938
0.1961,-0.893749328
0.1962,-0.791619588
0.1963,-0.727323945
0.19640000000000002,-0.721055981
0.1965,-0.595543339
0.1966,-0.606466381
0.1967,-0.642004095
0.1968,-0.694148064
0.19690000000000002,-0.631881094
0.197,-0.756013187
0.1971,-0.802832606
0.19720000000000001,-0.804640775
0.1973,-0.700129697
0.19740000000000002,-0.94972671
0.1975,-0.768582254
0.1976,-0.949381036
0.19770000000000001,-0.729355543
0.1978,-0.553386741
0.19790000000000002,-0.561144804
0.198,-0.501091826
0.1981,-0.473802066
0.19820000000000002,-0.346489658
0.1983,-0.300399172
0.19840000000000002,-0.289970498
0.1985,-0.215532088
0.1986,-0.161084197
0.19870000000000002,-0.241363024
0.1988,-0.263170403
0.19890000000000002,-0.337503448
0.199,-0.233332411
0.1991,-0.256725657
0.19920000000000002,-0.311398909
0.1993,-0.270674205
0.19940000000000002,-0.342873666
0.1995,-0.301850284
0.1996,-0.27256146
0.19970000000000002,-0.249170961
0.1998,-0.213410238
0.19990000000000002,0.088627727
0.2,-0.036156078
0.2001,0.035234265
0.20020000000000002,0.20566527724789446
0.2003,0.26199611246971066
0.20040000000000002,0.18448513072702488
0.2005,0.4230254188570295
0.2006,0.3423675106544864
0.20070000000000002,0.25901335683757076
0.2008,0.42503447367882613
0.20090000000000002,0.35040556365399766
0.201,0.16342705371563604
0.2011,0.3708586007108944
0.20120000000000002,0.2513716470361699
0.2013,0.17916996895370102
0.20140000000000002,0.30417219463503065
0.2015,0.20508586147112384
0.2016,0.22484572383309825
0.20170000000000002,0.2274101373212592
0.2018,0.39552146896795476
0.2019,0.4670943459914556
0.202,0.5159162438684872
0.2021,0.5370393775422687
0.20220000000000002,0.6897877554491095
0.2023,0.7411534926565516
0.2024,0.6912493975200097
0.2025,0.7124258176744479
0.2026,0.8877104837960952
0.20270000000000002,0.6277055666466265
0.2028,0.8294488191519946
0.2029,0.7400501784421157
0.203,0.8418061763211788
0.2031,0.6561271596493811
0.20320000000000002,0.712470135
0.2033,0.603161872
0.2034,0.6346373027855904
0.20350000000000001,0.6932977706554839
0.2036,0.6253005027770988
0.20370000000000002,0.7881579288724117
0.2038,0.6904522672860036
0.2039,0.8660775497069348
0.20400000000000001,0.9944662108187996
0.2041,1.0511294135310236
0.20420000000000002,1.2227838006453366
0.2043,1.0675417765043989
0.2044,1.0611038906548675
0.20450000000000002,1.1155921588588715
0.2046,1.2515987193666247
0.20470000000000002,1.2230964347373932
0.2048,1.1595940441088768
0.2049,1.0177069276667485
0.20500000000000002,1.1184561646528846
0.2051,0.9081738128041767
0.20520000000000002,1.0534368985029605
0.2053,1.1548694575658969
0.2054,0.9364560035572257
0.20550000000000002,0.9527455356609488
0.2056,0.8846736957601546
0.20570000000000002,0.8153808094549545
0.2058,0.9633845192697942
0.2059,0.9865524303111234
0.20600000000000002,1.0261264089650393
0.2061,1.347050180793629
0.20620000000000002,1.2918883962360126
0.2063,1.3491998856817735
0.2064,1.326506907908446
0.20650000000000002,1.350662761224546
0.2066,1.4348247228574749
0.20670000000000002,1.329107653268948
0.2068,1.331834019
0.2069,1.2193668861321891
0.20700000000000002,1.1467902409610273
0.2071,1.0002252979689847
0.20720000000000002,0.8987297119896778
0.2073,0.9912138000458038
0.2074,0.9872020773819035
0.20750000000000002,0.8684765029898749
0.2076,0.9763986805014887
0.20770000000000002,1.0093999898573902
0.2078,0.8739414744230116
0.2079,1.0255894559727246
0.20800000000000002,1.1893624660963613
0.2081,1.2452902942732071
0.2082,1.1730961210660882
0.2083,1.3172011568853952
0.2084,1.409200828352098
0.20850000000000002,1.3934324320257887
0.2086,1.307527954
0.2087,1.2425898661529928
0.2088,1.178340335880069
0.2089,1.202896579748404
0.20900000000000002,1.1114526064777928
0.2091,1.0762194664434725
0.2092,0.9721490164133929
0.2093,0.9740088070967763
0.2094,0.8785015240856692
0.20950000000000002,0.9144444937877415
0.2096,0.9213478785460725
0.2097,0.8056622553304688
0.20980000000000001,0.7592746679928248
0.2099,1.072546427765163
0.21000000000000002,1.0205326984569825
0.2101,0.9135273940396139
0.2102,1.0379813692114472
0.21030000000000001,1.1895053075650603
0.2104,1.1219972534491591
0.21050000000000002,1.1012003574235136
0.2106,1.232260357
0.2107,0.9956312481306844
0.21080000000000002,0.9587780226448829
0.2109,0.9710910874816973
0.21100000000000002,0.9107687871282159
0.2111,0.8444550979411917
0.2112,0.8087856503960743
0.21130000000000002,0.6943039396791257
0.2114,0.6758334217470193
0.21150000000000002,0.5927365047436238
0.2116,0.6147739361929333
0.2117,0.6331922584744591
0.21180000000000002,0.672405108
0.2119,0.7590636182817146
0.21200000000000002,0.7897433325483701
0.2121,0.7969086491560003
0.2122,0.7706093442053925
0.21230000000000002,0.8712019774865857
0.2124,0.8781548792805792
0.21250000000000002,0.8918466854810456
0.2126,1.0293489339167554
0.2127,0.7687659788564861
0.21280000000000002,0.786487589
0.2129,0.7687536856836573
0.21300000000000002,0.6156907292850887
0.2131,0.7195116397513839
0.2132,0.43299171232115524
0.21330000000000002,0.4314955438974276
0.2134,0.2999189261381273
0.21350000000000002,0.312665902
0.2136,0.3573418667116105
0.2137,0.42049416848849147
0.21380000000000002,0.4096293404770618
0.2139,0.5277672373628274
0.21400000000000002,0.468549989
0.2141,0.49881178498801704
0.2142,0.7850267650215068
0.21430000000000002,0.6322019514901202
0.2144,0.5593654846014898
0.21450000000000002,0.5591739454118866
0.2146,0.5176678342669142
0.2147,0.6279133547110632
0.21480000000000002,0.4680661394985524
0.2149,0.44029139856269417
0.215,0.3520260872314965
0.2151,0.3428014942246003
0.2152,0.14994117308958904
0.21530000000000002,0.076716644
0.2154,0.1418042011790867
0.2155,0.15183387189787606
0.2156,0.1300147337824273
0.2157,0.057112092454363744
0.21580000000000002,0.21054468416676506
0.2159,0.1430051622963026
0.216,0.21319238000624857
0.21610000000000001,0.23198409980651657
0.2162,0.4583113261418867
0.21630000000000002,0.4402858211659177
0.2164,0.45774809992922993
0.2165,0.5104231949414147
0.21660000000000001,0.6175573208531469
0.2167,0.21926426954320546
0.21680000000000002,0.24472582416434005
0.2169,0.19096100540551503
0.217,0.10276898191771316
0.21710000000000002,0.015374856841151724
0.2172,0.014570361010636686
0.21730000000000002,-0.110156212
0.2174,-0.021399043
0.2175,-0.060668075
0.21760000000000002,-0.023195944
0.2177,0.000830568
0.21780000000000002,0.046323022
0.2179,0.017723835598695538
0.218,0.2729836282832598
0.21810000000000002,0.17786903117761982
0.2182,0.060009998045074314
0.21830000000000002,0.16732189366643396
0.2184,0.1310471653660579
0.2185,0.27593545927916957
0.21860000000000002,0.24958737468353168
0.2187,0.18811487667737842
0.21880000000000002,0.3369688605966126
0.2189,0.15909285699471398
0.219,0.10636638592472306
0.21910000000000002,-0.093034933
0.2192,-0.159196869
0.21930000000000002,-0.125474782
0.2194,-0.147845879
0.2195,-0.324797892
0.21960000000000002,-0.185711977
0.2197,-0.146509091
0.21980000000000002,-0.125334906
0.2199,-0.12216108
0.22,-0.043162815
0.22010000000000002,0.042941111754689745
0.2202,0.11538697510442722
0.22030000000000002,0.19601818443086835
0.2204,0.2577559118732898
0.2205,0.15274514915405615
0.22060000000000002,0.12519395435629507
0.2207,0.16343167615548682
0.22080000000000002,0.1281328707147526
0.2209,-0.016186981
0.221,0.014952961148315257
0.22110000000000002,-0.0368074
0.2212,-0.072759854
0.22130000000000002,-0.08332326
0.2214,-0.328645084
0.2215,-0.273436832
0.22160000000000002,-0.269385189
0.2217,-0.255357839
0.2218,-0.260949812
0.22190000000000001,-0.277959502
0.222,-0.0958778
0.22210000000000002,-0.109065003
0.2222,0.008797005
0.2223,-0.023735775
0.22240000000000001,-0.02629443
0.2225,0.08354781
0.22260000000000002,0.060276154
0.2227,0.059170472
0.2228,0.13632649517837375
0.22290000000000001,-0.079398354
0.223,-0.13202801
0.22310000000000002,-0.326459918
0.2232,-0.406748546
0.2233,-0.229376002
0.22340000000000002,-0.466423763
0.2235,-0.494161807
0.22360000000000002,-0.412476544
0.2237,-0.396827491
0.2238,-0.426419179
0.22390000000000002,-0.331898239
0.224,-0.156565414
0.22410000000000002,-0.266993525
0.2242,-0.267839696
0.2243,-0.046460901
0.22440000000000002,-0.064028396
0.2245,-0.153398619
0.22460000000000002,-0.250433778
0.2247,-0.222332296
0.2248,-0.222057055
0.22490000000000002,-0.191028334
0.225,-0.440033339
0.22510000000000002,-0.436863991
0.2252,-0.44320475
0.2253,-0.743489193
0.22540000000000002,-0.510379334
0.2255,-0.709311092
0.22560000000000002,-0.590364369
0.2257,-0.580928288
0.2258,-0.481941045
0.22590000000000002,-0.481311317
0.226,-0.666330453
0.22610000000000002,-0.489820389
0.2262,-0.373045343
0.2263,-0.368388234
0.22640000000000002,-0.299218295
0.2265,-0.277638556
0.22660000000000002,-0.315147247
0.2267,-0.422710402
0.2268,-0.610941817
0.22690000000000002,-0.56892253
0.227,-0.574541124
0.22710000000000002,-0.770512501
0.2272,-0.70220249
0.2273,-0.737996337
0.22740000000000002,-0.842677551
0.2275,-1.121494548
0.22760000000000002,-0.982643371
0.2277,-0.714893144
0.2278,-0.879062446
0.22790000000000002,-0.952102747
0.228,-0.646511887
0.2281,-0.696191986
0.22820000000000001,-0.566802018
0.2283,-0.60243283
0.22840000000000002,-0.573073341
0.2285,-0.584432506
0.2286,-0.580883642
0.22870000000000001,-0.496223214
0.2288,-0.6582061
0.22890000000000002,-0.931174801
0.229,-0.843799471
0.2291,-0.862861708
0.22920000000000001,-0.926414227
0.2293,-1.113542618
0.22940000000000002,-1.026994252
0.2295,-1.067945879
0.2296,-0.938570005
0.22970000000000002,-1.187755503
0.2298,-1.135678975
0.22990000000000002,-1.07517579
0.23,-1.039217772
0.2301,-1.020268659
0.23020000000000002,-1.124940232
0.2303,-0.904800344
0.23040000000000002,-0.822133412
0.2305,-0.891127144
0.2306,-0.716103627
0.23070000000000002,-0.907437626
0.2308,-0.858316787
0.23090000000000002,-1.004953513
0.231,-1.029731704
0.2311,-1.143131673
0.23120000000000002,-1.119185124
0.2313,-1.275552823
0.23140000000000002,-1.275461161
0.2315,-1.301959961
0.2316,-1.350471087
0.23170000000000002,-1.272126727
0.2318,-1.086639215
0.23190000000000002,-1.235957351
0.232,-1.123224163
0.2321,-0.998177113
0.23220000000000002,-0.955201852
0.2323,-1.004162471
0.23240000000000002,-1.169827766
0.2325,-0.93003068
0.2326,-1.160240283
0.23270000000000002,-0.894543774
0.2328,-1.043391727
0.23290000000000002,-1.03280451
0.233,-1.246331363
0.2331,-1.359247828
0.23320000000000002,-1.268518154
0.2333,-1.334382898
0.23340000000000002,-1.396983934
0.2335,-1.357719545
0.2336,-1.129833826
0.23370000000000002,-1.252062835
0.2338,-1.186099506
0.23390000000000002,-1.141746434
0.234,-1.023529804
0.2341,-1.089189783
0.23420000000000002,-1.175982973
0.2343,-0.975284766
0.23440000000000003,-0.85916362
0.23450000000000001,-0.983680916
0.2346,-0.921249188
0.23470000000000002,-0.981615963
0.2348,-0.840558592
0.2349,-0.946193634
0.23500000000000001,-1.004983532
0.2351,-1.057815387
0.23520000000000002,-1.154393452
0.2353,-1.167458097
0.2354,-1.29357808
0.23550000000000001,-1.370054326
0.2356,-1.15942934
0.23570000000000002,-1.102697701
0.2358,-0.972727045
0.2359,-0.872619549
0.23600000000000002,-0.795055154
0.2361,-0.92235201
0.23620000000000002,-0.7981293
0.2363,-0.670006794
0.2364,-0.459752586
0.23650000000000002,-0.515942912
0.2366,-0.535985678
0.23670000000000002,-0.665938015
0.2368,-0.730367368
0.2369,-0.632491986
0.23700000000000002,-0.825199349
0.2371,-0.797371731
0.23720000000000002,-0.822198213
0.2373,-0.708423665
0.2374,-0.870873998
0.23750000000000002,-1.025310777
0.2376,-0.757571771
0.23770000000000002,-0.802659144
0.2378,-0.675982885
0.2379,-0.607174662
0.23800000000000002,-0.536638152
0.2381,-0.365738862
0.23820000000000002,-0.471602624
0.2383,-0.321595285
0.2384,-0.172369337
0.23850000000000002,-0.241468821
0.2386,-0.305659227
0.23870000000000002,-0.126501231
0.2388,-0.108820287
0.2389,-0.23228359
0.23900000000000002,-0.421458061
0.2391,-0.243873938
0.23920000000000002,-0.462722775
0.2393,-0.323183902
0.2394,-0.420900183
0.23950000000000002,-0.425998301
0.2396,-0.332221256
0.23970000000000002,-0.256511564
0.2398,-0.222481151
0.2399,-0.04140822
0.24000000000000002,-0.03568555
0.2401,0.16691975159788092
0.24020000000000002,0.19343834462337367
0.2403,0.18604318271840792
0.2404,0.22759326382926925
0.24050000000000002,0.20141145456813492
0.2406,0.37316173091190297
0.24070000000000003,0.3195208406747166
0.24080000000000001,0.14015610228543673
0.2409,0.25749432810476414
0.24100000000000002,0.19250769073107377
0.2411,0.3547381808639244
0.2412,0.062445569
0.24130000000000001,0.064677594
0.2414,0.26575226163374943
0.24150000000000002,0.30088309136186925
0.2416,0.16749373474337614
0.2417,0.2296672807782889
0.24180000000000001,0.398272266
0.2419,0.24279812484991647
0.24200000000000002,0.36584633791687016
0.2421,0.5777796137836241
0.2422,0.8033846124061389
0.24230000000000002,0.7118789884641857
0.2424,0.8060022863575644
0.24250000000000002,0.9208739475855083
0.2426,1.0110489921535684
0.2427,0.789708754
0.24280000000000002,0.8116690390964155
0.2429,0.9240612407698443
0.24300000000000002,0.6153705057554666
0.2431,0.777811102
0.2432,0.5782461549800335
0.24330000000000002,0.6431127683770602
0.2434,0.6061279267146795
0.24350000000000002,0.5577099201257852
0.2436,0.5836568058704045
0.2437,0.7305466872528248
0.24380000000000002,0.8495912437075406
0.2439,0.8321312260471668
0.24400000000000002,0.9262640856944332
0.2441,1.044020339491085
0.2442,0.9917387086654522
0.24430000000000002,1.187792322562288
0.2444,1.2369832785275354
0.24450000000000002,1.403429071
0.2446,1.1686749787979887
0.2447,1.146616055862403
0.24480000000000002,1.2129307810629792
0.2449,1.1730718251082852
0.24500000000000002,1.014299808916418
0.2451,0.9738971808618115
0.2452,1.004011398970262
0.24530000000000002,0.8600676444559359
0.2454,0.874297193
0.24550000000000002,0.9132643061978076
0.2456,1.0037775720575812
0.2457,0.9118299858475257
0.24580000000000002,0.8642113113497618
0.2459,0.9206562521975707
0.24600000000000002,1.0411337297417544
0.2461,1.104207967977989
0.2462,1.2576905341043412
0.24630000000000002,1.2237144669448379
0.2464,1.2950083003384512
0.24650000000000002,1.302565577021457
0.2466,1.3224200394104872
0.2467,1.4374949692864256
0.24680000000000002,1.342334311582509
0.2469,1.2363375831818668
0.24700000000000003,1.1372803697731422
0.24710000000000001,1.0781198186872878
0.2472,1.0831693545752188
0.24730000000000002,1.0588722779992963
0.2474,0.9100729415344024
0.24750000000000003,0.9742853663757167
0.24760000000000001,0.8166271042112185
0.2477,1.0220368875518007
0.24780000000000002,1.1073940542644607
0.2479,1.0763939385806176
0.248,1.302103514288716
0.24810000000000001,1.143826520126668
0.2482,1.2827853476023336
0.24830000000000002,1.3016593331121429
0.2484,1.3193844369277894
0.2485,1.3221208218661373
0.24860000000000002,1.3237192196463112
0.2487,1.3478646706960267
0.24880000000000002,1.338906793528805
0.2489,1.1652909775552944
0.249,1.1610695744001145
0.24910000000000002,0.9697257902539713
0.2492,1.0228755475817959
0.24930000000000002,0.847548369
0.2494,0.9581869163361023
0.2495,1.0285206666886657
0.24960000000000002,0.8419153458790315
0.2497,0.6946209064838642
0.24980000000000002,0.860080357
0.2499,1.0476170100271478
0.25,1.0442461429620034
0.2501,1.0705993535732892
0.25020000000000003,1.1757803974653485
0.2503,1.166511639315351
0.2504,1.241789414935883
0.2505,1.2157191651008081
0.2506,1.2419258439760752
0.25070000000000003,1.108117906553868
0.2508,1.0950510433847767
0.2509,0.9296100036309687
0.251,0.831415528
0.2511,0.9412890664274685
0.25120000000000003,0.7531829809363699
0.2513,0.7428080952935922
0.2514,0.6465819077848505
0.2515,0.5665519934152399
0.2516,0.6106367033405828
0.25170000000000003,0.7394690454915956
0.2518,0.6996164629181529
0.2519,0.5603425808966401
0.252,0.7281121214666735
0.2521,0.9359547923403521
0.25220000000000004,0.8182356740526769
0.2523,0.7217499815028373
0.2524,1.0318402129060376
0.2525,0.9309835598810194
0.2526,0.847225881
0.25270000000000004,0.7809543822531972
0.2528,0.8392926223363215
0.2529,0.6399180482860138
0.253,0.6997110901184354
0.2531,0.5758596530755745
0.25320000000000004,0.4828094096986518
0.2533,0.41720959053866896
0.2534,0.3498259427924304
0.2535,0.4244390905049049
0.2536,0.2681997273117258
0.25370000000000004,0.2230358333574669
0.2538,0.43325696358657784
0.2539,0.477537116
0.254,0.5145665058725574
0.2541,0.5580035369445693
0.25420000000000004,0.5430647261721688
0.2543,0.6636615558855894
0.2544,0.6132793581394121
0.2545,0.575745962
0.2546,0.5681309224489952
0.25470000000000004,0.7146389821445788
0.2548,0.3584182363663736
0.2549,0.47008544885383496
0.255,0.22277794697665598
0.2551,0.275623435
0.25520000000000004,0.18299050170794864
0.2553,-0.004039837
0.2554,0.15498342383925878
0.2555,0.073354084
0.2556,-0.064524359
0.25570000000000004,0.18903383804409307
0.2558,0.2711463910385723
0.2559,0.3217239838476838
0.256,0.2836319868412817
0.2561,0.3111850328704505
0.25620000000000004,0.4604711879214063
0.25630000000000003,0.5242027847109366
0.2564,0.5000341261049646
0.2565,0.33532327307163473
0.2566,0.4086529692512521
0.25670000000000004,0.39116364939932957
0.25680000000000003,0.15902659312112669
0.2569,0.27780386490913106
0.257,0.35267389778667513
0.2571,0.1527764099135077
0.25720000000000004,0.15641565265038107
0.25730000000000003,0.001805264
0.2574,-0.054059898
0.2575,-0.03430223
0.2576,-0.126944369
0.2577,-0.116889723
0.25780000000000003,0.099386838
0.2579,0.15738393797392938
0.258,0.024003650825583145
0.2581,0.2365544462233441
0.2582,0.20205198020658274
0.25830000000000003,0.27469663928696875
0.2584,0.30710489564308974
0.2585,0.3540967263970081
0.2586,0.2659492487568616
0.2587,0.3384018921335006
0.25880000000000003,0.20084779878538006
0.2589,0.1651089688661193
0.259,-0.01838249
0.2591,0.15414366680526356
0.2592,-0.041679284
0.25930000000000003,-0.071379428
0.2594,-0.290341315
0.2595,-0.242109129
0.2596,-0.07225672
0.2597,-0.124683568
0.25980000000000003,-0.261225352
0.2599,0.025973347078179665
0.26,-0.043502624
0.2601,0.16999520611063332
0.2602,0.10109611892731504
0.26030000000000003,0.16401139270846818
0.2604,0.2656037817645535
0.2605,0.10449352936786324
0.2606,0.082258705
0.2607,0.1126993486409044
0.26080000000000003,0.14543910137157606
0.2609,-0.087921126
0.261,-0.181721285
0.2611,-0.049276553
0.2612,-0.224333037
0.26130000000000003,-0.256967014
0.2614,-0.407876625
0.2615,-0.328867034
0.2616,-0.270892788
0.2617,-0.173081725
0.26180000000000003,-0.270707192
0.2619,-0.026524452
0.262,-0.158056638
0.2621,-0.102243895
0.2622,0.12490613077704998
0.26230000000000003,0.05670452
0.2624,0.017516259328462742
0.2625,0.052393291
0.2626,0.15644831842511175
0.2627,0.13012414021060642
0.26280000000000003,-0.10388606
0.2629,-0.104976221
0.263,-0.163622005
0.2631,-0.319154221
0.2632,-0.308250755
0.26330000000000003,-0.355576529
0.2634,-0.301328623
0.2635,-0.314052279
0.2636,-0.435685382
0.2637,-0.406728349
0.26380000000000003,-0.301075274
0.2639,-0.354315458
0.264,-0.207824259
0.2641,-0.209546555
0.2642,-0.233897783
0.26430000000000003,-0.198415328
0.2644,0.012352547
0.2645,-0.116270847
0.2646,0.007367911
0.2647,-0.203853328
0.26480000000000004,-0.194384284
0.2649,-0.092867964
0.265,-0.441697721
0.2651,-0.581927561
0.2652,-0.394289112
0.26530000000000004,-0.619132535
0.2654,-0.594738737
0.2655,-0.661588503
0.2656,-0.595470986
0.2657,-0.676705836
0.26580000000000004,-0.583103163
0.2659,-0.489400041
0.266,-0.556811925
0.2661,-0.483044772
0.2662,-0.41189238
0.26630000000000004,-0.467095078
0.2664,-0.371232033
0.2665,-0.331284158
0.2666,-0.395787301
0.2667,-0.427278526
0.26680000000000004,-0.464826989
0.2669,-0.584943507
0.267,-0.552565571
0.2671,-0.56839847
0.2672,-0.789854899
0.26730000000000004,-0.771851943
0.2674,-0.871996282
0.2675,-0.847153171
0.2676,-0.75513394
0.2677,-0.825095513
0.26780000000000004,-0.977212586
0.2679,-0.757051638
0.268,-0.646702579
0.2681,-0.714988127
0.2682,-0.575546472
0.26830000000000004,-0.679798767
0.2684,-0.728601205
0.2685,-0.602179724
0.2686,-0.777200844
0.2687,-0.697599331
0.26880000000000004,-0.632939226
0.26890000000000003,-0.957528688
0.269,-0.981892136
0.2691,-1.036742749
0.2692,-1.02769588
0.26930000000000004,-1.108671563
0.26940000000000003,-1.008258897
0.2695,-1.065817405
0.2696,-1.104749564
0.2697,-1.116104939
0.26980000000000004,-1.063628547
0.26990000000000003,-1.119644854
0.27,-0.931423172
0.2701,-1.03803054
0.2702,-0.837096032
0.27030000000000004,-0.775132986
0.27040000000000003,-0.834812889
0.2705,-0.865766441
0.2706,-0.838909329
0.2707,-1.137429161
0.27080000000000004,-0.937418454
0.27090000000000003,-1.034935466
0.271,-1.099894538
0.2711,-1.108948396
0.2712,-1.234669408
0.2713,-1.37124452
0.27140000000000003,-1.326463031
0.2715,-1.325862157
0.2716,-1.318213537
0.2717,-1.291571763
0.2718,-1.182240591
0.27190000000000003,-1.30120836
0.272,-1.142725318
0.2721,-0.995605053
0.2722,-1.185191035
0.2723,-0.99072805
0.27240000000000003,-1.02598695
0.2725,-1.001023737
0.2726,-1.055066942
0.2727,-1.025702809
0.2728,-0.909649188
0.27290000000000003,-1.21393286
0.273,-1.267731272
0.2731,-1.339201996
0.2732,-1.151185041
0.2733,-1.368681799
0.27340000000000003,-1.359711793
0.2735,-1.396715083
0.2736,-1.426782527
0.2737,-1.337636931
0.2738,-1.073399906
0.27390000000000003,-1.097895712
0.274,-1.210121801
0.2741,-1.022178121
0.2742,-1.07812389
0.2743,-1.102307286
0.27440000000000003,-0.842541604
0.2745,-0.813289457
0.2746,-0.823455732
0.2747,-0.963863604
0.2748,-0.974062991
0.27490000000000003,-0.946168951
0.275,-1.025787098
0.2751,-1.139034489
0.2752,-1.280939257
0.2753,-1.174152584
0.27540000000000003,-1.112442543
0.2755,-1.290946031
0.2756,-1.12033508
0.2757,-1.102093586
0.2758,-1.009456349
0.27590000000000003,-0.928568374
0.276,-0.976212252
0.2761,-0.971866874
0.2762,-0.81262966
0.2763,-0.637303353
0.27640000000000003,-0.705665272
0.2765,-0.689874314
0.2766,-0.771245478
0.2767,-0.494703175
0.2768,-0.593654306
0.27690000000000003,-0.634012938
0.277,-0.659728417
0.2771,-0.732160154
0.2772,-0.832562285
0.2773,-0.84895776
0.27740000000000004,-0.876703363
0.2775,-0.619391545
0.2776,-0.753454381
0.2777,-0.783841431
0.2778,-0.642153625
0.27790000000000004,-0.681107799
0.278,-0.394381295
0.2781,-0.481851636
0.2782,-0.308886599
0.2783,-0.194955936
0.27840000000000004,-0.196310886
0.2785,-0.184784439
0.2786,-0.176090523
0.2787,-0.184500946
0.2788,-0.244803737
0.27890000000000004,-0.264642648
0.279,-0.146223183
0.2791,-0.309034449
0.2792,-0.392795446
0.2793,-0.389191652
0.27940000000000004,-0.261873422
0.2795,-0.279162628
0.2796,-0.25204212
0.2797,-0.262449455
0.2798,-0.125075494
0.27990000000000004,-0.139989372
0.28,-0.020769123
0.2801,0.16608884085549092
0.2802,0.2408867056853934
0.2803,0.1632949715700373
0.28040000000000004,0.22842633830317913
0.2805,0.3419073307170024
0.2806,0.4879936666561161
0.2807,0.19464263129731585
0.2808,0.35219837969616063
0.28090000000000004,0.19026805140044964
0.281,0.2138439335894211
0.2811,0.1995297
0.2812,0.16502719009193323
0.2813,0.13728198303097508
0.28140000000000004,0.1775312550154127
0.28150000000000003,0.14952159343430554
0.2816,0.11009577905309628
0.2817,0.34262371560483745
0.2818,0.40920320719528186
0.28190000000000004,0.4964200534073915
0.28200000000000003,0.3914830729762032
0.2821,0.6241517380584172
0.2822,0.7334716755803661
0.2823,0.6642412300423473
0.28240000000000004,0.7986612028733234
0.28250000000000003,0.8208694741555579
0.2826,0.989870266
0.2827,0.9898163148117697
0.2828,0.6798674655286879
0.28290000000000004,0.977810984
0.28300000000000003,0.6639283900785191
0.2831,0.7740584799278757
0.2832,0.737351236
0.2833,0.5552597608614647
0.28340000000000004,0.6649988740138206
0.28350000000000003,0.6257481486405982
0.2836,0.7066513604536669
0.2837,0.726887322
0.2838,0.8656552562841309
0.28390000000000004,0.8485420857539654
0.28400000000000003,0.9072251074416753
0.2841,1.0860115528323797
0.2842,1.115899887695181
0.2843,1.1871619934349078
0.2844,1.1182688969820622
0.28450000000000003,1.111517945026609
0.2846,1.1533455425825434
0.2847,1.1335968891414032
0.2848,1.2143094528293272
0.2849,1.1856222156188498
0.28500000000000003,1.0446963580239579
0.2851,1.1206237165221589
0.2852,1.0701984834140295
0.2853,0.9457462970267583
0.2854,0.8413885701080623
0.28550000000000003,1.032127016763176
0.2856,0.9192210891895221
0.2857,0.9702910908563698
0.2858,0.9844336662636752
0.2859,1.0028008234952317
0.28600000000000003,1.0243956206530265
0.2861,1.2598908513185711
0.2862,1.2073873104822102
0.2863,1.5635873775523925
0.2864,1.2643428105151433
0.28650000000000003,1.2639018498215129
0.2866,1.3984717655274006
0.2867,1.4540397010819568
0.2868,1.2945456769835397
0.2869,1.280826623574785
0.28700000000000003,1.0266786788229079
0.2871,1.0585775075617836
0.2872,0.9710603786480538
0.2873,0.8605350841352933
0.2874,0.992040761
0.28750000000000003,0.7919406961977428
0.2876,0.8733809924172665
0.2877,0.962124281
0.2878,0.9799192480316654
0.2879,1.1305121089076378
0.28800000000000003,1.181227769949709
0.2881,1.285829495596391
0.2882,1.325580812995091
0.2883,1.3957903359943193
0.2884,1.3272547783225321
0.28850000000000003,1.3555439473718507
0.2886,1.3560719133990875
0.2887,1.2913605070102099
0.2888,1.1969123498334775
0.2889,1.1388755943684628
0.28900000000000003,1.0304396167599554
0.2891,1.059596492348092
0.2892,0.9540778974368809
0.2893,0.8554537910180479
0.2894,0.8179545359030901
0.28950000000000004,0.7548374982745838
0.2896,0.9299893642157204
0.2897,0.8763137993109981
0.2898,0.8349021901766308
0.2899,1.013750819252148
0.29000000000000004,0.9551640952164566
0.2901,0.9381662155183128
0.2902,1.1767847121264827
0.2903,1.0847876050101777
0.2904,1.1116594727230888
0.29050000000000004,1.1454596725969783
0.2906,1.2115969455803137
0.2907,1.0810172031106833
0.2908,0.9267009211736623
0.2909,0.9976903298068233
0.29100000000000004,0.8407332146229525
0.2911,0.955781573
0.2912,0.7357970290707384
0.2913,0.49961481019271936
0.2914,0.6652719044044051
0.29150000000000004,0.7690410688696493
0.2916,0.7358316950176247
0.2917,0.7710658671706997
0.2918,0.5736164421452739
0.2919,0.7702326253532237
0.29200000000000004,0.6875721148138505
0.2921,0.8113144408773492
0.2922,0.7335032287014989
0.2923,0.814231816
0.2924,0.8262965662831459
0.29250000000000004,0.9482765815073992
0.2926,0.916884439
0.2927,0.8328133794862456
0.2928,0.6446707545085667
0.2929,0.6583455655881489
0.29300000000000004,0.5481612575217049
0.2931,0.6020580907531613
0.2932,0.557489644
0.2933,0.4900792529943089
0.2934,0.30340583217620876
0.29350000000000004,0.12162523110499954
0.2936,0.19607020202946387
0.2937,0.46652000175045577
0.2938,0.35200135860957954
0.2939,0.3669800799548272
0.29400000000000004,0.6075600371465423
0.29410000000000003,0.626598063
0.2942,0.5706638541927412
0.2943,0.5771906922496379
0.2944,0.606355911
0.29450000000000004,0.6328880702627243
0.29460000000000003,0.7210860099349945
0.2947,0.5867852001815066
0.2948,0.5552986455731542
0.2949,0.5236440092358072
0.29500000000000004,0.26353270110459026
0.29510000000000003,0.3446710529872403
0.2952,0.19411520014736958
0.2953,-0.038525189
0.2954,-0.046393147
0.29550000000000004,0.02230772
0.29560000000000003,0.1459100070220257
0.2957,0.13097235600936605
0.2958,0.17109523337349622
0.2959,0.3585895150788807
0.29600000000000004,0.15338830240037968
0.29610000000000003,0.3053057134495839
0.2962,0.3785735000748373
0.2963,0.33071024856065534
0.2964,0.41161476948155146
0.29650000000000004,0.2826503345232675
0.29660000000000003,0.5053378783760486
0.2967,0.30147319365357794
0.2968,0.46630796381679995
0.2969,0.2376570662260935
0.29700000000000004,0.2530788369402507
0.29710000000000003,0.097317287
0.2972,0.0360831
0.2973,-0.059550261
0.2974,-0.038672518
0.2975,-0.039364045
0.29760000000000003,-0.124418918
0.2977,-0.049791261
0.2978,-0.050725436
0.2979,0.23156967611378076
0.298,0.096113694
0.29810000000000003,0.2827331139947616
0.2982,0.19335899179045068
0.2983,0.2682549646505164
0.2984,0.1645782787566576
0.2985,0.23878288159763603
0.29860000000000003,0.2761745662709354
0.2987,0.3524692389861166
0.2988,0.19385339381868638
0.2989,0.22587185596401388
0.299,0.099536846
0.29910000000000003,0.1116430531060234
0.2992,-0.083988655
0.2993,0.062798595
0.2994,-0.200518146
0.2995,-0.237609914
0.29960000000000003,-0.268091643
0.2997,0.038847115897815226
0.2998,-0.042567167
0.2999,-0.083819506
0.3,0.099921816
0.30010000000000003,0.11210522204994508
0.3002,0.26541317092565997
0.3003,0.023808231207622294
0.3004,0.1500586068120779
0.3005,0.13929125632081024
0.30060000000000003,0.003791836
0.3007,0.21324539865511027
0.3008,0.057633552937626537
0.3009,0.07771955
0.301,0.1405032377374062
0.30110000000000003,-0.143433722
0.3012,-0.20978701
0.3013,-0.216095799
0.3014,-0.180352004
0.3015,-0.319885731
0.30160000000000003,-0.320764332
0.3017,-0.162936812
0.3018,-0.178717632
0.3019,-0.322692803
0.302,-0.2013235
0.30210000000000004,0.072502319
0.3022,0.034071789
0.3023,-0.021187967
0.3024,0.048045465
0.3025,0.065862875
0.30260000000000004,0.1070611010441557
0.3027,-0.095833157
0.3028,-0.105818537
0.3029,-0.079745056
0.303,-0.178821318
0.30310000000000004,-0.194506278
0.3032,-0.402156542
0.3033,-0.327432064
0.3034,-0.305218691
0.3035,-0.371700797
0.30360000000000004,-0.398219691
0.3037,-0.397282786
0.3038,-0.42100675
0.3039,-0.313260269
0.304,-0.154139003
0.30410000000000004,-0.212036317
0.3042,-0.227530216
0.3043,-0.161248158
0.3044,-0.087344125
0.3045,-0.133638249
0.30460000000000004,-0.085036154
0.3047,-0.120934926
0.3048,-0.146562046
0.3049,-0.170397344
0.305,-0.277438083
0.30510000000000004,-0.504841526
0.3052,-0.569499079
0.3053,-0.559049524
0.3054,-0.629176256
0.3055,-0.705781185
0.30560000000000004,-0.652259352
0.3057,-0.638623974
0.3058,-0.622455776
0.3059,-0.550648426
0.306,-0.381871146
0.30610000000000004,-0.411099006
0.3062,-0.186357028
0.3063,-0.339149189
0.3064,-0.360632416
0.3065,-0.34045725
0.30660000000000004,-0.343304027
0.30670000000000003,-0.37074809
0.3068,-0.29709795
0.3069,-0.600109667
0.307,-0.539126892
0.30710000000000004,-0.666656672
0.30720000000000003,-0.878392287
0.3073,-0.749011899
0.3074,-0.751417024
0.3075,-0.944966271
0.30760000000000004,-0.881111012
0.30770000000000003,-1.003816618
0.3078,-0.93604394
0.3079,-0.709528923
0.308,-0.782644998
0.30810000000000004,-0.785964672
0.30820000000000003,-0.636840428
0.3083,-0.666382519
0.3084,-0.647423805
0.3085,-0.554327163
0.30860000000000004,-0.729621375
0.30870000000000003,-0.750846867
0.3088,-0.723560207
0.3089,-0.727194872
0.309,-0.780479568
0.30910000000000004,-1.007385107
0.30920000000000003,-0.947640134
0.3093,-1.142145603
0.3094,-0.97409306
0.3095,-1.232866953
0.30960000000000004,-1.038093095
0.30970000000000003,-1.180274253
0.3098,-0.934027213
0.3099,-1.003380607
0.31,-1.081281322
0.31010000000000004,-0.990846078
0.31020000000000003,-0.841431695
0.3103,-0.785812832
0.3104,-0.857339304
0.3105,-0.848096734
0.3106,-0.810265879
0.31070000000000003,-0.897963817
0.3108,-1.0650795
0.3109,-1.090905068
0.311,-1.077034693
0.3111,-1.068232404
0.31120000000000003,-1.099409301
0.3113,-1.217665618
0.3114,-1.292167556
0.3115,-1.271361484
0.3116,-1.380748318
0.31170000000000003,-1.31678379
0.3118,-1.331320572
0.3119,-1.314225005
0.312,-1.130097434
0.3121,-1.083958364
0.31220000000000003,-0.991409916
0.3123,-0.961410838
0.3124,-0.959745128
0.3125,-0.926837573
0.3126,-0.98609699
0.31270000000000003,-0.979107441
0.3128,-1.115041189
0.3129,-1.083201957
0.313,-1.120689057
0.3131,-1.288621744
0.31320000000000003,-1.285231937
0.3133,-1.381582824
0.3134,-1.399781204
0.3135,-1.454486796
0.3136,-1.249966703
0.31370000000000003,-1.233570065
0.3138,-1.227064686
0.3139,-1.051485709
0.314,-1.157026431
0.3141,-0.831443056
0.31420000000000003,-1.029804422
0.3143,-0.939782407
0.3144,-0.95592471
0.3145,-0.87631084
0.3146,-0.840290718
0.31470000000000004,-0.935387695
0.3148,-0.818583344
0.3149,-0.987018252
0.315,-1.03546795
0.3151,-1.180263307
0.31520000000000004,-1.117933585
0.3153,-1.193984778
0.3154,-1.247422492
0.3155,-1.25725692
0.3156,-0.95769476
0.31570000000000004,-1.149695102
0.3158,-1.186027044
0.3159,-1.054184131
0.316,-0.92478046
0.3161,-0.79877676
0.31620000000000004,-0.725564376
0.3163,-0.654304374
0.3164,-0.713893785
0.3165,-0.607115613
0.3166,-0.695622208
0.31670000000000004,-0.684486418
0.3168,-0.733128116
0.3169,-0.790675725
0.317,-0.652009689
0.3171,-0.723207887
0.31720000000000004,-0.734882747
0.3173,-0.832711587
0.3174,-0.780353598
0.3175,-0.971073958
0.3176,-0.728880342
0.31770000000000004,-0.732567809
0.3178,-0.629224599
0.3179,-0.569836422
0.318,-0.593706245
0.3181,-0.548809291
0.31820000000000004,-0.405937767
0.3183,-0.235040764
0.3184,-0.171885057
0.3185,-0.301777421
0.3186,-0.25544264
0.31870000000000004,-0.237844513
0.31880000000000003,-0.227252262
0.3189,-0.33764804
0.319,-0.378354554
0.3191,-0.366098342
0.31920000000000004,-0.323031438
0.31930000000000003,-0.442335392
0.3194,-0.359167357
0.3195,-0.248526933
0.3196,-0.401010834
0.31970000000000004,-0.25836342
0.31980000000000003,-0.088963953
0.3199,-0.121965953
0.32,-0.045893575
0.3201,0.18158414700863956
0.32020000000000004,0.14644832505417824
0.32030000000000003,0.3302073612625747
0.3204,0.3311856858260231
0.3205,0.30578358625914226
0.3206,0.3882783191303629
0.32070000000000004,0.37352380556251524
0.32080000000000003,0.41160237021070745
0.3209,0.2564838748971167
0.321,0.26788689841400026
0.3211,0.22376271912191248
0.32120000000000004,0.2549997088980563
0.32130000000000003,0.097971323
0.3214,0.2583128540443253
0.3215,0.22964834053838473
0.3216,0.12173836395077561
0.32170000000000004,0.3768951726414576
0.32180000000000003,0.5277008802872043
0.3219,0.5091128261695129
0.322,0.6289006140554181
0.3221,0.6070679963798747
0.32220000000000004,0.5464729735367637
0.32230000000000003,0.5992077594241277
0.3224,0.818333907
0.3225,0.7828125011619883
0.3226,0.769332111
0.32270000000000004,0.8308368971332631
0.32280000000000003,0.8622628000240125
0.3229,0.662076219
0.323,0.7012362381483628
0.3231,0.8163942710313236
0.32320000000000004,0.573688327
0.32330000000000003,0.7044958739819981
0.3234,0.5867589895827785
0.3235,0.6780143489698793
0.3236,0.750091161
0.32370000000000004,0.7677360794713525
0.32380000000000003,0.8426808656316325
0.3239,0.7503826396296192
0.324,1.0097478095350658
0.3241,0.9301109650170022
0.3242,1.0902315517521939
0.32430000000000003,1.1492766168490374
0.3244,1.210245635472331
0.3245,1.2220955016232957
0.3246,1.131258515760781
0.3247,1.0752732070122035
0.32480000000000003,1.2212014057340186
0.3249,1.1224102577968396
0.325,1.1490569284631933
0.3251,1.0025715602811982
0.3252,0.8483077830586723
0.32530000000000003,1.0035647581950315
0.3254,0.8775102630586126
0.3255,0.9334571614020105
0.3256,0.8723057229934348
0.3257,1.0917420119605765
0.32580000000000003,0.9414768823775702
0.3259,1.0469896692705423
0.326,1.1504826712940168
0.3261,1.121886799267012
0.3262,1.2965009570809305
0.32630000000000003,1.447777717430064
0.3264,1.3119917242686618
0.3265,1.3961038733425588
0.3266,1.1377058373952535
0.3267,1.3285802867257963
0.32680000000000003,1.2643351215539635
0.3269,1.169567421766947
0.327,1.2606785097898823
0.3271,1.0866789366872143
0.3272,1.0427514380115683
0.32730000000000004,0.981963322
0.3274,0.829337072
0.3275,0.8808079907204215
0.3276,1.056044148593874
0.3277,0.8363037330677485
0.32780000000000004,0.9851168869384989
0.3279,1.066821824227894
0.328,1.296271103980818
0.3281,1.2758138971612492
0.3282,1.2208164722138142
0.32830000000000004,1.4088864086146666
0.3284,1.2681669846831753
0.3285,1.4119945796052378
0.3286,1.2064406375717236
0.3287,1.3658885977620876
0.32880000000000004,1.1961972029891392
0.3289,1.0831906578403132
0.329,1.0784727995802654
0.3291,1.0480546803329223
0.3292,0.9220192369216328
0.32930000000000004,0.9528239715486081
0.3294,0.8242946107559308
0.3295,0.9012991880117157
0.3296,0.8870598218796669
0.3297,0.8651505413718146
0.32980000000000004,0.868615607
0.3299,0.9611902629452075
0.33,1.0440202994426668
0.3301,1.215630197897803
0.3302,1.1702405627327923
0.33030000000000004,1.205834560160745
0.3304,1.3914523755286181
0.3305,1.1834419491104717
0.3306,1.1589612886620395
0.3307,1.1357354257871406
0.33080000000000004,0.9419130130582112
0.3309,0.9186680385643167
0.331,0.8390388512285277
0.3311,0.8565567733715069
0.3312,0.7219526418528701
0.33130000000000004,0.6894755240625543
0.33140000000000003,0.723679076
0.3315,0.6825253045851625
0.3316,0.5968203916906943
0.3317,0.5709899163199061
0.33180000000000004,0.746019236
0.33190000000000003,0.7591717281478909
0.332,0.6168311325291679
0.3321,0.768318974
0.3322,0.8485806599619856
0.33230000000000004,0.9280946542112604
0.33240000000000003,0.9532044216674194
0.3325,0.8991046391900281
0.3326,0.899646712
0.3327,0.8157987453300296
0.33280000000000004,0.6987963328985429
0.33290000000000003,0.662375569
0.333,0.6093698710883559
0.3331,0.5297096902161321
0.3332,0.3123890233042034
0.33330000000000004,0.3737697393174482
0.33340000000000003,0.3683198379766951
0.3335,0.31827828153570203
0.3336,0.31768125023894195
0.3337,0.39182915316823563
0.33380000000000004,0.2977851787912913
0.33390000000000003,0.29679467229996553
0.334,0.4482936304047144
0.3341,0.5865144198152946
0.3342,0.7037121995980622
0.33430000000000004,0.6632331986623323
0.33440000000000003,0.49946290749026545
0.3345,0.5961256672415909
0.3346,0.6136129779159469
0.3347,0.5671950955964131
0.33480000000000004,0.540360687
0.33490000000000003,0.3567384847933232
0.335,0.3623022281906214
0.3351,0.3179079279714246
0.3352,0.2837343767846108
0.33530000000000004,0.098304974
0.33540000000000003,0.096247867
0.3355,-0.112548285
0.3356,0.053695191328384864
0.3357,0.079915199
0.33580000000000004,0.074779136
0.33590000000000003,0.21576300848257948
0.336,0.2504398370255481
0.3361,0.12676327157808154
0.3362,0.37145929579387654
0.33630000000000004,0.3153461674205989
0.33640000000000003,0.44820374661015516
0.3365,0.30809818143172585
0.3366,0.39494590407652724
0.3367,0.3333492915451029
0.33680000000000004,0.32804410143054247
0.33690000000000003,0.2502307943515898
0.337,0.15042141770661782
0.3371,-0.021320268
0.3372,-0.079634031
0.3373,-0.05953887
0.33740000000000003,-0.048864823
0.3375,-0.113463777
0.3376,-0.011661283
0.3377,-0.062125381
0.3378,-0.079118545
0.33790000000000003,0.025348847105584334
0.338,0.12136094297790223
0.3381,0.18510531936501085
0.3382,0.35927910881451997
0.3383,0.19399920612745306
0.33840000000000003,0.2644091115610487
0.3385,0.30863860469261684
0.3386,0.25745795587173603
0.3387,0.18553948083024802
0.3388,0.052154197497059865
0.33890000000000003,0.074307462
0.339,-0.037617676
0.3391,-0.156677589
0.3392,-0.142919585
0.3393,-0.21218656
0.33940000000000003,-0.114983526
0.3395,-0.12820562
0.3396,-0.243597759
0.3397,-0.168453148
0.3398,-0.256782386
0.33990000000000004,-0.096637043
0.34,0.031918552
0.3401,0.12308487840963367
0.3402,0.051079207
0.3403,0.23178324666902178
0.34040000000000004,0.050032062
0.3405,0.076482743
0.3406,0.2184593992965567
0.3407,0.2621089205578074
0.3408,0.11873983645660546
0.34090000000000004,0.015321663128396577
0.341,-0.223893217
0.3411,-0.276969992
0.3412,-0.165742009
0.3413,-0.254233946
0.34140000000000004,-0.347798607
0.3415,-0.269306082
0.3416,-0.261076895
0.3417,-0.171958684
0.3418,-0.198080596
0.34190000000000004,-0.060842992
0.342,-0.102652634
0.3421,-0.05682335
0.3422,0.087062502
0.3423,-0.038487562
0.34240000000000004,0.2868340339106779
0.3425,0.094824539
0.3426,0.078668772
0.3427,0.054835593
0.3428,0.11162831189150249
0.34290000000000004,-0.038180924
0.343,-0.29923903
0.3431,-0.127977381
0.3432,-0.331067677
0.3433,-0.347429952
0.34340000000000004,-0.494885699
0.3435,-0.36855012
0.3436,-0.461458573
0.3437,-0.381598527
0.3438,-0.376946579
0.34390000000000004,-0.153499358
0.34400000000000003,-0.096334648
0.3441,-0.198792983
0.3442,-0.15122768
0.3443,-0.151743828
0.34440000000000004,-0.014931645
0.34450000000000003,-0.130070719
0.3446,-0.157567399
0.3447,-0.084474998
0.3448,-0.260744628
0.34490000000000004,-0.287302504
0.34500000000000003,-0.483611644
0.3451,-0.373767173
0.3452,-0.341946968
0.3453,-0.495289776
0.34540000000000004,-0.476138294
0.34550000000000003,-0.682403217
0.3456,-0.598018066
0.3457,-0.676115733
0.3458,-0.5869292
0.34590000000000004,-0.463608349
0.34600000000000003,-0.468001565
0.3461,-0.540049331
0.3462,-0.489304082
0.3463,-0.463282958
0.34640000000000004,-0.298110947
0.34650000000000003,-0.175676318
0.3466,-0.254826726
0.3467,-0.557247222
0.3468,-0.349548781
0.34690000000000004,-0.457571997
0.34700000000000003,-0.731474572
0.3471,-0.70753285
0.3472,-0.665062675
0.3473,-0.76663312
0.34740000000000004,-0.957554514
0.34750000000000003,-0.827532787
0.3476,-1.05139635
0.3477,-0.883614051
0.3478,-0.744302881
0.34790000000000004,-0.791899752
0.34800000000000003,-0.785246682
0.3481,-0.626112733
0.3482,-0.577217112
0.3483,-0.519786349
0.34840000000000004,-0.539810678
0.34850000000000003,-0.526963262
0.3486,-0.578050022
0.3487,-0.657175358
0.3488,-0.728725887
0.34890000000000004,-0.823728433
0.34900000000000003,-0.976521856
0.3491,-1.03060509
0.3492,-1.04519145
0.3493,-1.060098047
0.34940000000000004,-1.0049248
0.34950000000000003,-1.145509049
0.3496,-1.064093297
0.3497,-1.041410112
0.3498,-1.113602673
0.34990000000000004,-1.003111049
0.35000000000000003,-1.019482243
0.3501,-0.843296128
0.3502,-0.853058725
0.3503,-0.965263086
0.3504,-0.838760085
0.35050000000000003,-0.719820424
0.3506,-0.885432604
0.3507,-0.872690489
0.3508,-0.917928804
0.3509,-1.108796978
0.35100000000000003,-1.054987653
0.3511,-1.276977809
0.3512,-1.278737823
0.3513,-1.193970134
0.3514,-1.286610314
0.35150000000000003,-1.35562482
0.3516,-1.291691369
0.3517,-1.309332693
0.3518,-1.264383834
0.3519,-1.161780114
0.35200000000000004,-1.214970774
0.3521,-1.095572516
0.3522,-1.07140357
0.3523,-1.131948055
0.3524,-1.05279313
0.35250000000000004,-0.84591039
0.3526,-0.951904477
0.3527,-1.118025816
0.3528,-1.180177987
0.3529,-1.121751543
0.35300000000000004,-1.04926755
0.3531,-1.249987881
0.3532,-1.18481854
0.3533,-1.303540161
0.3534,-1.319960632
0.35350000000000004,-1.471350089
0.3536,-1.276226863
0.3537,-1.345619442
0.3538,-1.201011999
0.3539,-1.274394984
0.35400000000000004,-1.127722827
0.3541,-1.045823813
0.3542,-1.023924734
0.3543,-0.92783426
0.3544,-0.945414243
0.35450000000000004,-0.958021665
0.3546,-0.778701241
0.3547,-0.842358154
0.3548,-1.021590112
0.3549,-0.960674651
0.35500000000000004,-1.11652109
0.3551,-1.202318263
0.3552,-1.068708756
0.3553,-1.31959057
0.3554,-1.124614841
0.35550000000000004,-1.215356753
0.3556,-1.188359559
0.3557,-1.095836824
0.3558,-1.022972306
0.3559,-1.064433868
0.35600000000000004,-0.863236984
0.3561,-0.833440479
0.3562,-0.870432481
0.3563,-0.722023497
0.3564,-0.551802639
0.35650000000000004,-0.500223264
0.35660000000000003,-0.568149574
0.3567,-0.730142458
0.3568,-0.620462845
0.3569,-0.627535744
0.35700000000000004,-0.679089809
0.35710000000000003,-0.71550048
0.3572,-0.783954931
0.3573,-0.841649619
0.3574,-0.891167613
0.35750000000000004,-0.982005647
0.35760000000000003,-0.770756002
0.3577,-0.731853168
0.3578,-0.6347873
0.3579,-0.707241781
0.35800000000000004,-0.463140498
0.35810000000000003,-0.264602501
0.3582,-0.342697423
0.3583,-0.285167372
0.3584,-0.202372181
0.35850000000000004,-0.029755077
0.35860000000000003,-0.258846511
0.3587,-0.163729104
0.3588,-0.262640451
0.3589,-0.272444351
0.35900000000000004,-0.268557638
0.35910000000000003,-0.192565659
0.3592,-0.185852496
0.3593,-0.312036473
0.3594,-0.380030655
0.35950000000000004,-0.133792049
0.35960000000000003,-0.331072813
0.3597,-0.287538632
0.3598,-0.312939935
0.3599,0.023182843675375445
0.36000000000000004,0.077459647
0.36010000000000003,0.2819289247534751
0.3602,0.059782623
0.3603,0.35850142384443506
0.3604,0.3024792960051384
0.36050000000000004,0.3976991758359517
0.36060000000000003,0.2180809053942009
0.3607,0.4653343902680662
0.3608,0.3928530846370701
0.3609,0.29723871514342576
0.36100000000000004,0.3161994280843443
0.36110000000000003,0.16744434940688868
0.3612,0.15231265072032174
0.3613,0.1429100891136871
0.3614,0.028736461250079753
0.36150000000000004,0.2612827183010317
0.36160000000000003,0.322419859
0.3617,0.22412661462191272
0.3618,0.3768296750989748
0.3619,0.4077228706352147
0.36200000000000004,0.54100375
0.36210000000000003,0.5500321065548001
0.3622,0.6087193546288081
0.3623,0.8309033863994184
0.3624,0.792817696
0.36250000000000004,0.9919395218486745
0.36260000000000003,0.8462030106748496
0.3627,0.7617703886227414
0.3628,0.9111712471099893
0.3629,0.8287608361941057
0.36300000000000004,0.795296277
0.36310000000000003,0.7908526706911145
0.3632,0.6074876940612581
0.3633,0.6247347142899753
0.3634,0.6118214639876868
0.3635,0.531091125
0.36360000000000003,0.6412177480704186
0.3637,0.8153438947426856
0.3638,0.7889351457580258
0.3639,0.7348252160746607
0.364,0.7961878800625718
0.36410000000000003,1.131508498887661
0.3642,1.0622426896860708
0.3643,1.0768241054331191
0.3644,1.1495164895709922
0.3645,1.0769543471930936
0.36460000000000004,1.3126109260036787
0.3647,1.1518183649889813
0.3648,1.2608056335561781
0.3649,1.1116756287511285
0.365,1.171469339152061
0.36510000000000004,1.0266857549396482
0.3652,1.0289795449423371
0.3653,0.9838018274017672
0.3654,0.957003197
0.3655,0.9339316429829455
0.36560000000000004,0.9054744199825545
0.3657,1.1134326504677292
0.3658,0.9390471095045364
0.3659,1.074328660986472
0.366,1.1430776450948412
0.36610000000000004,1.241456645701457
0.3662,1.2357015831223686
0.3663,1.3440045836798078
0.3664,1.337721290307907
0.3665,1.237936246424989
0.36660000000000004,1.3584248511788712
0.3667,1.243649396122142
0.3668,1.1506276434321807
0.3669,1.2459970956149673
0.367,1.2131931395812054
0.36710000000000004,1.1549142745854821
0.3672,1.1023232935406269
0.3673,0.8575316304558697
0.3674,0.8738009877898485
0.3675,1.129248620871672
0.36760000000000004,0.8953799688980943
0.3677,1.0539670673090829
0.3678,0.9914671051744915
0.3679,1.105173247872485
0.368,1.1061210184156118
0.36810000000000004,1.2592488882911568
0.3682,1.276332044
0.3683,1.2686621309538624
0.3684,1.2433944807487958
0.3685,1.3526885311059182
0.36860000000000004,1.2181333133221393
0.3687,1.3142264545885896
0.3688,1.4388066873497665
0.3689,1.273484601216618
0.369,1.1533121195779483
0.36910000000000004,1.0190185621360053
0.36920000000000003,0.8064989012034003
0.3693,0.8027247793969691
0.3694,0.9735575499372718
0.3695,0.7884889100872249
0.36960000000000004,0.7957418890636169
0.36970000000000003,0.8567723476937258
0.3698,0.8189624910347528
0.3699,0.8509255005198648
0.37,0.9959620741774621
0.37010000000000004,0.9793639093055543
0.37020000000000003,1.0358054426066616
0.3703,1.0652600820836986
0.3704,1.1861602170465406
0.3705,1.1235952157294213
0.37060000000000004,1.1059040503255937
0.37070000000000003,1.1271698916260842
0.3708,1.0112671226066325
0.3709,0.9319198680012448
0.371,0.9171684210095236
0.37110000000000004,0.8582034826785424
0.37120000000000003,0.724120727
0.3713,0.6848662720742492
0.3714,0.5741394882532763
0.3715,0.5446186020356756
0.37160000000000004,0.6712898720913344
0.37170000000000003,0.6601848890737305
0.3718,0.6916211320491005
0.3719,0.719728782
0.372,0.7490279400579541
0.37210000000000004,0.8490842401898198
0.37220000000000003,0.9101481238825081
0.3723,0.9386865172568326
0.3724,0.8723340687965463
0.3725,0.9873515774887037
0.37260000000000004,0.8711037638840977
0.37270000000000003,0.8612578965450324
0.3728,0.7752714992197806
0.3729,0.7030372569028518
0.373,0.5489904169371174
0.37310000000000004,0.5885920972851951
0.37320000000000003,0.6908584072522825
0.3733,0.3755848001286202
0.3734,0.3695029629635576
0.3735,0.3050914597403833
0.37360000000000004,0.29838556175492364
0.37370000000000003,0.4763458017533597
0.3738,0.330264072
0.3739,0.3891116115467151
0.374,0.3491477877731039
0.37410000000000004,0.4647763294117763
0.37420000000000003,0.4320359650028984
0.3743,0.6512073154717105
0.3744,0.840899786
0.3745,0.585380743
0.37460000000000004,0.4597415927901991
0.37470000000000003,0.6249877793968966
0.3748,0.4390623262156031
0.3749,0.5340501549544632
0.375,0.33454445736336696
0.37510000000000004,0.2337368464627076
0.37520000000000003,0.2034440960606546
0.3753,0.22338456789860844
0.3754,0.10566676614410833
0.3755,0.064019153
0.37560000000000004,0.08750562
0.37570000000000003,0.020119976
0.3758,0.18810842498298777
0.3759,0.059575909
0.376,0.21938575523989196
0.37610000000000005,0.3682511984907505
0.37620000000000003,0.3784625208843533
0.3763,0.43683774372263523
0.3764,0.4041449760574147
0.3765,0.5042259757288606
0.3766,0.4665213167356519
0.37670000000000003,0.39169363819583464
0.3768,0.3779996128195958
0.3769,0.3002888964917639
0.377,0.13567747064058172
0.3771,-0.005930396
0.37720000000000004,0.072171576
0.3773,0.030859224
0.3774,0.039035327069348674
0.3775,-0.139709643
0.3776,-0.134192722
0.37770000000000004,-0.002995687
0.3778,-0.007610886
0.3779,-0.103264378
0.378,0.13330080917287537
0.3781,0.010920708659889061
0.37820000000000004,0.13338825410520078
0.3783,0.35564646315653803
0.3784,0.4162777259128515
0.3785,0.17729617946930593
0.3786,0.23298046961478683
0.37870000000000004,0.2289987343556317
0.3788,0.31859292581111875
0.3789,0.075744711
0.379,0.010127795166358283
0.3791,0.10534899062591421
0.37920000000000004,-0.10924841
0.3793,-0.070643086
0.3794,-0.279857887
0.3795,-0.189991587
0.3796,-0.304055163
0.37970000000000004,-0.23206956
0.3798,-0.040986865
0.3799,-0.061082279
0.38,-0.025528459
0.3801,-0.002810123
0.38020000000000004,0.090470487
0.3803,0.17172391119487637
0.3804,0.2499207119941601
0.3805,-0.033718768
0.3806,0.095145556
0.38070000000000004,0.1411469216478632
0.3808,0.071356228
0.3809,0.050819153453296684
0.381,-0.026875294
0.3811,-0.139563656
0.38120000000000004,-0.218243027
0.38130000000000003,-0.245229052
0.3814,-0.167432405
0.3815,-0.333109324
0.3816,-0.275311942
0.38170000000000004,-0.232844576
0.38180000000000003,-0.084180704
0.3819,-0.183139203
0.382,-0.026587624
0.3821,0.050961801716577715
0.38220000000000004,-0.003182815
0.38230000000000003,0.02293019
0.3824,0.035353944
0.3825,0.04433809
0.3826,0.11654162106789664
0.38270000000000004,0.031308712820965326
0.38280000000000003,-0.019719429
0.3829,-0.191599397
0.383,-0.248233758
0.3831,-0.068779266
0.38320000000000004,-0.318022009
0.38330000000000003,-0.417984118
0.3834,-0.278057448
0.3835,-0.388101597
0.3836,-0.363096237
0.38370000000000004,-0.400655864
0.38380000000000003,-0.379712505
0.3839,-0.321067292
0.384,-0.365534525
0.3841,-0.209548229
0.38420000000000004,-0.132663251
0.38430000000000003,0.026168667925331818
0.3844,-0.096532224
0.3845,-0.290491292
0.3846,-0.131379251
0.38470000000000004,0.056397904
0.38480000000000003,-0.148371402
0.3849,-0.349153217
0.385,-0.30981826
0.3851,-0.489463475
0.38520000000000004,-0.605520924
0.38530000000000003,-0.580857355
0.3854,-0.585760112
0.3855,-0.764487487
0.3856,-0.708856752
0.38570000000000004,-0.599836094
0.38580000000000003,-0.601361811
0.3859,-0.493800366
0.386,-0.57332068
0.3861,-0.36990895
0.38620000000000004,-0.478802482
0.38630000000000003,-0.221371099
0.3864,-0.474687817
0.3865,-0.428192223
0.3866,-0.330433721
0.38670000000000004,-0.272429746
0.38680000000000003,-0.438031413
0.3869,-0.487455397
0.387,-0.606447624
0.3871,-0.765388597
0.38720000000000004,-0.791915536
0.38730000000000003,-0.907620579
0.3874,-0.955123707
0.3875,-0.844252246
0.3876,-0.970250541
0.38770000000000004,-0.840223956
0.38780000000000003,-0.939485243
0.3879,-0.769660647
0.388,-0.784426284
0.3881,-0.584731191
0.38820000000000005,-0.629299745
0.38830000000000003,-0.525726893
0.3884,-0.670209809
0.3885,-0.608981778
0.3886,-0.715169679
0.38870000000000005,-0.711506069
0.38880000000000003,-0.756854945
0.3889,-0.862816313
0.389,-0.976772621
0.3891,-1.067261555
0.38920000000000005,-1.209810141
0.38930000000000003,-1.163921937
0.3894,-1.069990296
0.3895,-1.270045154
0.3896,-1.253821228
0.38970000000000005,-0.984483478
0.38980000000000004,-1.146006613
0.3899,-1.025002585
0.39,-0.948614628
0.3901,-0.896064909
0.3902,-1.02571133
0.39030000000000004,-0.88850916
0.3904,-0.981140238
0.3905,-0.655963968
0.3906,-0.998524143
0.3907,-0.992334909
0.39080000000000004,-1.04484718
0.3909,-1.145599984
0.391,-0.987636776
0.3911,-0.971675165
0.3912,-1.266747824
0.39130000000000004,-1.385661823
0.3914,-1.494104857
0.3915,-1.350795293
0.3916,-1.352717484
0.3917,-1.356629003
0.39180000000000004,-1.247680094
0.3919,-1.182711744
0.392,-1.130934694
0.3921,-1.124089418
0.3922,-1.134551861
0.39230000000000004,-0.951833137
0.3924,-0.978155569
0.3925,-0.900298304
0.3926,-0.919476298
0.3927,-1.125879718
0.39280000000000004,-1.171687414
0.3929,-1.173221689
0.393,-1.258663705
0.3931,-1.174627088
0.3932,-1.26127373
0.39330000000000004,-1.243759903
0.3934,-1.325941723
0.3935,-1.347800481
0.3936,-1.255250315
0.3937,-1.281246692
0.39380000000000004,-1.264611318
0.39390000000000003,-1.090825143
0.394,-1.132672304
0.3941,-1.098331298
0.3942,-1.078627929
0.39430000000000004,-0.903955838
0.39440000000000003,-0.825138434
0.3945,-0.910143877
0.3946,-0.802506662
0.3947,-1.083875586
0.39480000000000004,-0.965157202
0.39490000000000003,-1.009357788
0.395,-1.115266331
0.3951,-0.916834609
0.3952,-1.156708922
0.39530000000000004,-1.215881062
0.39540000000000003,-1.196686345
0.3955,-1.355364067
0.3956,-1.232225265
0.3957,-1.049957724
0.39580000000000004,-1.119783839
0.39590000000000003,-1.064636427
0.396,-0.815892982
0.3961,-0.73528977
0.3962,-0.72858886
0.39630000000000004,-0.744842925
0.39640000000000003,-0.681462645
0.3965,-0.698682845
0.3966,-0.7051193
0.3967,-0.718468298
0.39680000000000004,-0.70915575
0.39690000000000003,-0.778382296
0.397,-0.862242857
0.3971,-0.760744609
0.3972,-0.794248331
0.39730000000000004,-0.699793211
0.39740000000000003,-0.895965283
0.3975,-0.806482759
0.3976,-0.772910337
0.3977,-0.7670444
0.39780000000000004,-0.61984668
0.39790000000000003,-0.538219951
0.398,-0.488548945
0.3981,-0.449417285
0.3982,-0.377575843
0.39830000000000004,-0.389654459
0.39840000000000003,-0.291565792
0.3985,-0.242102641
0.3986,-0.266872431
0.3987,-0.144791741
0.39880000000000004,-0.102937628
0.39890000000000003,-0.301328968
0.399,-0.241915098
0.3991,-0.383080409
0.3992,-0.354325518
0.39930000000000004,-0.403114211
0.39940000000000003,-0.301751425
0.3995,-0.387514212
0.3996,-0.215935621
0.3997,-0.261505421
0.39980000000000004,-0.222912788
0.39990000000000003,-0.188768903
0.4,0.020256361
0.4001,0.16012195404225787
0.4002,0.19281019189482834
0.40030000000000004,0.4209542925592746
0.40040000000000003,0.4112514507334948
0.4005,0.3086089373145671
0.4006,0.32446088197799117
0.4007,0.3854635820136675
0.40080000000000005,0.2628902100964646
0.40090000000000003,0.39365458244892904
0.401,0.29351845481898164
0.4011,0.24920068635897796
0.4012,0.2536241509885555
0.40130000000000005,0.3178120488732251
0.40140000000000003,0.19063111836029797
0.4015,0.1832988090950399
0.4016,0.34778993970722394
0.4017,0.3576381798822865
0.40180000000000005,0.323295047
0.40190000000000003,0.42938102449829013
0.402,0.5303723059524239
0.4021,0.6291833214200745
0.4022,0.5708653790406935
0.40230000000000005,0.6233386268934069
0.40240000000000004,0.7269361412585531
0.4025,0.7529917303394786
0.4026,0.7909922923735164
0.4027,0.8866334832179683
0.40280000000000005,0.7995016444891037
0.40290000000000004,0.7940083914632439
0.403,0.6392021749674346
0.4031,0.6586732401480349
0.4032,0.7066920105085418
0.4033,0.6825111756629663
0.40340000000000004,0.5675715442516618
0.4035,0.6472838390922467
0.4036,0.8382127883616659
0.4037,0.7070257037720568
0.4038,0.7144931417630894
0.40390000000000004,0.8286091311532986
0.404,0.9280292015979176
0.4041,0.9862329437325523
0.4042,1.0669598344523645
0.4043,1.0131411781342972
0.40440000000000004,1.094425392755884
0.4045,1.1831921485727666
0.4046,1.1855418764409666
0.4047,1.1379674580070547
0.4048,1.1372524244509852
0.40490000000000004,1.112424680028437
0.405,1.128259857708543
0.4051,0.9982132561981558
0.4052,0.9926491883367043
0.4053,0.8829463596000059
0.40540000000000004,0.9529075697193763
0.4055,0.9361553086173209
0.4056,0.9933678375261845
0.4057,1.0172747121374586
0.4058,1.0587009181426668
0.40590000000000004,1.0661106569064038
0.406,1.1614819132417984
0.4061,1.2943420997101018
0.4062,1.217893429241709
0.4063,1.2685522569368923
0.40640000000000004,1.3657432089601766
0.40650000000000003,1.3977148230412588
0.4066,1.2917321483372144
0.4067,1.3257136176915134
0.4068,1.2818586024897862
0.40690000000000004,1.0578248207114915
0.40700000000000003,1.1565949530788895
0.4071,1.100193004589234
0.4072,1.0441262015532429
0.4073,1.1254118940973237
0.40740000000000004,0.8854184781417341
0.40750000000000003,0.9053971002302085
0.4076,0.7701810058387131
0.4077,0.9666264515242208
0.4078,1.014770630577683
0.40790000000000004,1.058001254624342
0.40800000000000003,1.245395541756203
0.4081,1.2831749977085056
0.4082,1.2716186523194521
0.4083,1.274876268562215
0.40840000000000004,1.4095034237718147
0.40850000000000003,1.3296859665196494
0.4086,1.2496892141320823
0.4087,1.1427280770201824
0.4088,1.1933827351151962
0.40890000000000004,1.2258424864894149
0.40900000000000003,1.2779673837898124
0.4091,1.0307959736504506
0.4092,0.90037067
0.4093,0.8137104744062749
0.40940000000000004,0.9150905131535014
0.40950000000000003,0.7105001123064616
0.4096,0.8957096650291333
0.4097,0.9354413142494882
0.4098,0.9388285480011104
0.40990000000000004,0.931494066
0.41000000000000003,1.0451952522837207
0.4101,1.0643613353695476
0.4102,1.032837021640093
0.4103,1.275788349965464
0.41040000000000004,1.116237049570952
0.41050000000000003,1.2042254550050373
0.4106,0.9267006651414632
0.4107,1.1815318904638716
0.4108,1.1401313908376731
0.41090000000000004,0.9565668724479397
0.41100000000000003,0.924234075
0.4111,0.8494288697225327
0.4112,0.684463921
0.4113,0.7221874344597583
0.41140000000000004,0.571992269
0.41150000000000003,0.5647726915971996
0.4116,0.6999135233909752
0.4117,0.702562139
0.4118,0.5986872168065149
0.41190000000000004,0.6385743261950338
0.41200000000000003,0.6936839497961428
0.4121,0.8519824542412052
0.4122,0.7553406405358272
0.4123,0.8943252879644333
0.41240000000000004,0.9401440469229783
0.41250000000000003,0.8693325230725426
0.4126,0.9336320050947113
0.4127,0.7863229875806094
0.4128,0.7355960198735102
0.41290000000000004,0.605097022
0.41300000000000003,0.6892247639667549
0.4131,0.4711623944592952
0.4132,0.4912166010768725
0.4133,0.3998631207417557
0.41340000000000005,0.27960074068062774
0.41350000000000003,0.29205962938229885
0.4136,0.44805693300312505
0.4137,0.3689224469146331
0.4138,0.3033697264458176
0.41390000000000005,0.45146431240396717
0.41400000000000003,0.464458091
0.4141,0.8017089795546519
0.4142,0.5915178637465209
0.4143,0.5702129517694233
0.41440000000000005,0.7305262417027394
0.41450000000000004,0.46743215300829993
0.4146,0.6006278399399099
0.4147,0.7125420858170011
0.4148,0.48792038018123174
0.41490000000000005,0.2914383169383241
0.41500000000000004,0.32543334403370516
0.4151,0.4006435448660536
0.4152,0.24776626822596765
0.4153,0.095653938
0.41540000000000005,0.069040992
0.41550000000000004,0.058981107
0.4156,0.1323079794589252
0.4157,0.22892408141723009
0.4158,0.24053973782337468
0.41590000000000005,0.2389950110327068
0.41600000000000004,0.14838389078457637
0.4161,0.20126578066482032
0.4162,0.3968788199468082
0.4163,0.28197441004906865
0.4164,0.39130326818941863
0.41650000000000004,0.43497831694490974
0.4166,0.3015378613650342
0.4167,0.27406137110731266
0.4168,0.29626626546908313
0.4169,0.2805470351414011
0.41700000000000004,0.2557560533414255
0.4171,0.1501457914310927
0.4172,0.044435134
0.4173,-0.072523495
0.4174,-0.133874992
0.41750000000000004,-0.105674108
0.4176,-0.028883391
0.4177,-0.012857811
0.4178,-0.169909685
0.4179,-0.015257612
0.41800000000000004,0.19965276020107736
0.4181,0.1654517456833817
0.4182,0.095648065
0.4183,0.43597764785556026
0.4184,0.26797206590308853
0.41850000000000004,0.30529540569213304
0.4186,0.29129377309140936
0.4187,0.19618129521652006
0.4188,0.11788887705887802
0.4189,0.284908226
0.41900000000000004,0.12853498657843368
0.41910000000000003,0.047205922037574996
0.4192,-0.033162142
0.4193,-0.208684614
0.4194,-0.059484035
0.41950000000000004,-0.24374358
0.41960000000000003,-0.148624472
0.4197,-0.27878605
0.4198,-0.271391681
0.4199,-0.031626551
0.42000000000000004,-0.064727941
0.42010000000000003,-0.102043558
0.4202,0.15137173345139043
0.4203,0.31724132
0.4204,0.2824522361636116
0.42050000000000004,0.15570753621497838
0.42060000000000003,0.1623940745812773
0.4207,0.1994357228154553
0.4208,0.16903551898869273
0.4209,-0.008933803
0.42100000000000004,-0.0455443
0.42110000000000003,-0.091125043
0.4212,-0.131784666
0.4213,-0.236235048
0.4214,-0.268938612
0.42150000000000004,-0.164162103
0.42160000000000003,-0.173525748
0.4217,-0.209319107
0.4218,-0.071480053
0.4219,-0.190030203
0.42200000000000004,0.026545719817767155
0.42210000000000003,-0.004195315
0.4222,0.2635996164024057
0.4223,-0.055610846
0.4224,0.006530617
0.42250000000000004,0.098307767
0.42260000000000003,0.079981156
0.4227,0.16883903337455292
0.4228,-0.092012581
0.4229,-0.029188035
0.42300000000000004,-0.077837511
0.42310000000000003,-0.183883186
0.4232,-0.380675658
0.4233,-0.243381653
0.4234,-0.294199386
0.42350000000000004,-0.36267952
0.42360000000000003,-0.393000815
0.4237,-0.371523457
0.4238,-0.360517522
0.4239,-0.256237571
0.42400000000000004,-0.252424683
0.42410000000000003,-0.270396034
0.4242,-0.240233228
0.4243,-0.182031291
0.4244,-0.085641569
0.42450000000000004,-0.105913596
0.42460000000000003,-0.106632913
0.4247,-0.122697376
0.4248,-0.267866375
0.4249,-0.167029288
0.42500000000000004,-0.378523647
0.42510000000000003,-0.464776559
0.4252,-0.458625424
0.4253,-0.699908622
0.4254,-0.656324983
0.42550000000000004,-0.536229222
0.42560000000000003,-0.755917763
0.4257,-0.511257004
0.4258,-0.447817031
0.4259,-0.554941694
0.42600000000000005,-0.452802192
0.42610000000000003,-0.337511083
0.4262,-0.421444889
0.4263,-0.283367802
0.4264,-0.391119057
0.42650000000000005,-0.378996064
0.42660000000000003,-0.427770303
0.4267,-0.37815663
0.4268,-0.370597331
0.4269,-0.547213065
0.42700000000000005,-0.709550509
0.42710000000000004,-0.769893266
0.4272,-0.721136514
0.4273,-0.663138488
0.4274,-0.821328909
0.42750000000000005,-0.907343883
0.42760000000000004,-0.819101585
0.4277,-0.884948168
0.4278,-0.86560224
0.4279,-0.870048017
0.42800000000000005,-0.63265577
0.42810000000000004,-0.900397067
0.4282,-0.591368521
0.4283,-0.661689119
0.4284,-0.64258533
0.42850000000000005,-0.478088033
0.42860000000000004,-0.693813194
0.4287,-0.732823182
0.4288,-0.746318146
0.4289,-0.771639864
0.42900000000000005,-0.914880855
0.42910000000000004,-1.080088884
0.4292,-1.091886146
0.4293,-0.976907511
0.4294,-1.114207665
0.4295,-1.106078288
0.42960000000000004,-1.165285097
0.4297,-1.18051518
0.4298,-0.960881373
0.4299,-1.065741614
0.43,-1.03546959
0.43010000000000004,-0.86137561
0.4302,-0.96171502
0.4303,-0.917602573
0.4304,-0.850862322
0.4305,-0.851647788
0.43060000000000004,-0.850165214
0.4307,-0.741174164
0.4308,-0.934699252
0.4309,-1.216111463
0.431,-1.069740373
0.43110000000000004,-1.162440598
0.4312,-1.225211893
0.4313,-1.260352186
0.4314,-1.31744508
0.4315,-1.335475563
0.43160000000000004,-1.278364714
0.43170000000000003,-1.347891777
0.4318,-1.341205021
0.4319,-0.97242308
0.432,-1.21404995
0.43210000000000004,-1.090787996
0.43220000000000003,-1.166074935
0.4323,-0.995782312
0.4324,-1.053814714
0.4325,-1.006764741
0.43260000000000004,-0.899077169
0.43270000000000003,-0.974377987
0.4328,-1.011476875
0.4329,-1.254474818
0.433,-1.027210859
0.43310000000000004,-1.330397735
0.43320000000000003,-1.167093639
0.4333,-1.249971113
0.4334,-1.311474049
0.4335,-1.43289123
0.43360000000000004,-1.33910151
0.43370000000000003,-1.356498592
0.4338,-1.267736229
0.4339,-1.229251166
0.434,-1.304975616
0.43410000000000004,-0.984241318
0.43420000000000003,-1.018090641
0.4343,-0.998981907
0.4344,-0.968928656
0.4345,-0.877420119
0.43460000000000004,-0.978640419
0.43470000000000003,-1.106688428
0.4348,-0.928150548
0.4349,-0.964621955
0.435,-1.073077327
0.43510000000000004,-1.199375722
0.43520000000000003,-1.144298668
0.4353,-1.300425189
0.4354,-1.280941762
0.4355,-1.255194802
0.43560000000000004,-1.103920705
0.43570000000000003,-1.157625798
0.4358,-1.105297523
0.4359,-0.841951013
0.436,-0.892458033
0.43610000000000004,-0.815390561
0.43620000000000003,-0.799524157
0.4363,-0.756143272
0.4364,-0.837217475
0.4365,-0.556851606
0.43660000000000004,-0.589672674
0.43670000000000003,-0.649248258
0.4368,-0.670689534
0.4369,-0.636713075
0.437,-0.861523254
0.43710000000000004,-0.82548733
0.43720000000000003,-0.903920206
0.4373,-0.694135889
0.4374,-0.772445771
0.4375,-1.006386217
0.43760000000000004,-0.919028273
0.43770000000000003,-0.757325049
0.4378,-0.717188584
0.4379,-0.706188862
0.438,-0.359160854
0.43810000000000004,-0.403962915
0.43820000000000003,-0.310988128
0.4383,-0.335595343
0.4384,-0.169310438
0.4385,-0.22277666
0.43860000000000005,-0.199622144
0.43870000000000003,-0.131105501
0.4388,-0.328987663
0.4389,-0.100921745
0.439,-0.249999276
0.43910000000000005,-0.197875981
0.43920000000000003,-0.415965325
0.4393,-0.421741054
0.4394,-0.442855094
0.4395,-0.313187345
0.43960000000000005,-0.29158979
0.43970000000000004,-0.279000705
0.4398,-0.252070027
0.4399,-0.189832183
0.44,-0.003878712
0.44010000000000005,0.051257539497091574
0.44020000000000004,0.11609593198323287
0.4403,0.3656149181366397
0.4404,0.2902824002804436
0.4405,0.43481459320608196
0.44060000000000005,0.3072429020679511
0.44070000000000004,0.3674699471587286
0.4408,0.3254936632300204
0.4409,0.1645417331648754
0.441,0.3788574775725911
0.44110000000000005,0.21787168492770886
0.44120000000000004,0.2583813151375228
0.4413,0.11982336040679925
0.4414,0.16376713965891712
0.4415,0.12299384997087055
0.44160000000000005,0.3259722484625043
0.44170000000000004,0.30514689439909004
0.4418,0.3783377159578672
0.4419,0.5376208403739168
0.442,0.6072491364292006
0.44210000000000005,0.661465689
0.44220000000000004,0.5656551793528395
0.4423,0.691083066
0.4424,0.7176162921378526
0.4425,0.8883735012704498
0.44260000000000005,0.8561503688313287
0.44270000000000004,0.7246156371603271
0.4428,0.7979164399542077
0.4429,0.6587678362049217
0.443,0.7328939287252205
0.4431,0.5631748160627217
0.44320000000000004,0.7020175970396828
0.4433,0.6651519890915536
0.4434,0.7781733299744573
0.4435,0.7021807113416612
0.4436,0.6284718196172662
0.44370000000000004,0.7738791455745115
0.44380000000000003,0.6581349869789186
0.4439,0.7655123140077813
0.444,0.9473064355617915
0.4441,0.8256664411679232
0.44420000000000004,1.0664953477117847
0.44430000000000003,1.0469958585197798
0.4444,1.1795403951750159
0.4445,1.108920058894705
0.4446,1.2327031650391689
0.44470000000000004,1.1848087938892489
0.44480000000000003,1.2634427846876028
0.4449,1.108082254323469
0.445,0.9956153567896586
0.4451,0.9863993265500479
0.44520000000000004,0.8531820201514647
0.44530000000000003,0.9587653640911339
0.4454,0.9543279315367321
0.4455,1.1036325677437537
0.4456,0.8743555980234372
0.44570000000000004,0.9387743092478879
0.44580000000000003,0.9655413863571614
0.4459,1.0909531456895258
0.446,1.172422017836612
0.4461,1.2049913978797036
0.44620000000000004,1.356965468143781
0.44630000000000003,1.269466518932264
0.4464,1.430122620955404
0.4465,1.4075722761113088
0.4466,1.3566982746864176
0.44670000000000004,1.3064996915040046
0.44680000000000003,1.4835119251265947
0.4469,1.1696865379004415
0.447,1.1979971263771043
0.4471,1.0527609055977796
0.44720000000000004,1.199799296868748
0.44730000000000003,1.083084858435049
0.4474,0.9284143517151511
0.4475,1.0123745054010767
0.4476,0.9997723274063727
0.44770000000000004,0.9637698038601744
0.44780000000000003,1.1070752522860192
0.4479,1.1299438600194416
0.448,1.1740372517083852
0.4481,1.210972019022165
0.44820000000000004,1.2998744737860415
0.44830000000000003,1.322876325764801
0.4484,1.332135716965257
0.4485,1.2799853220275095
0.4486,1.450652117
0.44870000000000004,1.1959943757510303
0.44880000000000003,1.2628987921372237
0.4489,1.1398517377315338
0.449,1.2366080701823465
0.4491,0.953588543
0.44920000000000004,0.9027780504228482
0.44930000000000003,0.8309222460080324
0.4494,0.8968113255250967
0.4495,0.7418253437317162
0.4496,0.813399777
0.44970000000000004,0.6978351199201107
0.44980000000000003,0.9231599000727277
0.4499,0.9090498105834993
0.45,0.88095546
0.4501,1.137535017917208
0.45020000000000004,0.9904735771181544
0.45030000000000003,1.191510859377717
0.4504,1.0882881340207617
0.4505,1.2702909812006844
0.4506,1.1801538508712053
0.45070000000000005,0.9987703901714403
0.45080000000000003,0.9492636870884362
0.4509,1.002622185895755
0.451,0.8585421421071272
0.4511,0.7912002546322632
0.45120000000000005,0.8376657157723171
0.45130000000000003,0.6185225401550059
0.4514,0.6439862084059705
0.4515,0.6898434689810163
0.4516,0.6744874710048473
0.45170000000000005,0.611820511
0.45180000000000003,0.6320847865075758
0.4519,0.558155197
0.452,0.6608320785795521
0.4521,0.8188400270499555
0.45220000000000005,0.8243088478853147
0.45230000000000004,0.8717824431268518
0.4524,0.9635365908429533
0.4525,0.7814063103710152
0.4526,0.8339324851669117
0.45270000000000005,0.8257646782126546
0.45280000000000004,0.6963716729470157
0.4529,0.7977948894183028
0.453,0.6805375202861794
0.4531,0.5556946963847502
0.45320000000000005,0.606773398
0.45330000000000004,0.28565678374301046
0.4534,0.36320528324111073
0.4535,0.37009483840288365
0.4536,0.26426275
0.45370000000000005,0.3768470068492899
0.45380000000000004,0.2955751542521328
0.4539,0.48228263487796774
0.454,0.5607739951219302
0.4541,0.5471719394653941
0.45420000000000005,0.4204841312339786
0.45430000000000004,0.5233194578414739
0.4544,0.6621008085368169
0.4545,0.6164109378727224
0.4546,0.37756201801403055
0.45470000000000005,0.6524142369519772
0.45480000000000004,0.508148843
0.4549,0.3645764273901676
0.455,0.4367032289918866
0.4551,0.23007890055676952
0.45520000000000005,0.1626045311119603
0.45530000000000004,0.1914306391048311
0.4554,0.26634349334394203
0.4555,0.23364410335971153
0.4556,0.13218906864694013
0.45570000000000005,0.15885924349016178
0.45580000000000004,0.21966581136622654
0.4559,0.1019553424343857
0.456,0.3064473385612972
0.4561,0.2487745043327789
0.4562,0.37969690359343344
0.45630000000000004,0.37141468767514685
0.45640000000000003,0.44944529604405586
0.4565,0.4200945584505363
0.4566,0.14670295932836178
0.4567,0.3703136947924566
0.45680000000000004,0.3551681868184424
0.45690000000000003,0.2759292800065453
0.457,0.16262767601163738
0.4571,0.23295445200387338
0.4572,0.063452456
0.45730000000000004,0.022185949374912438
0.45740000000000003,0.035356919
0.4575,-0.035796501
0.4576,-0.133519658
0.4577,-0.234854701
0.45780000000000004,-0.040087199
0.45790000000000003,0.10847219261507961
0.458,0.07504445
0.4581,0.22320881164155287
0.4582,0.22090703232866898
0.45830000000000004,0.35055723894870994
0.45840000000000003,0.24667006791862991
0.4585,0.3119578750724781
0.4586,0.29980259777062834
0.4587,0.34571708231985204
0.45880000000000004,0.039563787
0.45890000000000003,0.078501565
0.459,0.11615980544009158
0.4591,0.10512266433116607
0.4592,-0.060059556
0.45930000000000004,-0.151835555
0.45940000000000003,-0.101116981
0.4595,-0.106796753
0.4596,-0.20006035
0.4597,-0.121210273
0.45980000000000004,-0.013680792
0.45990000000000003,0.094146872
0.46,0.059408396738784154
0.4601,0.060620959
0.4602,0.10379695913256096
0.46030000000000004,0.19222658240231644
0.46040000000000003,0.1620335880788641
0.4605,0.1914642069580255
0.4606,0.077056349
0.4607,0.23218379799203004
0.46080000000000004,-0.011949501
0.46090000000000003,-0.016019887
0.461,-0.040471056
0.4611,0.044104723322563405
0.4612,-0.20990941
0.46130000000000004,-0.278870198
0.46140000000000003,-0.303397146
0.4615,-0.141836916
0.4616,-0.495275164
0.4617,-0.327730994
0.46180000000000004,0.009494318
0.46190000000000003,-0.111843976
0.462,-0.191770952
0.4621,-0.050949989
0.4622,0.007313892
0.46230000000000004,0.10747772763145513
0.46240000000000003,0.20883839787519773
0.4625,0.095888076
0.4626,0.005019368
0.4627,0.07579467
0.46280000000000004,-0.094402822
0.46290000000000003,-0.184248516
0.463,-0.311627261
0.4631,-0.365465284
0.4632,-0.375511563
0.46330000000000005,-0.450225539
0.46340000000000003,-0.367486459
0.4635,-0.506598427
0.4636,-0.660841934
0.4637,-0.47312504
0.46380000000000005,-0.39196743
0.46390000000000003,-0.355936341
0.464,-0.133353497
0.4641,-0.251597441
0.4642,-0.08587202
0.46430000000000005,-0.123386999
0.46440000000000003,-0.106796527
0.4645,-0.170587552
0.4646,-0.128563029
0.4647,-0.223970117
0.46480000000000005,-0.204078755
0.46490000000000004,-0.303182072
0.465,-0.432677016
0.4651,-0.350750853
0.4652,-0.463069085
0.46530000000000005,-0.588832825
0.46540000000000004,-0.581442784
0.4655,-0.621420848
0.4656,-0.686331283
0.4657,-0.595023241
0.46580000000000005,-0.618388897
0.46590000000000004,-0.600979974
0.466,-0.6059686
0.4661,-0.455726638
0.4662,-0.338744101
0.46630000000000005,-0.408362592
0.46640000000000004,-0.135770459
0.4665,-0.269933029
0.4666,-0.259476975
0.4667,-0.341948965
0.46680000000000005,-0.315005658
0.46690000000000004,-0.595444189
0.467,-0.812709567
0.4671,-0.718966769
0.4672,-0.708046982
0.46730000000000005,-0.798546443
0.46740000000000004,-0.8307891
0.4675,-0.770719359
0.4676,-0.849831696
0.4677,-0.801875243
0.46780000000000005,-0.910504442
0.46790000000000004,-0.881002784
0.468,-0.616202564
0.4681,-0.689188311
0.4682,-0.705055592
0.46830000000000005,-0.674301084
0.46840000000000004,-0.661687922
0.4685,-0.670189967
0.4686,-0.739334531
0.4687,-0.798451282
0.46880000000000005,-0.751486957
0.46890000000000004,-0.852181725
0.46900000000000003,-0.79095965
0.4691,-0.930734037
0.4692,-1.001404877
0.4693,-1.138863852
0.46940000000000004,-1.129872081
0.46950000000000003,-1.113285183
0.4696,-1.087075741
0.4697,-1.13526671
0.4698,-1.008757027
0.46990000000000004,-1.050047121
0.47000000000000003,-0.936572231
0.4701,-0.988255176
0.4702,-1.048933261
0.4703,-0.848555667
0.47040000000000004,-0.793656132
0.47050000000000003,-0.80564161
0.4706,-0.837159189
0.4707,-0.936394648
0.4708,-1.026138811
0.47090000000000004,-0.981728884
0.47100000000000003,-1.061728495
0.4711,-1.210342924
0.4712,-1.139933959
0.4713,-1.350657212
0.47140000000000004,-1.361832688
0.47150000000000003,-1.200352578
0.4716,-1.257921695
0.4717,-1.333166057
0.4718,-1.242399658
0.47190000000000004,-1.201942216
0.47200000000000003,-1.376430464
0.4721,-1.171317345
0.4722,-1.050489844
0.4723,-1.033628703
0.47240000000000004,-0.959388465
0.47250000000000003,-0.881008321
0.4726,-1.008405205
0.4727,-1.096751136
0.4728,-1.030961504
0.47290000000000004,-1.138908298
0.47300000000000003,-1.186647552
0.4731,-1.258389127
0.4732,-1.11003148
0.4733,-1.510950964
0.47340000000000004,-1.388727381
0.47350000000000003,-1.36478757
0.4736,-1.413720097
0.4737,-1.246838813
0.4738,-1.20499878
0.47390000000000004,-1.213081755
0.47400000000000003,-1.163540676
0.4741,-1.082940596
0.4742,-1.019985001
0.4743,-0.966467717
0.47440000000000004,-0.939142405
0.47450000000000003,-0.88590094
0.4746,-0.846882947
0.4747,-1.024695196
0.4748,-1.044774044
0.47490000000000004,-1.146031637
0.47500000000000003,-0.987794989
0.4751,-1.087517628
0.4752,-1.11099211
0.4753,-1.297622459
0.47540000000000004,-1.055967464
0.47550000000000003,-1.24384704
0.4756,-1.157979366
0.4757,-1.060266149
0.4758,-1.148426591
0.47590000000000005,-1.042032363
0.47600000000000003,-0.906321291
0.4761,-0.613912276
0.4762,-0.745858118
0.4763,-0.579924646
0.47640000000000005,-0.565851108
0.47650000000000003,-0.604910045
0.4766,-0.704673112
0.4767,-0.55013469
0.4768,-0.779560225
0.47690000000000005,-0.567534606
0.47700000000000004,-0.721146023
0.4771,-0.990314707
0.4772,-0.840256465
0.4773,-0.783540806
0.47740000000000005,-0.861460123
0.47750000000000004,-0.772970341
0.4776,-0.865929276
0.4777,-0.851215985
0.4778,-0.685108999
0.47790000000000005,-0.597713032
0.47800000000000004,-0.542612581
0.4781,-0.330782817
0.4782,-0.416990024
0.4783,-0.255180898
0.47840000000000005,-0.221654772
0.47850000000000004,-0.316879315
0.4786,-0.282477105
0.4787,-0.179032777
0.4788,-0.040171858
0.47890000000000005,-0.182342389
0.47900000000000004,-0.402641199
0.4791,-0.549190563
0.4792,-0.271287457
0.4793,-0.355584923
0.47940000000000005,-0.258601799
0.47950000000000004,-0.403668592
0.4796,-0.268851455
0.4797,-0.174153882
0.4798,-0.206741582
0.47990000000000005,-0.122591327
0.48000000000000004,0.002021026
0.4801,0.13191858958899788
0.4802,0.16979777101089555
0.4803,0.31976746626685754
0.48040000000000005,0.259913639
0.48050000000000004,0.22693954205489072
0.4806,0.5080611061316074
0.4807,0.29951714553144915
0.4808,0.28445637783309125
0.48090000000000005,0.2950872522405574
0.48100000000000004,0.26996490184380323
0.4811,0.19774928209122294
0.4812,0.19727314581097263
0.4813,0.17680467968945537
0.48140000000000005,0.19094023634695836
0.48150000000000004,0.003743042
0.48160000000000003,0.377562474
0.4817,0.2684510815202359
0.4818,0.3954232433791106
0.48190000000000005,0.3187180012828549
0.48200000000000004,0.47706181177739937
0.48210000000000003,0.5464530165460615
0.4822,0.7969712682765129
0.4823,0.6998723069706391
0.4824,0.8585737419739449
0.48250000000000004,0.7781371695665398
0.48260000000000003,0.8062886983189974
0.4827,0.8162126186347068
0.4828,0.9157235871414553
0.4829,0.6271086103400002
0.48300000000000004,0.6318933633488508
0.48310000000000003,0.5398202031265156
0.4832,0.5727112279880391
0.4833,0.5699869749134473
0.4834,0.4963789501794653
0.48350000000000004,0.5756190284527085
0.48360000000000003,0.5011278016084025
0.4837,0.62699444
0.4838,0.8659817294473081
0.4839,0.8747971679247248
0.48400000000000004,0.935652447
0.48410000000000003,0.9181041296854827
0.4842,0.9465814137829139
0.4843,1.037484435846507
0.4844,1.1679790446110672
0.48450000000000004,1.2645931099166254
0.48460000000000003,1.270952707413584
0.4847,1.2337115889945154
0.4848,1.0924089622116624
0.4849,1.1095074781876486
0.48500000000000004,1.0313993787835962
0.48510000000000003,0.9900550139366506
0.4852,1.1236911636696258
0.4853,0.7853143647544293
0.4854,0.8883657665577238
0.48550000000000004,1.0030367973840246
0.48560000000000003,0.8068311576691185
0.4857,0.9086980811205816
0.4858,0.9692789885067713
0.4859,1.0561208718346675
0.48600000000000004,1.0142102023097526
0.48610000000000003,1.2568842702610343
0.4862,1.3233623773949916
0.4863,1.3594949052340828
0.4864,1.281598803180864
0.48650000000000004,1.3714133110830073
0.48660000000000003,1.2857054491128062
0.4867,1.3050868899028516
0.4868,1.4616559386017522
0.4869,1.2427028601675032
0.48700000000000004,1.0791603461406072
0.48710000000000003,1.127205258470259
0.4872,0.9488059628940122
0.4873,0.9162179207299352
0.4874,0.8993924911465527
0.48750000000000004,0.9358221497509228
0.48760000000000003,1.054114189351399
0.4877,1.0513716406595024
0.4878,1.0882617411675202
0.4879,1.0108854634838083
0.48800000000000004,1.113476206
0.48810000000000003,1.2360856844722086
0.4882,1.2151245155470025
0.4883,1.282255997621322
0.4884,1.3627169457256505
0.48850000000000005,1.3033647808104134
0.48860000000000003,1.3332355843737185
0.4887,1.4074462477005067
0.4888,1.2149391907078835
0.4889,1.2598180218931772
0.48900000000000005,1.1405938940109377
0.48910000000000003,0.9084877864763429
0.4892,0.8734281490226299
0.4893,0.84182002
0.4894,0.8025473280944422
0.48950000000000005,0.8444462168086582
0.48960000000000004,0.9008535807632914
0.4897,0.9704370590848297
0.4898,0.9285801988404957
0.4899,0.9134126347997529
0.49000000000000005,0.8334207005095954
0.49010000000000004,1.056333432
0.4902,1.0971485444845477
0.4903,1.1423896644585847
0.4904,1.312870624
0.49050000000000005,1.2414129946644907
0.49060000000000004,1.1829946812171055
0.4907,1.0024480494356642
0.4908,0.9815907113295601
0.4909,0.9465926009235631
0.49100000000000005,0.8174998226430564
0.49110000000000004,0.8447848171927285
0.4912,0.764439315
0.4913,0.5913530265802452
0.4914,0.7324280433596427
0.49150000000000005,0.6216580721935349
0.49160000000000004,0.47143238019461453
0.4917,0.6204820954025785
0.4918,0.6776937734496188
0.4919,0.7750838225899427
0.49200000000000005,0.7183335657426372
0.49210000000000004,0.85960635
0.4922,0.8503107819422717
0.4923,0.7605839081185567
0.4924,0.7671829601936353
0.49250000000000005,0.9661969487079393
0.49260000000000004,0.9485056436160577
0.4927,0.8365005395721654
0.4928,0.8723610056474186
0.4929,0.7678055082274707
0.49300000000000005,0.6625408745155071
0.49310000000000004,0.45957911111890254
0.4932,0.601749156
0.4933,0.4484725206884871
0.4934,0.33295628376064246
0.49350000000000005,0.28732628046372916
0.49360000000000004,0.357969856
0.4937,0.21910511671680416
0.4938,0.4400756157833903
0.4939,0.3507523842405157
0.49400000000000005,0.5057958623775599
0.49410000000000004,0.48365564038647413
0.49420000000000003,0.5475544594211595
0.4943,0.5401101497135332
0.4944,0.604025654
0.49450000000000005,0.7658654100731163
0.49460000000000004,0.7038869975933109
0.49470000000000003,0.5813461226421467
0.4948,0.4951927816848454
0.4949,0.49763849576564606
0.49500000000000005,0.4475044127151484
0.49510000000000004,0.21789663101270978
0.49520000000000003,0.2114855911097224
0.4953,0.017005768658263976
0.4954,0.21370858542542392
0.4955,0.2689590697379538
0.49560000000000004,0.10981875870445547
0.49570000000000003,-0.048132419
0.4958,0.2050571381256026
0.4959,0.1301869031720161
0.496,0.20184751625599087
0.49610000000000004,0.35762649296754195
0.49620000000000003,0.374582988
0.4963,0.3505633958566179
0.4964,0.3573801792667769
0.4965,0.42071316566769007
0.49660000000000004,0.35978813679305727
0.49670000000000003,0.2672633871677686
0.4968,0.2771908961162325
0.4969,0.2674224219999261
0.497,0.1565862743627906
0.49710000000000004,-0.011499171
0.49720000000000003,0.11766777584509833
0.4973,-0.23193283
0.4974,-0.083911645
0.4975,-0.114419817
0.49760000000000004,-0.049823927
0.49770000000000003,0.005145237
0.4978,0.088223658
0.4979,-0.009395839
0.498,0.15021874305923305
0.49810000000000004,0.17478001288957656
0.49820000000000003,0.072085628
0.4983,0.39955517376243754
0.4984,0.15518539430905687
0.4985,0.3081084707318428
0.49860000000000004,0.29052858814361565
0.49870000000000003,0.247639875
0.4988,0.13652862103165353
0.4989,0.18135443915979216
0.499,-0.076550881
0.49910000000000004,-0.023815357
0.49920000000000003,-0.124375252
0.4993,-0.182603058
0.4994,-0.127386627
0.4995,-0.090094684
0.49960000000000004,-0.198747876
0.49970000000000003,-0.085180371
0.4998,-0.10414372
0.4999,-0.128508424
0.5,-0.020636167
0.5001,0.033130976
0.5002,0.052390180215159635
0.5003000000000001,0.18191349211929397
0.5004000000000001,0.19005911049360016
0.5005000000000001,0.049040991
0.5006,0.02956437
0.5007,0.16239397852919718
0.5008,0.014042363098329971
0.5009,0.042712346
0.501,0.014196009239749195
0.5011,-0.216850454
0.5012,-0.289017752
0.5013000000000001,-0.091634398
0.5014000000000001,-0.23120613
0.5015000000000001,-0.308087941
0.5016,-0.345002641
0.5017,-0.288347221
0.5018,-0.304254565
0.5019,-0.088441568
0.502,-0.165432248
0.5021,0.039886217
0.5022,-0.030132787
0.5023,-0.043680307
0.5024000000000001,0.027574110608287093
0.5025000000000001,-0.145129401
0.5026,0.038540946
0.5027,-0.000781621
0.5028,0.027436813588790465
0.5029,-0.252485911
0.503,-0.077885243
0.5031,-0.174607069
0.5032,-0.203632466
0.5033,-0.360220068
0.5034000000000001,-0.311433634
0.5035000000000001,-0.528345804
0.5036,-0.352304825
0.5037,-0.451305119
0.5038,-0.486330805
0.5039,-0.397431623
0.504,-0.25447298
0.5041,-0.268457973
0.5042,-0.126260014
0.5043,-0.266527395
0.5044000000000001,-0.273579952
0.5045000000000001,0.006033866
0.5046,-0.051556406
0.5047,-0.246706174
0.5048,-0.217920672
0.5049,-0.202721537
0.505,-0.323570733
0.5051,-0.418244553
0.5052,-0.409603996
0.5053,-0.611444804
0.5054000000000001,-0.590587952
0.5055000000000001,-0.616142937
0.5056,-0.638744972
0.5057,-0.63184738
0.5058,-0.562878497
0.5059,-0.522632668
0.506,-0.560021425
0.5061,-0.362894377
0.5062,-0.46221257
0.5063,-0.370248519
0.5064000000000001,-0.361049592
0.5065000000000001,-0.312139592
0.5066,-0.533351701
0.5067,-0.334295621
0.5068,-0.517394083
0.5069,-0.434886967
0.507,-0.64610377
0.5071,-0.687184207
0.5072,-0.599601585
0.5073,-0.832854858
0.5074000000000001,-0.753718919
0.5075000000000001,-0.873268552
0.5076,-0.847162796
0.5077,-0.86019159
0.5078,-0.767511293
0.5079,-0.848213818
0.508,-0.82405556
0.5081,-0.748346529
0.5082,-0.647220427
0.5083,-0.642255027
0.5084000000000001,-0.552936082
0.5085000000000001,-0.50909471
0.5086,-0.714749774
0.5087,-0.737133553
0.5088,-0.85078576
0.5089,-0.642317816
0.509,-0.855158833
0.5091,-0.915795984
0.5092,-1.129846962
0.5093,-1.079507819
0.5094000000000001,-1.079449969
0.5095000000000001,-1.162385886
0.5096,-1.05831495
0.5097,-0.942808874
0.5098,-1.170851955
0.5099,-1.132453245
0.51,-1.070220485
0.5101,-0.820571066
0.5102,-0.820537766
0.5103,-0.880866611
0.5104000000000001,-0.848757284
0.5105000000000001,-0.916992887
0.5106,-0.799731949
0.5107,-0.938899837
0.5108,-0.982405235
0.5109,-0.977163964
0.511,-1.110883884
0.5111,-1.184268277
0.5112,-1.227841878
0.5113,-1.216399538
0.5114000000000001,-1.183431371
0.5115000000000001,-1.284427697
0.5116,-1.263143112
0.5117,-1.320513638
0.5118,-1.322013943
0.5119,-1.162006697
0.512,-1.143082089
0.5121,-1.212609721
0.5122,-1.072667685
0.5123,-1.011731547
0.5124000000000001,-1.019993299
0.5125000000000001,-0.852828058
0.5126000000000001,-0.944295219
0.5127,-0.902284759
0.5128,-1.035875616
0.5129,-1.106267404
0.513,-1.249090298
0.5131,-1.234092867
0.5132,-1.28833419
0.5133,-1.441063733
0.5134000000000001,-1.400822866
0.5135000000000001,-1.390355056
0.5136000000000001,-1.318150334
0.5137,-1.28191687
0.5138,-1.316564873
0.5139,-1.171751817
0.514,-1.156453089
0.5141,-1.303553652
0.5142,-1.050378231
0.5143,-0.873878784
0.5144000000000001,-1.058646938
0.5145000000000001,-0.897081589
0.5146000000000001,-0.780319015
0.5147,-0.98712342
0.5148,-0.960549005
0.5149,-1.110471496
0.515,-0.92692829
0.5151,-1.114210102
0.5152,-1.147683364
0.5153,-1.074918563
0.5154,-1.145845042
0.5155000000000001,-1.265189266
0.5156000000000001,-1.223218065
0.5157,-1.089022418
0.5158,-1.119397895
0.5159,-1.167705879
0.516,-0.924914297
0.5161,-0.960927135
0.5162,-0.640645557
0.5163,-0.694290527
0.5164,-0.734718965
0.5165000000000001,-0.690241441
0.5166000000000001,-0.776689258
0.5167,-0.72287193
0.5168,-0.578405541
0.5169,-0.517061725
0.517,-0.679034727
0.5171,-0.785660226
0.5172,-0.847572727
0.5173,-0.912376297
0.5174,-0.677716942
0.5175000000000001,-0.845270702
0.5176000000000001,-0.628676957
0.5177,-0.635255835
0.5178,-0.818657082
0.5179,-0.653514478
0.518,-0.568265443
0.5181,-0.435353818
0.5182,-0.353798574
0.5183,-0.040535019
0.5184,-0.3132706
0.5185000000000001,-0.174024444
0.5186000000000001,-0.127634071
0.5187,-0.180111419
0.5188,-0.189853411
0.5189,-0.312268685
0.519,-0.256071518
0.5191,-0.259439598
0.5192,-0.303723698
0.5193,-0.302271772
0.5194,-0.236894445
0.5195000000000001,-0.258253835
0.5196000000000001,-0.291164885
0.5197,-0.335588427
0.5198,-0.218944913
0.5199,-0.106074974
0.52,0.020187666507292663
0.5201,0.050237861
0.5202,0.096085835
0.5203,0.14679186411646195
0.5204,0.16477423381138379
0.5205000000000001,0.3144151021899856
0.5206000000000001,0.23232984131693868
0.5207,0.26784578972223827
0.5208,0.2984195947029745
0.5209,0.19347813317500073
0.521,0.2949705881513636
0.5211,0.28790181857874736
0.5212,0.15471369598484572
0.5213,0.14502347359492118
0.5214,0.2199490717964349
0.5215000000000001,0.13522243098598646
0.5216000000000001,0.16447365691367383
0.5217,0.37595402485794394
0.5218,0.41970845292038916
0.5219,0.4770901087930621
0.522,0.5887934023888151
0.5221,0.4420559878222559
0.5222,0.7877002108592341
0.5223,0.7781023648442011
0.5224,0.8787898537391873
0.5225000000000001,0.8611437481097142
0.5226000000000001,0.8464121994657335
0.5227,0.8138318948618041
0.5228,0.8423875271460131
0.5229,0.7533569903500501
0.523,0.8065765357760002
0.5231,0.5686880848175292
0.5232,0.6163853286254001
0.5233,0.7985008388869359
0.5234,0.5754510134209259
0.5235000000000001,0.6152561503368118
0.5236000000000001,0.5916984854150767
0.5237,0.7353011919434236
0.5238,0.7110469062431645
0.5239,0.8276612475176695
0.524,0.9885643558785517
0.5241,0.9424253406825805
0.5242,1.1325571000476695
0.5243,1.1943952671340603
0.5244,1.2558323183402869
0.5245000000000001,1.2063822471319412
0.5246000000000001,1.4580640402009053
0.5247,1.2676252957192182
0.5248,1.1774037212896455
0.5249,1.037469538468791
0.525,1.049342051116635
0.5251,1.1202563531682332
0.5252,1.0974837011629335
0.5253,1.0445407117499295
0.5254,0.9699552963698685
0.5255000000000001,0.8056440683046902
0.5256000000000001,0.963075423
0.5257000000000001,0.8608856848976745
0.5258,0.8926043728417655
0.5259,1.0931167443652159
0.526,1.1837427308598374
0.5261,1.281531553312414
0.5262,1.3098302940247923
0.5263,1.3613517580920447
0.5264,1.2724564903247457
0.5265000000000001,1.356094313045249
0.5266000000000001,1.2370913254275737
0.5267000000000001,1.1714250924125549
0.5268,1.3486299212155235
0.5269,1.1747972784565224
0.527,1.2439623523910661
0.5271,1.2014462374475443
0.5272,1.0074042510092172
0.5273,1.059363639695558
0.5274,0.9297898037333636
0.5275000000000001,0.8236965959564309
0.5276000000000001,0.9890214220596598
0.5277000000000001,0.9674298744408958
0.5278,1.0112149940608024
0.5279,1.2568268781587397
0.528,1.034712795978901
0.5281,1.2449552867512776
0.5282,1.1858055354064647
0.5283,1.3771862255867693
0.5284,1.3512827492172497
0.5285000000000001,1.3616141432409639
0.5286000000000001,1.2395596478373574
0.5287000000000001,1.2187809381558696
0.5288,1.3028679352145074
0.5289,1.3071348148538378
0.529,1.1342689140043283
0.5291,0.9540734882936119
0.5292,0.9887141931606697
0.5293,1.1027054546160089
0.5294,0.8791279463065809
0.5295,0.9686166652486957
0.5296000000000001,0.7924557076496457
0.5297000000000001,0.8666575016175484
0.5298,0.9534914082325319
0.5299,0.9808532639450385
0.53,0.9386889055911024
0.5301,0.9859248691088446
0.5302,1.1741496812371701
0.5303,1.223079429187461
0.5304,1.2653428845895291
0.5305,1.2864797096292802
0.5306000000000001,1.1309593626628935
0.5307000000000001,1.05451828
0.5308,1.1307095663675308
0.5309,1.0112257120259602
0.531,0.8009359718705241
0.5311,0.7220568019524509
0.5312,0.7752410229390837
0.5313,0.664235677
0.5314,0.6345683102527019
0.5315,0.6992759146656601
0.5316000000000001,0.6704810435327931
0.5317000000000001,0.7309793839436473
0.5318,0.500674368
0.5319,0.717532267
0.532,0.8009067597845541
0.5321,0.67124442
0.5322,0.782947772
0.5323,0.7985494638552587
0.5324,0.8821321557570112
0.5325,1.0066204765915225
0.5326000000000001,1.0146340617186993
0.5327000000000001,0.7455247968938894
0.5328,0.7948290479924557
0.5329,0.7279805484754861
0.533,0.638860638
0.5331,0.564402401
0.5332,0.4875342558558062
0.5333,0.540574016
0.5334,0.45202070687902146
0.5335,0.2559755690803097
0.5336000000000001,0.40108484035030917
0.5337000000000001,0.42417971346479383
0.5338,0.4092991367273026
0.5339,0.5175519990562552
0.534,0.4911931364155505
0.5341,0.5414226850612259
0.5342,0.5784072000133089
0.5343,0.4392034126707732
0.5344,0.6104921367672974
0.5345,0.5612550004353678
0.5346000000000001,0.4981663891740084
0.5347000000000001,0.6677092690216643
0.5348,0.5375529244127527
0.5349,0.4277159140345988
0.535,0.3119225130983403
0.5351,0.30797566835965523
0.5352,0.2969955879857377
0.5353,0.09660516
0.5354,0.12347414682244101
0.5355,0.17320244902998402
0.5356000000000001,-0.051467942
0.5357000000000001,0.1172628097897098
0.5358,0.1220025871556453
0.5359,0.19180764784354012
0.536,0.21478518707939606
0.5361,0.31851035020085394
0.5362,0.5081088358835324
0.5363,0.3636982999694288
0.5364,0.43268551060244403
0.5365,0.5702259947227488
0.5366000000000001,0.34854413472423723
0.5367000000000001,0.5011763857703204
0.5368,0.3042217911646627
0.5369,0.38280671020865437
0.537,0.23085064170401326
0.5371,0.12615018565602584
0.5372,0.033292152
0.5373,-0.06275123
0.5374,-0.042139108
0.5375,0.006984976
0.5376000000000001,-0.062727152
0.5377000000000001,-0.065117532
0.5378000000000001,-0.021980129
0.5379,0.12699467963123814
0.538,0.20130507248054508
0.5381,0.10574250075755405
0.5382,0.1555217496592505
0.5383,0.27786066690108313
0.5384,0.39248996966885724
0.5385,0.36622791361206797
0.5386000000000001,0.1591836156333991
0.5387000000000001,0.20446285490997554
0.5388000000000001,0.10164648722941505
0.5389,0.093773225
0.539,0.1766313166918304
0.5391,-0.132357106
0.5392,-0.208774501
0.5393,-0.194703555
0.5394,-0.138701602
0.5395,-0.126632581
0.5396000000000001,-0.136291541
0.5397000000000001,-0.053580026
0.5398000000000001,-0.249169821
0.5399,0.037977076
0.54,-0.024967626
0.5401,0.11560939202487436
0.5402,0.002248939
0.5403,0.14803139358753115
0.5404,0.19018907712433447
0.5405,0.26875305
0.5406000000000001,0.03486608
0.5407000000000001,0.13087942615552428
0.5408000000000001,-0.007553546
0.5409,0.058988738
0.541,0.013898805907497314
0.5411,-0.012200608
0.5412,-0.218897128
0.5413,-0.151410814
0.5414,-0.150459666
0.5415,-0.406008447
0.5416000000000001,-0.221299811
0.5417000000000001,-0.170831053
0.5418000000000001,-0.229706889
0.5419,-0.255976428
0.542,-0.027855696
0.5421,-0.143557257
0.5422,-0.012350588
0.5423,0.036577783334719324
0.5424,0.11892128178570166
0.5425,0.014673416289202795
0.5426,-0.006564263
0.5427000000000001,0.020741152941589156
0.5428000000000001,0.041968632
0.5429,0.081414483
0.543,-0.291433048
0.5431,-0.215027651
0.5432,-0.390718753
0.5433,-0.274497458
0.5434,-0.467628945
0.5435,-0.464618139
0.5436,-0.456490299
0.5437000000000001,-0.395708013
0.5438000000000001,-0.328362851
0.5439,-0.26880427
0.544,-0.255376875
0.5441,-0.308905318
0.5442,-0.098123005
0.5443,-0.126105084
0.5444,-0.010473366
0.5445,-0.160376231
0.5446,-0.252042395
0.5447000000000001,-0.165484507
0.5448000000000001,-0.114004485
0.5449,-0.271406731
0.545,-0.373080365
0.5451,-0.499730162
0.5452,-0.356595006
0.5453,-0.635356014
0.5454,-0.651113768
0.5455,-0.569112311
0.5456,-0.765405663
0.5457000000000001,-0.498695686
0.5458000000000001,-0.518772507
0.5459,-0.453446782
0.546,-0.431497853
0.5461,-0.439927931
0.5462,-0.469153651
0.5463,-0.363995879
0.5464,-0.415446059
0.5465,-0.301895456
0.5466,-0.299280999
0.5467000000000001,-0.287423716
0.5468000000000001,-0.433493444
0.5469,-0.458518002
0.547,-0.631622155
0.5471,-0.721538891
0.5472,-0.714810717
0.5473,-0.841585631
0.5474,-0.831292046
0.5475,-0.961287534
0.5476,-0.950926517
0.5477000000000001,-0.814955533
0.5478000000000001,-0.764404217
0.5479,-0.872223782
0.548,-0.691682533
0.5481,-0.739879288
0.5482,-0.653876843
0.5483,-0.511233971
0.5484,-0.545159093
0.5485,-0.549803486
0.5486,-0.483979478
0.5487000000000001,-0.734727997
0.5488000000000001,-0.814756605
0.5489,-0.862517437
0.549,-0.899892477
0.5491,-1.142544219
0.5492,-1.03922455
0.5493,-1.122979878
0.5494,-1.057489026
0.5495,-1.113971721
0.5496,-1.19242713
0.5497000000000001,-1.080558497
0.5498000000000001,-1.037225884
0.5499,-1.112169929
0.55,-1.03944194
0.5501,-1.127096054
0.5502,-0.99117899
0.5503,-0.929421951
0.5504,-0.845748763
0.5505,-0.927300011
0.5506,-0.91201028
0.5507000000000001,-1.006534146
0.5508000000000001,-0.947909999
0.5509000000000001,-0.991809978
0.551,-1.063655061
0.5511,-1.164482107
0.5512,-1.351973734
0.5513,-1.329624264
0.5514,-1.347735351
0.5515,-1.36353022
0.5516,-1.321409753
0.5517000000000001,-1.190482003
0.5518000000000001,-1.200422417
0.5519000000000001,-1.293327018
0.552,-1.102509125
0.5521,-1.047575239
0.5522,-1.110907513
0.5523,-0.937190511
0.5524,-0.991986801
0.5525,-1.084163185
0.5526,-0.946266124
0.5527000000000001,-0.994781806
0.5528000000000001,-1.075163847
0.5529000000000001,-1.115774678
0.553,-1.231689311
0.5531,-1.18623679
0.5532,-1.292854555
0.5533,-1.318378715
0.5534,-1.329089314
0.5535,-1.456859297
0.5536,-1.422771339
0.5537000000000001,-1.495620436
0.5538000000000001,-1.224880014
0.5539000000000001,-1.306238187
0.554,-1.131281198
0.5541,-1.044304992
0.5542,-0.963413841
0.5543,-1.056519228
0.5544,-0.929315407
0.5545,-0.772474451
0.5546,-0.769994737
0.5547000000000001,-0.847288536
0.5548000000000001,-0.933721481
0.5549000000000001,-1.086558706
0.555,-0.999617051
0.5551,-1.12018519
0.5552,-1.106571249
0.5553,-1.233890076
0.5554,-1.212597963
0.5555,-1.182007179
0.5556,-1.151733583
0.5557,-1.089119105
0.5558000000000001,-1.115803809
0.5559000000000001,-1.10578917
0.556,-0.79067223
0.5561,-0.643369789
0.5562,-0.734154441
0.5563,-0.814352906
0.5564,-0.724160569
0.5565,-0.593621443
0.5566,-0.518248202
0.5567,-0.73194623
0.5568000000000001,-0.669658023
0.5569000000000001,-0.679930051
0.557,-0.667980172
0.5571,-0.805784911
0.5572,-0.938121152
0.5573,-0.786160827
0.5574,-0.752514536
0.5575,-0.836778123
0.5576,-0.765508136
0.5577,-0.784696694
0.5578000000000001,-0.747055191
0.5579000000000001,-0.518124231
0.558,-0.483742165
0.5581,-0.389736621
0.5582,-0.228804222
0.5583,-0.364621533
0.5584,-0.271254471
0.5585,-0.179707371
0.5586,-0.222099749
0.5587,-0.117334735
0.5588000000000001,-0.213659795
0.5589000000000001,-0.308086598
0.559,-0.259328679
0.5591,-0.286724416
0.5592,-0.255157179
0.5593,-0.316436572
0.5594,-0.313011365
0.5595,-0.307587824
0.5596,-0.311926256
0.5597,-0.299145288
0.5598000000000001,-0.147837423
0.5599000000000001,-0.115154463
0.56,0.1351858096352745
0.5601,0.19587906544599393
0.5602,0.22157162196000796
0.5603,0.2721251143895422
0.5604,0.2898317304573452
0.5605,0.23232125998414394
0.5606,0.33260929881680606
0.5607,0.35599984712726185
0.5608000000000001,0.3482882624860993
0.5609000000000001,0.33791442728758847
0.561,0.33829682890168933
0.5611,0.1733116477548698
0.5612,0.1440218089901641
0.5613,0.2960541925831557
0.5614,0.23863321732075607
0.5615,0.16108036339408333
0.5616,0.21851547632521776
0.5617,0.27201703086898665
0.5618000000000001,0.3514993636059281
0.5619000000000001,0.466780756
0.562,0.7175412523653347
0.5621,0.6154188107447153
0.5622,0.7324012191498195
0.5623,0.6118192590223032
0.5624,0.759135344
0.5625,0.9284760059977029
0.5626,0.8746834447998527
0.5627,0.48472746506159536
0.5628000000000001,0.866937833
0.5629000000000001,0.9317499746327205
0.5630000000000001,0.5774738408812119
0.5631,0.8171556304333505
0.5632,0.43795494711887256
0.5633,0.7099548946130829
0.5634,0.6248455604257308
0.5635,0.44635315096231204
0.5636,0.6979959862622449
0.5637,0.8005007180446478
0.5638000000000001,0.7990590577602772
0.5639000000000001,0.8892963332670574
0.5640000000000001,0.8877209440086783
0.5641,0.8494152337701386
0.5642,1.1248173322934643
0.5643,1.2685972354449446
0.5644,1.2618022991009474
0.5645,1.0361089011703715
0.5646,1.0775717614658942
0.5647,1.1155851806520827
0.5648000000000001,1.0239754752346786
0.5649000000000001,1.1110786851598136
0.5650000000000001,1.0885800456010082
0.5651,0.8917299323568318
0.5652,1.022891208654875
0.5653,0.9743626992363134
0.5654,0.8632871818440053
0.5655,0.8922951259296132
0.5656,0.7681183832195477
0.5657,0.9336169026389142
0.5658000000000001,1.012192866242659
0.5659000000000001,1.087483857217299
0.5660000000000001,1.1721969280398785
0.5661,1.2288007248924457
0.5662,1.2489118990126937
0.5663,1.3417204746370015
0.5664,1.4313912565889586
0.5665,1.3568526019552491
0.5666,1.3830682595448758
0.5667,1.3168009377514642
0.5668000000000001,1.237637791109672
0.5669000000000001,1.2768776033131601
0.5670000000000001,1.129744396686001
0.5671,1.1436701832965122
0.5672,1.0592100666998725
0.5673,0.9878239780095195
0.5674,0.9564309154507202
0.5675,0.9307172265333228
0.5676,0.8474925759371307
0.5677,1.0357313924310718
0.5678000000000001,1.0649458609300413
0.5679000000000001,1.1667730489269803
0.5680000000000001,1.1142648024129775
0.5681,1.3659562859596963
0.5682,1.2350112385501126
0.5683,1.2345165414698398
0.5684,1.2479134567358443
0.5685,1.1925528030481447
0.5686,1.437761048637024
0.5687,1.3897133624804558
0.5688,1.2767475076576535
0.5689000000000001,1.0937838924935193
0.5690000000000001,1.2407457031510694
0.5691,0.9977296130335861
0.5692,0.9400770448655645
0.5693,1.0234884175038794
0.5694,0.9236469682075322
0.5695,1.027757647597571
0.5696,0.8715798377422562
0.5697,0.8382619217821422
0.5698,0.8549818010656862
0.5699000000000001,0.8013073051087591
0.5700000000000001,0.9777123381754986
0.5701,1.1422537327854825
0.5702,1.1429936628014419
0.5703,1.1293800047003062
0.5704,1.0647766444344795
0.5705,1.1603151124100646
0.5706,1.2012149041727591
0.5707,1.1138717603590127
0.5708,1.0359691048359978
0.5709000000000001,0.890423557
0.5710000000000001,0.9489069376928367
0.5711,0.5541952696943762
0.5712,0.7665142635397928
0.5713,0.8840434085001834
0.5714,0.5160128356454026
0.5715,0.5941636891127294
0.5716,0.609125193
0.5717,0.5875828989456291
0.5718,0.7381071963804884
0.5719000000000001,0.7350565148235043
0.5720000000000001,0.7575157077965617
0.5721,0.8571530938175147
0.5722,0.8366794797264019
0.5723,1.1201774359474501
0.5724,0.8925040567647665
0.5725,0.8920147269751679
0.5726,0.715989465
0.5727,0.7671917749555209
0.5728,0.8444946824970306
0.5729000000000001,0.5764401722753006
0.5730000000000001,0.43524600221295173
0.5731,0.5350692679125937
0.5732,0.5728944162576515
0.5733,0.40895890440752497
0.5734,0.33693341751946215
0.5735,0.19210884586888702
0.5736,0.3736074836960342
0.5737,0.4056918522145034
0.5738,0.24156315382705623
0.5739000000000001,0.5178006453118132
0.5740000000000001,0.5374028557429955
0.5741,0.6159705427789237
0.5742,0.6153899637858113
0.5743,0.6529575562396497
0.5744,0.6585816801759136
0.5745,0.684192832
0.5746,0.4475816058995177
0.5747,0.432903052
0.5748,0.43833569091485264
0.5749000000000001,0.419716787
0.5750000000000001,0.3881577350511792
0.5751000000000001,0.3102566338476116
0.5752,0.30704916543677385
0.5753,0.25464205091012376
0.5754,0.054069607941060444
0.5755,0.12284321792592343
0.5756,0.035585625
0.5757,0.10680862771383745
0.5758,0.18208920632329958
0.5759000000000001,-0.07018293
0.5760000000000001,0.4478149947603237
0.5761000000000001,0.3528130759760689
0.5762,0.3065623962166424
0.5763,0.5438016783021301
0.5764,0.38155413623601775
0.5765,0.42124783211626066
0.5766,0.35357611616224793
0.5767,0.4881617048515051
0.5768,0.29539717413006034
0.5769000000000001,0.25221374019861315
0.5770000000000001,0.2671371239503423
0.5771000000000001,0.14839267324631059
0.5772,0.034194761
0.5773,0.076003363
0.5774,0.15487622613248972
0.5775,-0.039411105
0.5776,-0.052337431
0.5777,-0.026137541
0.5778,0.10291683344123045
0.5779000000000001,-0.000339268
0.5780000000000001,0.081026751
0.5781000000000001,0.036119106
0.5782,0.11429934924385309
0.5783,0.20608795311187678
0.5784,0.2658124449634421
0.5785,0.4160753550086704
0.5786,0.30221121700182507
0.5787,0.15262265169416744
0.5788,0.11785633277548223
0.5789000000000001,0.2251541217269909
0.5790000000000001,0.1384073448993305
0.5791000000000001,-0.016297061
0.5792,-0.114667395
0.5793,-0.038424595
0.5794,-0.24115262
0.5795,-0.144930535
0.5796,0.010525303794239688
0.5797,-0.131206403
0.5798,-0.170171732
0.5799000000000001,-0.024260351
0.5800000000000001,-0.037600698
0.5801000000000001,-0.05443942
0.5802,0.16420585536537163
0.5803,0.23706161
0.5804,0.14641488171140693
0.5805,0.14611411310853495
0.5806,0.084761219
0.5807,0.11642437423535287
0.5808,0.034275807
0.5809000000000001,-0.062333561
0.5810000000000001,0.10309498942296878
0.5811000000000001,-0.077854802
0.5812,-0.130303163
0.5813,-0.154916967
0.5814,-0.197648895
0.5815,-0.307597485
0.5816,-0.248483195
0.5817,-0.269034392
0.5818,-0.173931688
0.5819,-0.131779271
0.5820000000000001,-0.133904977
0.5821000000000001,-0.153940448
0.5822,0.013616491
0.5823,0.023446149
0.5824,-0.089551542
0.5825,0.10541688256129983
0.5826,0.1254298012011763
0.5827,0.21509643265728368
0.5828,-0.069838406
0.5829,-0.144678468
0.5830000000000001,-0.259588234
0.5831000000000001,-0.22356366
0.5832,-0.287610496
0.5833,-0.420906065
0.5834,-0.406539772
0.5835,-0.568939535
0.5836,-0.33523849
0.5837,-0.451266439
0.5838,-0.356991166
0.5839,-0.421635855
0.5840000000000001,-0.30150376
0.5841000000000001,-0.224881329
0.5842,-0.157249165
0.5843,-0.08348979
0.5844,0.011713857944276665
0.5845,-0.045140254
0.5846,-0.046887253
0.5847,-0.047074098
0.5848,-0.17210407
0.5849,-0.287218677
0.5850000000000001,-0.276377829
0.5851000000000001,-0.344261658
0.5852,-0.445331056
0.5853,-0.669358014
0.5854,-0.66039904
0.5855,-0.636703375
0.5856,-0.554554327
0.5857,-0.602370653
0.5858,-0.477758466
0.5859,-0.420166337
0.5860000000000001,-0.380213576
0.5861000000000001,-0.330594804
0.5862,-0.467061266
0.5863,-0.314179004
0.5864,-0.386029477
0.5865,-0.472713187
0.5866,-0.386821076
0.5867,-0.299589449
0.5868,-0.426375495
0.5869,-0.37105928
0.5870000000000001,-0.593672165
0.5871000000000001,-0.4874525
0.5872,-0.73850277
0.5873,-0.808869377
0.5874,-0.955178116
0.5875,-0.78754714
0.5876,-0.920566312
0.5877,-0.917552088
0.5878,-0.732840978
0.5879,-0.700713475
0.5880000000000001,-0.654767569
0.5881000000000001,-0.726235724
0.5882000000000001,-0.659275326
0.5883,-0.629377876
0.5884,-0.547156617
0.5885,-0.489188072
0.5886,-0.607230982
0.5887,-0.520426363
0.5888,-0.664111053
0.5889,-0.823531607
0.5890000000000001,-0.81323548
0.5891000000000001,-0.817704947
0.5892000000000001,-0.862767173
0.5893,-0.984462912
0.5894,-1.118135851
0.5895,-1.159500731
0.5896,-1.09828584
0.5897,-0.993837405
0.5898,-1.060385399
0.5899,-1.014323716
0.5900000000000001,-0.995888172
0.5901000000000001,-0.975298284
0.5902000000000001,-0.916896952
0.5903,-0.859190307
0.5904,-0.714234057
0.5905,-0.870846499
0.5906,-0.866725155
0.5907,-0.977737904
0.5908,-0.904268626
0.5909,-0.916532812
0.5910000000000001,-0.965884461
0.5911000000000001,-1.149201835
0.5912000000000001,-1.182739552
0.5913,-1.292311997
0.5914,-1.272909323
0.5915,-1.306149383
0.5916,-1.322747099
0.5917,-1.293505017
0.5918,-1.229236332
0.5919,-1.237857791
0.5920000000000001,-1.176181098
0.5921000000000001,-0.962210468
0.5922000000000001,-0.829578373
0.5923,-1.101449141
0.5924,-1.079914366
0.5925,-1.047939132
0.5926,-0.990945415
0.5927,-0.940476311
0.5928,-1.009649402
0.5929,-1.09901594
0.5930000000000001,-1.131847628
0.5931000000000001,-1.290414122
0.5932000000000001,-1.308908326
0.5933,-1.333302187
0.5934,-1.484397975
0.5935,-1.457397264
0.5936,-1.440953982
0.5937,-1.257696221
0.5938,-1.250430999
0.5939,-1.160376489
0.5940000000000001,-1.289059174
0.5941000000000001,-1.192669384
0.5942000000000001,-0.958544833
0.5943,-1.182491446
0.5944,-0.826132129
0.5945,-1.051962256
0.5946,-0.83967232
0.5947,-0.997361154
0.5948,-0.876808635
0.5949,-0.749497322
0.595,-1.238960992
0.5951000000000001,-1.05191332
0.5952000000000001,-1.296066528
0.5953,-1.149121086
0.5954,-1.215305087
0.5955,-1.184756382
0.5956,-1.244370733
0.5957,-1.066173633
0.5958,-1.185336838
0.5959,-0.898995433
0.596,-0.953395058
0.5961000000000001,-0.954725376
0.5962000000000001,-0.642353152
0.5963,-0.71382095
0.5964,-0.509694082
0.5965,-0.536642358
0.5966,-0.689389107
0.5967,-0.641714163
0.5968,-0.650028362
0.5969,-0.57350036
0.597,-0.702145031
0.5971000000000001,-0.764193413
0.5972000000000001,-0.829006344
0.5973,-0.839901195
0.5974,-0.738130847
0.5975,-0.829874378
0.5976,-0.829527125
0.5977,-0.791897969
0.5978,-0.723694579
0.5979,-0.712405966
0.598,-0.574771857
0.5981000000000001,-0.309092487
0.5982000000000001,-0.365501375
0.5983,-0.223881213
0.5984,-0.425392891
0.5985,-0.146877134
0.5986,-0.189862907
0.5987,-0.21850086
0.5988,-0.184191061
0.5989,-0.268349994
0.599,-0.434500407
0.5991000000000001,-0.226571683
0.5992000000000001,-0.31049034
0.5993,-0.373003241
0.5994,-0.427197906
0.5995,-0.45079976
0.5996,-0.278957038
0.5997,-0.112772482
0.5998,-0.154691173
0.5999,-0.19912541
0.6,0.018009338163012183
0.6001000000000001,0.084237045
0.6002000000000001,0.24006798145784586
0.6003000000000001,0.29038641343908256
0.6004,0.058002652
0.6005,0.3768305348462028
0.6006,0.26962472392224673
0.6007,0.2341495451389542
0.6008,0.3148538717006382
0.6009,0.33322920664874983
0.601,0.1333316442485572
0.6011000000000001,0.2850500868549101
0.6012000000000001,0.25973496536942037
0.6013000000000001,0.18374375390767117
0.6014,0.10754479976714987
0.6015,0.11399179842961667
0.6016,0.3091669403678412
0.6017,0.15933633168332412
0.6018,0.43413107068890733
0.6019,0.41575017587510005
0.602,0.5070750727058007
0.6021000000000001,0.4635912694186517
0.6022000000000001,0.6676560367055633
0.6023000000000001,0.7958242367984641
0.6024,0.6910145359906067
0.6025,0.8700616751605319
0.6026,0.8496191937856534
0.6027,0.7843561827442044
0.6028,0.8813898239144304
0.6029,0.6021162815441634
0.603,0.7648809076703234
0.6031000000000001,0.825159429
0.6032000000000001,0.7749068486970047
0.6033000000000001,0.6660995166518974
0.6034,0.6014029884162322
0.6035,0.5834866436580789
0.6036,0.6380708965706198
0.6037,0.7519381179459526
0.6038,0.705368593
0.6039,0.9031040277462721
0.604,1.0913078744360063
0.6041000000000001,0.993375755
0.6042000000000001,0.9619166262438452
0.6043000000000001,1.021037342183964
0.6044,1.2335610748996986
0.6045,1.1903592732216497
0.6046,1.2689097857278975
0.6047,1.1405718600631245
0.6048,1.2178633951403037
0.6049,1.0948795577193755
0.605,0.9985064567606861
0.6051000000000001,0.9740703167119874
0.6052000000000001,0.8649565834789744
0.6053000000000001,1.0854231484012427
0.6054,0.8994293667468252
0.6055,0.9576580119029112
0.6056,0.8811529466421311
0.6057,0.8760436493835004
0.6058,0.9928916274387621
0.6059,1.1620794522693378
0.606,1.1002282317663532
0.6061000000000001,1.1396188276156534
0.6062000000000001,1.2824965343434849
0.6063000000000001,1.3587466872900764
0.6064,1.4826565506324108
0.6065,1.3927924860898215
0.6066,1.4091800825608263
0.6067,1.3892366417182176
0.6068,1.1971372738734964
0.6069,1.1579806643222685
0.607,1.0874507690512056
0.6071000000000001,1.0062067707617575
0.6072000000000001,1.1205864269686607
0.6073000000000001,1.0353427594642282
0.6074,0.989042027
0.6075,0.7639495846943953
0.6076,1.1435948183937419
0.6077,0.9335580244858538
0.6078,1.2105671353828635
0.6079,0.9828601102789584
0.608,1.0917892619129597
0.6081,1.0380976453207595
0.6082000000000001,1.294360112453501
0.6083000000000001,1.216424767180517
0.6084,1.241568237995388
0.6085,1.2214654579325632
0.6086,1.3773392222645844
0.6087,1.336945063344334
0.6088,1.373650605913132
0.6089,1.1106144674298364
0.609,1.1133498383101739
0.6091,0.9227203301632053
0.6092000000000001,0.9347959895448346
0.6093000000000001,0.8670000660064656
0.6094,0.9080901180486904
0.6095,0.9330311410106635
0.6096,0.9309673921832518
0.6097,0.8025994039710297
0.6098,0.9838036241123089
0.6099,0.9455401883153518
0.61,0.9740322483281981
0.6101,0.9940053467337553
0.6102000000000001,1.0502920654400312
0.6103000000000001,1.2671404718711703
0.6104,1.1689642612593039
0.6105,1.1561342187691366
0.6106,1.0992100590741527
0.6107,1.2750925087564213
0.6108,1.1270311303729972
0.6109,0.8964952002939329
0.611,0.8576431881876097
0.6111,0.7876080917243258
0.6112000000000001,0.7475563650931429
0.6113000000000001,0.6223195706140654
0.6114,0.6717880285008648
0.6115,0.7296402960519779
0.6116,0.5046678232136466
0.6117,0.5343377851027865
0.6118,0.6165445725519832
0.6119,0.6623167888664218
0.612,0.9052089479724164
0.6121,0.8735080265251395
0.6122000000000001,0.9108852111701216
0.6123000000000001,0.8446390213604936
0.6124,0.85749123
0.6125,0.7602557259947537
0.6126,0.9153661275893441
0.6127,0.8499521695244889
0.6128,0.855584257
0.6129,0.6664103432356423
0.613,0.5965082444611357
0.6131,0.5460876725025269
0.6132000000000001,0.5345866617002113
0.6133000000000001,0.28795115634400115
0.6134000000000001,0.4227078764286183
0.6135,0.33914823591433296
0.6136,0.25273617244355867
0.6137,0.18602138329153156
0.6138,0.37318385680487404
0.6139,0.5428550880779285
0.614,0.6101219870109034
0.6141,0.553815364
0.6142000000000001,0.7256684095465222
0.6143000000000001,0.5972276528982021
0.6144000000000001,0.6931882924111931
0.6145,0.578616575
0.6146,0.5519143202866926
0.6147,0.4987870768920835
0.6148,0.3323740071600806
0.6149,0.5330697813059502
0.615,0.30577618605553947
0.6151,0.2201669992089317
0.6152000000000001,0.12328296599126884
0.6153000000000001,0.14641367210079526
0.6154000000000001,0.26493980144932316
0.6155,0.2712594371876987
0.6156,-0.029457201
0.6157,0.093512551
0.6158,0.073597275
0.6159,0.281581056
0.616,0.27784295537262665
0.6161,0.2565748355938495
0.6162000000000001,0.360024505
0.6163000000000001,0.35141860817109416
0.6164000000000001,0.5384883174249027
0.6165,0.45440304245129554
0.6166,0.4461312546673681
0.6167,0.14264895961339982
0.6168,0.29845285632821866
0.6169,0.40691188886421753
0.617,0.2769248773112857
0.6171,-0.04618565
0.6172000000000001,0.013468539520353345
0.6173000000000001,-0.108949472
0.6174000000000001,0.088685693
0.6175,-0.045261678
0.6176,-0.123101882
0.6177,-0.037055072
0.6178,-0.210506769
0.6179,-0.039200354
0.618,0.10620765413862543
0.6181,0.22676857133525535
0.6182000000000001,0.053703649
0.6183000000000001,0.21701952871154714
0.6184000000000001,0.35106226356978065
0.6185,0.1584324229972016
0.6186,0.27766641939053716
0.6187,0.23086689275782615
0.6188,0.31324519723313826
0.6189,0.096763332
0.619,0.034550469139032626
0.6191,0.049847726
0.6192000000000001,-0.185373171
0.6193000000000001,-0.146089879
0.6194000000000001,-0.198144451
0.6195,-0.187405912
0.6196,-0.1034149
0.6197,-0.103301939
0.6198,-0.168017558
0.6199,-0.046153911
0.62,0.11923532912797637
0.6201,-0.009419409
0.6202000000000001,0.11973631564740267
0.6203000000000001,0.13218200367174338
0.6204000000000001,0.166247014
0.6205,0.045840357
0.6206,0.274547478
0.6207,0.06647107
0.6208,0.16135103501420317
0.6209,-0.031161075
0.621,-0.098318889
0.6211,-0.018124367
0.6212,-0.096584003
0.6213000000000001,-0.208895661
0.6214000000000001,-0.198439749
0.6215,-0.297632911
0.6216,-0.270956815
0.6217,-0.300441905
0.6218,-0.136683582
0.6219,-0.214587608
0.622,0.015520351522426201
0.6221,-0.072863284
0.6222,0.003558212
0.6223000000000001,0.10048594961135901
0.6224000000000001,0.063587391
0.6225,0.040971276
0.6226,0.045800556
0.6227,0.084333383
0.6228,-0.091570784
0.6229,-0.111680477
0.623,-0.170011614
0.6231,-0.171088196
0.6232,-0.311783581
0.6233000000000001,-0.21133843
0.6234000000000001,-0.405068467
0.6235,-0.429660972
0.6236,-0.4230312
0.6237,-0.494943412
0.6238,-0.437156806
0.6239,-0.349953733
0.624,-0.164049084
0.6241,-0.205164121
0.6242,-0.195117432
0.6243000000000001,-0.023745611
0.6244000000000001,0.020682021896756914
0.6245,-0.003326532
0.6246,-0.192107616
0.6247,-0.202382317
0.6248,-0.072581815
0.6249,-0.264990926
0.625,-0.378516946
0.6251,-0.372634564
0.6252,-0.416632398
0.6253000000000001,-0.598703772
0.6254000000000001,-0.575527031
0.6255000000000001,-0.540590241
0.6256,-0.70974698
0.6257,-0.599675303
0.6258,-0.657859129
0.6259,-0.604071707
0.626,-0.52119522
0.6261,-0.388868486
0.6262,-0.409863564
0.6263000000000001,-0.404663294
0.6264000000000001,-0.333302789
0.6265000000000001,-0.432544899
0.6266,-0.329519128
0.6267,-0.315057465
0.6268,-0.469571179
0.6269,-0.54869595
0.627,-0.577975348
0.6271,-0.845554274
0.6272,-0.709759071
0.6273000000000001,-0.562516937
0.6274000000000001,-0.862641007
0.6275000000000001,-0.885922162
0.6276,-0.820907742
0.6277,-0.734161663
0.6278,-0.757341995
0.6279,-0.965819839
0.628,-0.700259771
0.6281,-0.491506022
0.6282,-0.605401973
0.6283000000000001,-0.716957677
0.6284000000000001,-0.587211702
0.6285000000000001,-0.715928226
0.6286,-0.538058411
0.6287,-0.754888257
0.6288,-0.729947116
0.6289,-0.873370055
0.629,-0.923248237
0.6291,-0.835288118
0.6292,-1.014353718
0.6293000000000001,-1.124150418
0.6294000000000001,-1.211808045
0.6295000000000001,-1.29190139
0.6296,-1.244473851
0.6297,-1.118798625
0.6298,-1.016668227
0.6299,-1.095514385
0.63,-0.874356512
0.6301,-1.006467033
0.6302,-0.92296713
0.6303000000000001,-0.956390523
0.6304000000000001,-0.772421118
0.6305000000000001,-0.683868547
0.6306,-1.011879478
0.6307,-0.936200657
0.6308,-0.860416724
0.6309,-1.141622788
0.631,-1.050509576
0.6311,-1.067753221
0.6312,-1.222429589
0.6313000000000001,-1.236006926
0.6314000000000001,-1.174278626
0.6315000000000001,-1.175392471
0.6316,-1.332365627
0.6317,-1.347115541
0.6318,-1.338988523
0.6319,-1.136168464
0.632,-1.266523399
0.6321,-1.119005352
0.6322,-1.038206933
0.6323000000000001,-1.045339986
0.6324000000000001,-0.956771049
0.6325000000000001,-0.76620584
0.6326,-0.992410229
0.6327,-1.046971202
0.6328,-0.975723091
0.6329,-1.09361174
0.633,-1.059015611
0.6331,-1.22187222
0.6332,-1.309252361
0.6333000000000001,-1.474392614
0.6334000000000001,-1.487239444
0.6335000000000001,-1.511348343
0.6336,-1.320881564
0.6337,-1.427804838
0.6338,-1.169613206
0.6339,-1.20684166
0.634,-1.161421729
0.6341,-1.141492456
0.6342,-0.961821368
0.6343,-1.024557701
0.6344000000000001,-1.002932718
0.6345000000000001,-0.811028891
0.6346,-0.878770219
0.6347,-0.945068738
0.6348,-0.909406293
0.6349,-1.005435645
0.635,-1.026465729
0.6351,-1.172891324
0.6352,-0.985781623
0.6353,-1.229632197
0.6354000000000001,-1.074282008
0.6355000000000001,-1.210248475
0.6356,-1.106868062
0.6357,-1.069879042
0.6358,-0.97772007
0.6359,-1.065576311
0.636,-0.834604201
0.6361,-0.694794934
0.6362,-0.790643536
0.6363,-0.705657053
0.6364000000000001,-0.704180691
0.6365000000000001,-0.662065748
0.6366,-0.488623627
0.6367,-0.715253741
0.6368,-0.735080903
0.6369,-0.566732541
0.637,-0.687182574
0.6371,-0.608667203
0.6372,-0.849051068
0.6373,-0.825754141
0.6374000000000001,-0.895352369
0.6375000000000001,-0.818706712
0.6376000000000001,-0.939855079
0.6377,-0.691941031
0.6378,-0.65351544
0.6379,-0.604842659
0.638,-0.545970979
0.6381,-0.500546428
0.6382,-0.290756401
0.6383,-0.373921345
0.6384000000000001,-0.186140697
0.6385000000000001,-0.026385927
0.6386000000000001,-0.058112971
0.6387,-0.300395894
0.6388,-0.241606902
0.6389,-0.194967914
0.639,-0.270212967
0.6391,-0.412303975
0.6392,-0.299106468
0.6393,-0.348689196
0.6394000000000001,-0.196757044
0.6395000000000001,-0.353469455
0.6396000000000001,-0.203428184
0.6397,-0.343214831
0.6398,-0.253185235
0.6399,-0.030771525
0.64,0.086698462
0.6401,0.011913063778193178
0.6402,0.17287068389053808
0.6403,0.13132142536373098
0.6404000000000001,0.2823708684314412
0.6405000000000001,0.40016498134186795
0.6406000000000001,0.3151063967516779
0.6407,0.3279650679793546
0.6408,0.23954811266684684
0.6409,0.24848284483636185
0.641,0.40523928636865686
0.6411,0.23451796482767995
0.6412,0.11848323623486555
0.6413,0.1548039022102841
0.6414000000000001,0.04916048
0.6415000000000001,0.11120926339355404
0.6416000000000001,0.3359195489651516
0.6417,0.2688355526520816
0.6418,0.500231848
0.6419,0.42133828152586544
0.642,0.5118635369819701
0.6421,0.6515098185350376
0.6422,0.4655863605382542
0.6423,0.7631325414097578
0.6424000000000001,0.7940084239739004
0.6425000000000001,0.9490539172616058
0.6426000000000001,0.919672565
0.6427,0.7451612970070247
0.6428,0.912387066
0.6429,0.7573116610159543
0.643,0.6647901896671472
0.6431,0.7113728764514211
0.6432,0.6434898491158524
0.6433,0.7579922041311123
0.6434000000000001,0.6527872127860034
0.6435000000000001,0.650803562
0.6436000000000001,0.7343567267115155
0.6437,0.7958632675599475
0.6438,0.8326365049983054
0.6439,0.9560672001274498
0.644,0.9693496260288552
0.6441,1.0117385313659217
0.6442,1.1686019754735117
0.6443,1.1213452306826617
0.6444000000000001,1.1740955520703533
0.6445000000000001,1.3328651209222444
0.6446000000000001,1.328517244
0.6447,1.1826085354419829
0.6448,1.1151293851526325
0.6449,1.2245973716119907
0.645,1.1211402498198193
0.6451,1.0313966953520446
0.6452,0.934971115
0.6453,0.9528101100119007
0.6454000000000001,0.9054032350404762
0.6455000000000001,0.8529498304424996
0.6456000000000001,0.9344258635587789
0.6457,0.9814317987930608
0.6458,0.9815704629585851
0.6459,1.1462901046877707
0.646,1.2449933664631023
0.6461,1.2868532009263938
0.6462,1.2479595239767987
0.6463,1.379290599567701
0.6464000000000001,1.3574656089209627
0.6465000000000001,1.2656327695347473
0.6466000000000001,1.4114790185581467
0.6467,1.343385154041119
0.6468,1.4968623445936113
0.6469,1.3516288990220695
0.647,1.2310544847743696
0.6471,1.1327120713202254
0.6472,1.070047417
0.6473,0.9318435998405036
0.6474000000000001,0.8435633638464421
0.6475000000000001,0.9015621772000525
0.6476000000000001,0.9753393082506182
0.6477,0.8366566425614208
0.6478,1.0028763715259295
0.6479,1.0789903860811125
0.648,1.139547230318649
0.6481,1.161387708066481
0.6482,1.2380690092275424
0.6483,1.4424368190953034
0.6484,1.3803798728425003
0.6485000000000001,1.2864425331546603
0.6486000000000001,1.3096829941765937
0.6487,1.277762904366743
0.6488,1.1672514599276103
0.6489,1.1039405796961148
0.649,1.1766862102525204
0.6491,0.9922843957539647
0.6492,0.8740234004012644
0.6493,0.9050564635434676
0.6494,0.8803749016994037
0.6495000000000001,0.6938530585616971
0.6496000000000001,0.8484223482913675
0.6497,0.9394627804962977
0.6498,0.9400245425842151
0.6499,1.127450608499573
0.65,1.1000887585849337
0.6501,1.1666009876593366
0.6502,1.3190938038620736
0.6503,1.1884078651174208
0.6504,1.1574170165744018
0.6505000000000001,1.2200644944435415
0.6506000000000001,1.075450893085502
0.6507000000000001,1.0880291254009795
0.6508,0.9708120798190085
0.6509,0.9860189340828568
0.651,0.8273796655223382
0.6511,0.7497933752050077
0.6512,0.7689644702790144
0.6513,0.6674007347622036
0.6514,0.48248101577462216
0.6515000000000001,0.49702869178385956
0.6516000000000001,0.517976753
0.6517000000000001,0.5539517715810576
0.6518,0.6883511233340934
0.6519,0.7147755414408206
0.652,0.8305540277286766
0.6521,0.8535954347593357
0.6522,0.9210916594952588
0.6523,0.9144599721583047
0.6524,0.8971706467995483
0.6525000000000001,0.964340298
0.6526000000000001,0.9263799326847052
0.6527000000000001,0.8407554305440967
0.6528,0.854390218
0.6529,0.4956136609038535
0.653,0.5846135222259664
0.6531,0.5080207929654839
0.6532,0.5554494858582454
0.6533,0.5312800058679035
0.6534,0.24780903611276017
0.6535000000000001,0.45368125482009586
0.6536000000000001,0.2437115389977746
0.6537000000000001,0.2614926238589881
0.6538,0.3653588975689882
0.6539,0.4015815316454067
0.654,0.35147383129428644
0.6541,0.5773755052545076
0.6542,0.6230601504172912
0.6543,0.6849862672278171
0.6544,0.5822475818975485
0.6545000000000001,0.611548429
0.6546000000000001,0.5906480542372065
0.6547000000000001,0.688027442
0.6548,0.27047674031935925
0.6549,0.3535468525910164
0.655,0.3575500486099151
0.6551,0.19743648279614126
0.6552,0.19701507193863158
0.6553,0.15267638411416082
0.6554,0.071245528
0.6555000000000001,0.10891464321009064
0.6556000000000001,0.15366409095522612
0.6557000000000001,0.10296707517966625
0.6558,0.12009031808192028
0.6559,0.18925284313165128
0.656,0.25432056385746604
0.6561,0.16827481655752627
0.6562,0.39114297168659623
0.6563,0.3535319995279741
0.6564,0.5102714358597865
0.6565000000000001,0.4579305593014143
0.6566000000000001,0.48615069333160643
0.6567000000000001,0.2751220543588327
0.6568,0.2740850193394925
0.6569,0.14085833314289425
0.657,0.11441925499395134
0.6571,0.201749951
0.6572,0.1575418523689136
0.6573,-0.104678578
0.6574,-0.084864646
0.6575000000000001,-0.070899595
0.6576000000000001,-0.014829786
0.6577000000000001,-0.180572529
0.6578,-0.130157533
0.6579,0.086766642
0.658,-0.052630929
0.6581,0.12337074936788181
0.6582,0.22197612293977123
0.6583,0.28076523092234795
0.6584,0.2589499568447724
0.6585000000000001,0.24528815142325852
0.6586000000000001,0.3268974613851179
0.6587000000000001,0.24840540661857466
0.6588,0.12433344184848721
0.6589,0.1181920588031088
0.659,0.078932039
0.6591,0.118909925
0.6592,-0.016359384
0.6593,-0.031254674
0.6594,-0.210535042
0.6595000000000001,-0.2182276
0.6596000000000001,-0.190117815
0.6597000000000001,-0.15912067
0.6598,-0.18876497
0.6599,0.044184842884019686
0.66,0.070668131
0.6601,0.032635618
0.6602,0.15945982513668236
0.6603,0.1654667908671232
0.6604,0.22887365395171175
0.6605000000000001,0.068748397
0.6606000000000001,0.15003356418971422
0.6607000000000001,0.12377614004028478
0.6608,0.12915664537080992
0.6609,-0.031725954
0.661,-0.248272975
0.6611,-0.201710204
0.6612,-0.18097861
0.6613,-0.220478194
0.6614,-0.124631943
0.6615,-0.227928974
0.6616000000000001,-0.263764982
0.6617000000000001,-0.250103255
0.6618,-0.120674108
0.6619,-0.206323378
0.662,-0.114514859
0.6621,-0.1347372
0.6622,0.11543001052084953
0.6623,0.071187623
0.6624,0.005076374
0.6625,0.055647540224738015
0.6626000000000001,0.088974493
0.6627000000000001,-0.007229598
0.6628000000000001,-0.081300256
0.6629,-0.153923412
0.663,-0.1437176
0.6631,-0.268899354
0.6632,-0.340096569
0.6633,-0.462887298
0.6634,-0.386334135
0.6635,-0.425144156
0.6636000000000001,-0.435080498
0.6637000000000001,-0.373710444
0.6638000000000001,-0.294378477
0.6639,-0.251375144
0.664,-0.210697192
0.6641,-0.221767659
0.6642,-0.201705764
0.6643,-0.205381642
0.6644,-0.150864669
0.6645,-0.102185122
0.6646000000000001,-0.186763306
0.6647000000000001,-0.155077856
0.6648000000000001,-0.294917235
0.6649,-0.417161453
0.665,-0.291554292
0.6651,-0.468055568
0.6652,-0.564179015
0.6653,-0.640495578
0.6654,-0.559239349
0.6655,-0.504722429
0.6656000000000001,-0.649169917
0.6657000000000001,-0.61790801
0.6658000000000001,-0.482977409
0.6659,-0.670220924
0.666,-0.318797722
0.6661,-0.231510025
0.6662,-0.600608756
0.6663,-0.360590102
0.6664,-0.394942916
0.6665,-0.361969623
0.6666000000000001,-0.397294191
0.6667000000000001,-0.340627678
0.6668000000000001,-0.472240448
0.6669,-0.605356607
0.667,-0.621625389
0.6671,-0.642093981
0.6672,-0.847402174
0.6673,-0.942366496
0.6674,-0.693407485
0.6675,-0.927786293
0.6676000000000001,-0.891384541
0.6677000000000001,-0.897611909
0.6678000000000001,-0.791492407
0.6679,-0.651548095
0.668,-0.698936971
0.6681,-0.818729645
0.6682,-0.765927131
0.6683,-0.656506706
0.6684,-0.631216728
0.6685,-0.751229347
0.6686000000000001,-0.571135433
0.6687000000000001,-0.765323295
0.6688000000000001,-0.616422482
0.6689,-0.659097047
0.669,-0.899392675
0.6691,-0.919062358
0.6692,-1.121186069
0.6693,-1.029520114
0.6694,-1.160045202
0.6695,-1.229144097
0.6696000000000001,-1.167518199
0.6697000000000001,-1.165015205
0.6698000000000001,-1.121099681
0.6699,-0.974711873
0.67,-1.062824607
0.6701,-0.810265159
0.6702,-1.009930962
0.6703,-0.740789964
0.6704,-0.933002907
0.6705,-0.851750455
0.6706000000000001,-0.910149811
0.6707000000000001,-0.936005985
0.6708000000000001,-0.897490532
0.6709,-0.905881002
0.671,-1.000602312
0.6711,-1.197859504
0.6712,-1.213947477
0.6713,-1.342594201
0.6714,-1.394474842
0.6715,-1.422970668
0.6716000000000001,-1.362414115
0.6717000000000001,-1.284556862
0.6718000000000001,-1.418335327
0.6719,-1.218033892
0.672,-1.035499345
0.6721,-1.009046543
0.6722,-1.093236841
0.6723,-1.116849618
0.6724,-0.942370245
0.6725,-1.156761166
0.6726000000000001,-0.893870013
0.6727000000000001,-1.029225749
0.6728000000000001,-0.910445611
0.6729,-1.25093567
0.673,-1.100710774
0.6731,-1.243087937
0.6732,-1.315862547
0.6733,-1.4412821
0.6734,-1.310000836
0.6735,-1.310401457
0.6736000000000001,-1.208418473
0.6737000000000001,-1.238180858
0.6738000000000001,-1.317571021
0.6739,-1.289570392
0.674,-1.25136609
0.6741,-0.956126102
0.6742,-1.073856011
0.6743,-0.841779486
0.6744,-0.882096714
0.6745,-0.879704654
0.6746,-0.931689377
0.6747000000000001,-0.873420551
0.6748000000000001,-0.961958593
0.6749,-1.035687258
0.675,-1.001426398
0.6751,-1.11906126
0.6752,-1.215280294
0.6753,-1.135276458
0.6754,-1.203882166
0.6755,-1.156026167
0.6756,-1.207744619
0.6757000000000001,-1.225346626
0.6758000000000001,-0.930662294
0.6759000000000001,-0.874597501
0.676,-0.849952236
0.6761,-0.873534977
0.6762,-0.793973535
0.6763,-0.597847342
0.6764,-0.690611363
0.6765,-0.684955331
0.6766,-0.475758676
0.6767000000000001,-0.638729194
0.6768000000000001,-0.518237371
0.6769000000000001,-0.807475969
0.677,-0.695691657
0.6771,-0.612610215
0.6772,-0.810635917
0.6773,-0.856976991
0.6774,-0.935918367
0.6775,-0.743583361
0.6776,-0.85953759
0.6777000000000001,-0.75432208
0.6778000000000001,-0.778153549
0.6779000000000001,-0.475686718
0.678,-0.422351008
0.6781,-0.431492889
0.6782,-0.441305349
0.6783,-0.157361583
0.6784,-0.256366908
0.6785,-0.280758426
0.6786,-0.317924131
0.6787000000000001,-0.231662869
0.6788000000000001,-0.315038907
0.6789000000000001,-0.27850964
0.679,-0.205037714
0.6791,-0.330383531
0.6792,-0.301476274
0.6793,-0.405754617
0.6794,-0.344689551
0.6795,-0.179539093
0.6796,-0.324747341
0.6797000000000001,-0.211093404
0.6798000000000001,-0.29618667
0.6799000000000001,0.033104008
0.68,-0.03817653
0.6801,0.17254717385663754
0.6802,0.161090068
0.6803,0.2907741084477361
0.6804,0.3505494487127345
0.6805,0.29701593133090815
0.6806,0.4372555915434939
0.6807000000000001,0.2871690553353929
0.6808000000000001,0.3921664821327421
0.6809000000000001,0.26913509439299704
0.681,0.29255504896208123
0.6811,0.19172453330193198
0.6812,0.20266593554342519
0.6813,0.094010162
0.6814,0.19675924896040484
0.6815,0.19587706556150347
0.6816,0.1838800855156133
0.6817000000000001,0.2758319092917998
0.6818000000000001,0.35969379191687156
0.6819000000000001,0.37965754434435595
0.682,0.5044411466189768
0.6821,0.5197941305800889
0.6822,0.8670520102326642
0.6823,0.8314668883341662
0.6824,0.8197748714692633
0.6825,0.9239398399785193
0.6826,0.684158015
0.6827000000000001,0.6312422528240818
0.6828000000000001,0.7810726920551075
0.6829000000000001,0.6680116915742697
0.683,0.7182180058149232
0.6831,0.7120571476293213
0.6832,0.7333445574361747
0.6833,0.54385386
0.6834,0.6575079053995019
0.6835,0.6355020236340508
0.6836,0.6901057048777204
0.6837000000000001,0.6668517820522797
0.6838000000000001,0.8805989086435023
0.6839000000000001,0.8342294304279303
0.684,1.0625896108760653
0.6841,0.9350953218932481
0.6842,1.1288943977029242
0.6843,1.123843443444373
0.6844,1.1452164374294072
0.6845,1.2457241947758884
0.6846,1.1748294357075908
0.6847000000000001,0.970305373
0.6848000000000001,0.9063840614831756
0.6849000000000001,1.2093372644180354
0.685,1.1555274578169779
0.6851,1.1571374707166882
0.6852,0.959318672
0.6853,0.8228635995548768
0.6854,0.8735732044194346
0.6855,0.9070108460372325
0.6856,0.8435394193289751
0.6857000000000001,1.0920838529798076
0.6858000000000001,1.190762299
0.6859000000000001,1.1122465056574309
0.686,1.1410176753424202
0.6861,1.1056640271560128
0.6862,1.3937741064864448
0.6863,1.3249294241005594
0.6864,1.3280955452512784
0.6865,1.402986374913985
0.6866,1.3108037459592174
0.6867000000000001,1.3434446366142803
0.6868000000000001,1.1739811563604108
0.6869000000000001,1.3220142051000188
0.687,1.1658095889287496
0.6871,1.2054825000678877
0.6872,1.0408587427517282
0.6873,1.0012427754284317
0.6874,0.8856969477590914
0.6875,1.0321474637680301
0.6876,0.9090894733824099
0.6877,0.9661859949621786
0.6878000000000001,1.0465058897943547
0.6879000000000001,1.1084973634262612
0.6880000000000001,1.0202935993800675
0.6881,1.1958611266825372
0.6882,1.329008531869553
0.6883,1.2742582700835092
0.6884,1.309429709986185
0.6885,1.3442590793739333
0.6886,1.3050739826418067
0.6887,1.1975867310279762
0.6888000000000001,1.2257802047334259
0.6889000000000001,1.2449968507160871
0.6890000000000001,1.011750212845053
0.6891,0.9959085947964365
0.6892,0.8510686054489203
0.6893,0.9838182471082171
0.6894,0.863545465
0.6895,0.7836534258087393
0.6896,0.8590633049281841
0.6897,0.7737363685568079
0.6898000000000001,0.8212465492256715
0.6899000000000001,0.8322563168958328
0.6900000000000001,0.9146576609954127
0.6901,1.1592732723992525
0.6902,1.0364374624863557
0.6903,1.165053373987569
0.6904,1.0774672863433226
0.6905,1.202927970630109
0.6906,1.0381032476826286
0.6907,1.0825524540623523
0.6908000000000001,1.0268583960547801
0.6909000000000001,1.1404045963919003
0.6910000000000001,0.9299664156023267
0.6911,0.7573153340476365
0.6912,0.7906905239226056
0.6913,0.8494716076634572
0.6914,0.5063118193931971
0.6915,0.5460746820833351
0.6916,0.5908062672049316
0.6917,0.5912224658987751
0.6918000000000001,0.6285767211093735
0.6919000000000001,0.5929218524276412
0.6920000000000001,0.8576481622767403
0.6921,0.679562601
0.6922,0.8193223982308441
0.6923,0.9494547241824274
0.6924,0.8779815135005562
0.6925,0.7980406257437769
0.6926,0.7449328568356137
0.6927,0.792267865
0.6928000000000001,0.6921421026849057
0.6929000000000001,0.699695208
0.6930000000000001,0.49573448433916645
0.6931,0.5975268891686218
0.6932,0.47247881751279364
0.6933,0.4207553176600315
0.6934,0.4791095279887873
0.6935,0.3057642410184107
0.6936,0.27936181830119766
0.6937,0.3089687532361248
0.6938000000000001,0.368699628
0.6939000000000001,0.41976085783270595
0.6940000000000001,0.4096913947434939
0.6941,0.36353844713245653
0.6942,0.5238336363688384
0.6943,0.6294489928376721
0.6944,0.6278246727800533
0.6945,0.7106794039778005
0.6946,0.749521151
0.6947,0.6137345079592335
0.6948000000000001,0.6078179743226764
0.6949000000000001,0.49144434389118485
0.6950000000000001,0.49389872166075244
0.6951,0.432350392
0.6952,0.29377391418262655
0.6953,0.21927283873765946
0.6954,0.10744184284957534
0.6955,0.10045014664476878
0.6956,0.076385162
0.6957,0.17156851965371375
0.6958000000000001,0.098718054
0.6959000000000001,0.1872255396815685
0.6960000000000001,0.066501881
0.6961,0.44534757336608133
0.6962,0.3365806916427884
0.6963,0.42605853287064277
0.6964,0.5259715654518123
0.6965,0.43466975624531473
0.6966,0.5080928771615465
0.6967,0.25666333288391696
0.6968000000000001,0.49558607780229547
0.6969000000000001,0.32722382801858046
0.6970000000000001,0.1875707511072207
0.6971,0.21558786325949358
0.6972,-0.054948185
0.6973,-0.035917105
0.6974,0.067337599
0.6975,-0.214168756
0.6976,-0.016841616
0.6977,0.002786385
0.6978000000000001,0.15562053872052198
0.6979000000000001,-0.079039883
0.6980000000000001,0.23206264063510643
0.6981,0.1143568824070811
0.6982,0.1732480214621169
0.6983,0.14975160237091537
0.6984,0.18325924149092399
0.6985,0.3068304767433773
0.6986,0.17034523942529703
0.6987,0.2848116792016005
0.6988000000000001,0.12305748784701766
0.6989000000000001,0.018131522600631222
0.6990000000000001,0.006053785
0.6991,0.008387521
0.6992,-0.101453538
0.6993,-0.125682413
0.6994,-0.105989853
0.6995,-0.089699251
0.6996,-0.19609504
0.6997,-0.231172619
0.6998000000000001,-0.102035415
0.6999000000000001,-0.01943788
0.7000000000000001,-0.116858024
0.7001000000000001,-0.014158817
0.7002,0.050588021538540556
0.7003,0.13100908272918677
0.7004,0.11040470318705825
0.7005,0.23285622504398684
0.7006,0.033275794
0.7007,0.002041726
0.7008,0.052554172481032876
0.7009000000000001,0.00449683
0.7010000000000001,-0.164650027
0.7011000000000001,-0.163714134
0.7012,-0.208178277
0.7013,-0.257052768
0.7014,-0.247181274
0.7015,-0.327475
0.7016,-0.1520605
0.7017,-0.208455582
0.7018,-0.27357786
0.7019000000000001,-0.151553622
0.7020000000000001,-0.093370931
0.7021000000000001,0.049581167
0.7022,-0.046113068
0.7023,0.10117480377661628
0.7024,0.065026596
0.7025,0.18412926236610103
0.7026,0.15147374843290595
0.7027,0.028586259007997522
0.7028,-0.059525216
0.7029000000000001,-0.061053044
0.7030000000000001,-0.185270554
0.7031000000000001,-0.105830444
0.7032,-0.297518344
0.7033,-0.388453768
0.7034,-0.429314588
0.7035,-0.507689128
0.7036,-0.3648239
0.7037,-0.455212994
0.7038,-0.266366798
0.7039000000000001,-0.410935186
0.7040000000000001,-0.244736156
0.7041000000000001,-0.110496136
0.7042,-0.328525662
0.7043,0.039592853
0.7044,-0.137434965
0.7045,-0.092469499
0.7046,-0.078144479
0.7047,-0.104672103
0.7048,-0.195769985
0.7049000000000001,-0.204491335
0.7050000000000001,-0.315581124
0.7051000000000001,-0.289231909
0.7052,-0.45543012
0.7053,-0.395816965
0.7054,-0.52099592
0.7055,-0.759175056
0.7056,-0.408035794
0.7057,-0.646610468
0.7058,-0.449064435
0.7059000000000001,-0.523241792
0.7060000000000001,-0.391259993
0.7061000000000001,-0.482116362
0.7062,-0.33404219
0.7063,-0.373045087
0.7064,-0.211106905
0.7065,-0.305694427
0.7066,-0.288947974
0.7067,-0.578694556
0.7068,-0.47008067
0.7069000000000001,-0.499639899
0.7070000000000001,-0.589961384
0.7071000000000001,-0.606384143
0.7072,-0.781976808
0.7073,-0.806764833
0.7074,-0.758328768
0.7075,-1.058687279
0.7076,-0.833248262
0.7077,-0.892499063
0.7078,-0.908324873
0.7079000000000001,-0.766447751
0.7080000000000001,-0.647135574
0.7081000000000001,-0.614128927
0.7082,-0.666006299
0.7083,-0.554530247
0.7084,-0.54031264
0.7085,-0.620462947
0.7086,-0.692129151
0.7087,-0.729236373
0.7088,-0.668858339
0.7089000000000001,-0.8081194
0.7090000000000001,-0.96322697
0.7091000000000001,-1.088969196
0.7092,-0.956083775
0.7093,-1.123156494
0.7094,-1.093758787
0.7095,-1.042988718
0.7096,-1.249085358
0.7097,-1.131366355
0.7098,-1.108742461
0.7099000000000001,-1.020306836
0.7100000000000001,-0.9008672
0.7101000000000001,-1.055423144
0.7102,-0.858342356
0.7103,-0.787502484
0.7104,-0.866592222
0.7105,-0.862665156
0.7106,-0.837458172
0.7107,-0.880922325
0.7108,-0.915010903
0.7109000000000001,-0.980964704
0.7110000000000001,-1.174402073
0.7111000000000001,-1.086249677
0.7112,-1.135345242
0.7113,-1.26514134
0.7114,-1.434683242
0.7115,-1.340446252
0.7116,-1.31185578
0.7117,-1.396093332
0.7118,-1.294201159
0.7119000000000001,-1.327075147
0.7120000000000001,-1.108197977
0.7121000000000001,-1.085523004
0.7122,-1.178084768
0.7123,-0.976982596
0.7124,-0.983677385
0.7125,-0.930053763
0.7126,-1.014004937
0.7127,-1.076257104
0.7128,-1.118617207
0.7129000000000001,-1.155832049
0.7130000000000001,-1.172656464
0.7131000000000001,-1.223210553
0.7132000000000001,-1.304636095
0.7133,-1.365560187
0.7134,-1.38577293
0.7135,-1.163874465
0.7136,-1.412886709
0.7137,-1.36346264
0.7138,-1.006551066
0.7139,-1.175580321
0.7140000000000001,-1.252285228
0.7141000000000001,-1.006569073
0.7142000000000001,-1.084405179
0.7143,-0.887472955
0.7144,-0.94097946
0.7145,-0.941280553
0.7146,-0.778406714
0.7147,-0.880962276
0.7148,-0.882881777
0.7149,-0.971356621
0.7150000000000001,-1.092662343
0.7151000000000001,-1.058635138
0.7152000000000001,-1.05467628
0.7153,-1.172483557
0.7154,-1.054631906
0.7155,-1.127099991
0.7156,-1.154477227
0.7157,-1.108497999
0.7158,-1.05848924
0.7159,-1.098425517
0.7160000000000001,-0.927860809
0.7161000000000001,-0.824815203
0.7162000000000001,-0.803234907
0.7163,-0.681419377
0.7164,-0.660600361
0.7165,-0.572455497
0.7166,-0.57248846
0.7167,-0.621542716
0.7168,-0.769088429
0.7169,-0.552346797
0.7170000000000001,-0.748497728
0.7171000000000001,-0.784767739
0.7172000000000001,-0.840417645
0.7173,-0.874929564
0.7174,-0.71897357
0.7175,-0.71928726
0.7176,-0.762375871
0.7177,-0.755337408
0.7178,-0.629863928
0.7179,-0.594334527
0.7180000000000001,-0.529959666
0.7181000000000001,-0.401917635
0.7182000000000001,-0.384266054
0.7183,-0.260053005
0.7184,-0.210754696
0.7185,-0.144107157
0.7186,-0.226485647
0.7187,-0.12317475
0.7188,-0.271172777
0.7189,-0.274489306
0.7190000000000001,-0.306904418
0.7191000000000001,-0.38611566
0.7192000000000001,-0.248678762
0.7193,-0.425412043
0.7194,-0.405816384
0.7195,-0.232778542
0.7196,-0.342515071
0.7197,-0.256899174
0.7198,-0.251906811
0.7199,-0.021868385
0.7200000000000001,0.0677389
0.7201000000000001,0.14762015419409583
0.7202000000000001,0.21394687762740836
0.7203,0.2477348881276441
0.7204,0.2549183211808288
0.7205,0.26801361395865536
0.7206,0.4530955188234895
0.7207,0.4090721861930064
0.7208,0.2744674063544886
0.7209,0.30353805938421646
0.7210000000000001,0.24058120563272198
0.7211000000000001,0.1384271170338196
0.7212000000000001,0.21287996769660916
0.7213,0.1467462450645777
0.7214,0.100751757
0.7215,0.074011434
0.7216,0.10198808982496968
0.7217,0.25052005638744357
0.7218,0.3421658361893423
0.7219,0.3589420437924863
0.7220000000000001,0.5668009868899436
0.7221000000000001,0.5949945625090605
0.7222000000000001,0.7255441919637631
0.7223,0.7321045323025075
0.7224,0.7349579322021897
0.7225,0.8393002114714825
0.7226,0.7414842525298645
0.7227,0.8790117135017016
0.7228,0.7380440404741094
0.7229,0.8517554251851001
0.7230000000000001,0.7100699880714407
0.7231000000000001,0.7806072976865269
0.7232000000000001,0.5699015424818653
0.7233,0.5806934029505362
0.7234,0.6560122462545888
0.7235,0.7279906156560206
0.7236,0.7956336727482766
0.7237,0.7117428312069786
0.7238,0.9169677479174538
0.7239,0.8193369583161842
0.7240000000000001,1.0085564427848135
0.7241000000000001,0.9229519344310929
0.7242000000000001,1.1030842510555507
0.7243,0.9412814786207622
0.7244,1.081708549830506
0.7245,1.2324731113849519
0.7246,1.0937682058667204
0.7247,1.2174185688590193
0.7248,1.2239301610020998
0.7249,1.0674378761779257
0.7250000000000001,0.9795905447325757
0.7251000000000001,0.9682152657478333
0.7252000000000001,0.8834559463781188
0.7253000000000001,0.9181772990734273
0.7254,0.9153071618225639
0.7255,0.8816160749605866
0.7256,1.0580512164867273
0.7257,0.9026455695669396
0.7258,1.1229167226525933
0.7259,0.9906849106940434
0.7260000000000001,1.147708980673607
0.7261000000000001,1.3039098181178197
0.7262000000000001,1.3605679669742323
0.7263000000000001,1.2852042474166214
0.7264,1.3956342747298662
0.7265,1.3981867745131613
0.7266,1.314465533990905
0.7267,1.3809706177364285
0.7268,1.4383778781923224
0.7269,1.2727832831648296
0.727,1.2194709825453425
0.7271000000000001,1.1665508294731322
0.7272000000000001,0.9400715083906426
0.7273000000000001,1.0489567259876498
0.7274,0.901341576
0.7275,0.9241759506707538
0.7276,1.1521120121993378
0.7277,0.9848388560454139
0.7278,0.9872081865642186
0.7279,1.1910060350431468
0.728,1.080967194370105
0.7281000000000001,1.1785320643864066
0.7282000000000001,1.3653142878169509
0.7283000000000001,1.3079467180700588
0.7284,1.2024804867131276
0.7285,1.3747857644523276
0.7286,1.2834335466818416
0.7287,1.4032160901413449
0.7288,1.1801929388161274
0.7289,1.249569075013775
0.729,1.2379001312156768
0.7291000000000001,0.9577916880503679
0.7292000000000001,0.9461420697029896
0.7293000000000001,0.939597713
0.7294,0.8023464612447287
0.7295,0.8732929922338306
0.7296,0.8336884339162477
0.7297,0.8504189800209734
0.7298,0.9078412631590884
0.7299,0.9547681765302795
0.73,1.013110461526007
0.7301000000000001,1.0027801580427247
0.7302000000000001,1.050673191040992
0.7303000000000001,1.118268357069462
0.7304,1.1407907886409288
0.7305,1.1070573237733168
0.7306,1.1461049791239806
0.7307,0.9342332799473878
0.7308,0.9641929905525617
0.7309,0.9317859433816327
0.731,0.8110431776015573
0.7311000000000001,0.9350834963785929
0.7312000000000001,0.737395555
0.7313000000000001,0.6925592242826507
0.7314,0.5980242499946965
0.7315,0.6122109318589903
0.7316,0.512537795
0.7317,0.6110041611825344
0.7318,0.5802365826881133
0.7319,0.6750681468945321
0.732,0.5405383526885631
0.7321000000000001,0.7031310322485089
0.7322000000000001,0.9524535353617886
0.7323000000000001,0.9322200967701718
0.7324,0.9859194489454383
0.7325,0.9874098606696664
0.7326,0.9066659032786809
0.7327,0.7744383063094413
0.7328,0.6697243922517817
0.7329,0.7750162887400924
0.733,0.6130160141081846
0.7331000000000001,0.7320058555281665
0.7332000000000001,0.4340270175787664
0.7333000000000001,0.5634000744942629
0.7334,0.3512800424738902
0.7335,0.4476717686688501
0.7336,0.4731624928584477
0.7337,0.2709538492494147
0.7338,0.3453019074918423
0.7339,0.34439971136014025
0.734,0.3777516546109089
0.7341000000000001,0.5787506154171829
0.7342000000000001,0.5529776868192382
0.7343000000000001,0.6048522453899292
0.7344,0.6614231390776325
0.7345,0.46612409969453594
0.7346,0.6960235077459903
0.7347,0.5250602731753548
0.7348,0.5398084274290484
0.7349,0.47975942764851653
0.735,0.4667705060476695
0.7351000000000001,0.2758935105666437
0.7352000000000001,0.047789704
0.7353000000000001,0.16733263609997012
0.7354,0.1399169652574867
0.7355,0.021016260390667743
0.7356,0.11521140108923945
0.7357,0.092986916
0.7358,0.048925580856826176
0.7359,0.25623282806462644
0.736,0.20981745951730768
0.7361000000000001,0.2749900446053155
0.7362000000000001,0.31721235046680063
0.7363000000000001,0.48845038568085514
0.7364,0.40607533693302644
0.7365,0.41697426689368233
0.7366,0.3572944886431551
0.7367,0.39303170363641243
0.7368,0.41174139451060654
0.7369,0.2920838775384057
0.737,0.22578390861516767
0.7371000000000001,0.15007993312019793
0.7372000000000001,-0.071876805
0.7373000000000001,-0.082917421
0.7374,-0.064601424
0.7375,-0.122873064
0.7376,-0.1468412
0.7377,-0.189561767
0.7378,-0.109639864
0.7379,0.027074505957168267
0.738,0.097738047
0.7381000000000001,0.09567024
0.7382000000000001,0.21532279526972467
0.7383000000000001,0.21280526205508243
0.7384000000000001,0.3575332914781849
0.7385,0.26161862782507417
0.7386,0.3150382631199389
0.7387,0.24184603349293754
0.7388,0.063929088
0.7389,0.10792157300963807
0.739,-0.050571411
0.7391000000000001,-0.027198721
0.7392000000000001,-0.138875743
0.7393000000000001,-0.09786218
0.7394000000000001,-0.269074797
0.7395,-0.175116821
0.7396,-0.125494169
0.7397,-0.075027212
0.7398,-0.169256394
0.7399,-0.055669769
0.74,0.014731757832876788
0.7401,0.18085994960384477
0.7402000000000001,-0.010383432
0.7403000000000001,0.074746654
0.7404000000000001,0.395644415
0.7405,0.1544451843197548
0.7406,0.010406945253276761
0.7407,0.081815211
0.7408,-0.14224458
0.7409,0.037822711047654625
0.741,0.016504263813334814
0.7411,-0.188107217
0.7412000000000001,-0.213752685
0.7413000000000001,-0.1516966
0.7414000000000001,-0.39934903
0.7415,-0.380274386
0.7416,-0.288536619
0.7417,-0.30769874
0.7418,-0.23251813
0.7419,-0.260214567
0.742,-0.086147077
0.7421,-0.059535197
0.7422000000000001,0.045852766163869955
0.7423000000000001,0.055819667997447184
0.7424000000000001,0.078213443
0.7425,-0.050900647
0.7426,0.087609756
0.7427,-0.013641398
0.7428,-0.051870471
0.7429,-0.017720367
0.743,-0.228389396
0.7431,-0.132160266
0.7432000000000001,-0.188237927
0.7433000000000001,-0.295779603
0.7434000000000001,-0.470995046
0.7435,-0.585549741
0.7436,-0.323041837
0.7437,-0.380701293
0.7438,-0.413834456
0.7439,-0.213615394
0.744,-0.323840182
0.7441,-0.236446457
0.7442000000000001,-0.114354668
0.7443000000000001,-0.210956617
0.7444000000000001,-0.112170622
0.7445,-0.016626154
0.7446,-0.106971557
0.7447,-0.06296832
0.7448,-0.126992512
0.7449,-0.283663035
0.745,-0.544046091
0.7451,-0.518564184
0.7452000000000001,-0.436149594
0.7453000000000001,-0.67700792
0.7454000000000001,-0.619217635
0.7455,-0.587636597
0.7456,-0.499358353
0.7457,-0.646664515
0.7458,-0.620186973
0.7459,-0.529580929
0.746,-0.448074176
0.7461,-0.439377796
0.7462000000000001,-0.300160286
0.7463000000000001,-0.41672135
0.7464000000000001,-0.327814279
0.7465,-0.305170864
0.7466,-0.395842011
0.7467,-0.338391611
0.7468,-0.451318172
0.7469,-0.469376373
0.747,-0.592322248
0.7471,-0.653164355
0.7472000000000001,-0.803295809
0.7473000000000001,-0.861129538
0.7474000000000001,-0.754875191
0.7475,-0.825551324
0.7476,-0.962233515
0.7477,-0.851319203
0.7478,-1.025241507
0.7479,-0.839286502
0.748,-0.668449464
0.7481,-0.707272081
0.7482000000000001,-0.645764243
0.7483000000000001,-0.865900024
0.7484000000000001,-0.641138361
0.7485,-0.586411468
0.7486,-0.599459517
0.7487,-0.601429193
0.7488,-0.752707227
0.7489,-0.81800012
0.749,-0.986101787
0.7491,-0.970541893
0.7492000000000001,-1.123556296
0.7493000000000001,-1.227243829
0.7494000000000001,-1.207004157
0.7495,-1.021470478
0.7496,-1.166016296
0.7497,-1.110165175
0.7498,-1.136166629
0.7499,-1.193930347
0.75,-0.92511095
0.7501,-1.12284285
0.7502000000000001,-0.948309606
0.7503000000000001,-0.874393576
0.7504000000000001,-0.833242885
0.7505000000000001,-0.909786965
0.7506,-1.01797104
0.7507,-0.972595154
0.7508,-1.02149975
0.7509,-1.087714626
0.751,-1.018239601
0.7511,-1.262559219
0.7512000000000001,-1.204609553
0.7513000000000001,-1.267364208
0.7514000000000001,-1.238314411
0.7515000000000001,-1.341917145
0.7516,-1.264117773
0.7517,-1.318302924
0.7518,-1.230638712
0.7519,-1.334560883
0.752,-1.367843601
0.7521,-1.06859568
0.7522000000000001,-1.011927465
0.7523000000000001,-0.967059598
0.7524000000000001,-1.021151271
0.7525000000000001,-0.852189126
0.7526,-1.019472567
0.7527,-0.978468431
0.7528,-1.009378739
0.7529,-0.975279218
0.753,-1.199524842
0.7531,-1.287302662
0.7532,-1.409230135
0.7533000000000001,-1.207505262
0.7534000000000001,-1.323947796
0.7535000000000001,-1.328247559
0.7536,-1.101892358
0.7537,-1.2928213
0.7538,-1.374245107
0.7539,-1.224933671
0.754,-1.219869368
0.7541,-1.105653521
0.7542,-1.043809237
0.7543000000000001,-1.007159826
0.7544000000000001,-1.035565078
0.7545000000000001,-0.778696754
0.7546,-0.883232068
0.7547,-0.944312146
0.7548,-0.900109906
0.7549,-0.968464813
0.755,-1.035051523
0.7551,-1.052743646
0.7552,-1.140698732
0.7553000000000001,-1.129644883
0.7554000000000001,-1.13851433
0.7555000000000001,-1.182121469
0.7556,-1.18906739
0.7557,-1.006185098
0.7558,-1.107700334
0.7559,-0.967021326
0.756,-0.88754236
0.7561,-0.89127475
0.7562,-0.834573888
0.7563000000000001,-0.7367417
0.7564000000000001,-0.701682308
0.7565000000000001,-0.751001293
0.7566,-0.677657057
0.7567,-0.61361714
0.7568,-0.558435911
0.7569,-0.65125331
0.757,-0.945109208
0.7571,-0.726992526
0.7572,-0.85766812
0.7573000000000001,-0.799610226
0.7574000000000001,-0.843629034
0.7575000000000001,-0.845585816
0.7576,-0.806106201
0.7577,-0.74853134
0.7578,-0.571840969
0.7579,-0.601811101
0.758,-0.427898942
0.7581,-0.353773639
0.7582,-0.29560979
0.7583000000000001,-0.423163652
0.7584000000000001,-0.137761757
0.7585000000000001,-0.228974142
0.7586,-0.119696508
0.7587,-0.257788285
0.7588,-0.293473781
0.7589,-0.070572875
0.759,-0.341149058
0.7591,-0.208662987
0.7592,-0.320458119
0.7593000000000001,-0.381497449
0.7594000000000001,-0.353489387
0.7595000000000001,-0.437298718
0.7596,-0.297968805
0.7597,-0.328466984
0.7598,-0.202579995
0.7599,-0.014480517
0.76,0.020335254
0.7601,-0.030069158
0.7602,0.2390635415249202
0.7603000000000001,0.24127977829342245
0.7604000000000001,0.2534936330631095
0.7605000000000001,0.3929452628046631
0.7606,0.3365265297244057
0.7607,0.25463493726240705
0.7608,0.47775652144649855
0.7609,0.2989685224950936
0.761,0.25807959671290537
0.7611,0.1962755597519024
0.7612,0.2930651167234963
0.7613000000000001,0.13799537755235847
0.7614000000000001,0.053356301
0.7615000000000001,0.13804782581308017
0.7616,0.3332343378778191
0.7617,0.3468047195195976
0.7618,0.32857218161056106
0.7619,0.5388265199368111
0.762,0.5745772109830186
0.7621,0.5789111367609011
0.7622,0.666120579
0.7623000000000001,0.7730828140731717
0.7624000000000001,0.7313763870456643
0.7625000000000001,0.8305312110211512
0.7626000000000001,0.8671792826603736
0.7627,0.7008993327620934
0.7628,0.7978703511897336
0.7629,0.7540523282331738
0.763,0.8193918893676778
0.7631,0.5480448568768369
0.7632,0.6291909159926943
0.7633000000000001,0.5963746072196804
0.7634000000000001,0.7023431276204378
0.7635000000000001,0.6308671226326968
0.7636000000000001,0.8059925317352654
0.7637,0.7614106086650301
0.7638,0.737130258
0.7639,0.8616828180269321
0.764,0.8923295282462161
0.7641,1.0670781014269815
0.7642,0.9628923934431924
0.7643000000000001,1.0627212437635805
0.7644000000000001,1.2078910242471572
0.7645000000000001,1.2931994834363865
0.7646000000000001,1.0226058263516307
0.7647,1.2932202972750673
0.7648,1.1402027010628717
0.7649,0.9568334946404156
0.765,0.8169685538354353
0.7651,0.88379931
0.7652,0.9591445434452129
0.7653000000000001,0.9210025406899913
0.7654000000000001,0.9577959466082365
0.7655000000000001,0.862137911
0.7656000000000001,0.8354592335560926
0.7657,0.9271509641290321
0.7658,1.0142908912651012
0.7659,1.092445873195442
0.766,1.0787535991364017
0.7661,1.281377121460805
0.7662,1.2203476530559676
0.7663000000000001,1.2492474902466526
0.7664000000000001,1.3078373763666986
0.7665000000000001,1.4504796618762332
0.7666000000000001,1.347036952043071
0.7667,1.276133542518999
0.7668,1.363467124463938
0.7669,1.406467113155715
0.767,1.1909370829644002
0.7671,1.2114858280863923
0.7672,1.1398358730251068
0.7673,0.9636875719984779
0.7674000000000001,0.9848130764605426
0.7675000000000001,0.8687633355502581
0.7676000000000001,0.9627612883953273
0.7677,0.955004555
0.7678,1.0141912383337086
0.7679,1.0388078262206115
0.768,1.1338136099418525
0.7681,1.256904210822694
0.7682,1.2558307615428685
0.7683,1.1553754570249426
0.7684000000000001,1.2677186051313698
0.7685000000000001,1.2097146471018554
0.7686000000000001,1.3346756353240994
0.7687,1.3202933603432545
0.7688,1.2492117523751842
0.7689,1.1024786456516558
0.769,1.1155926029569088
0.7691,0.9882580054937906
0.7692,0.870541075
0.7693,0.9678620846457521
0.7694000000000001,0.9363763417469309
0.7695000000000001,0.9275810349838804
0.7696000000000001,0.8030141689141558
0.7697,0.9643733707638963
0.7698,0.8644396116361932
0.7699,1.0013471050070752
0.77,0.9591269870585993
0.7701,1.0327676925796156
0.7702,0.9013927003977729
0.7703,1.103602307022114
0.7704000000000001,1.151658597282591
0.7705000000000001,1.1093613015799337
0.7706000000000001,1.2606848532039034
0.7707,0.9864169330153733
0.7708,0.9775437922969544
0.7709,0.8817903606789828
0.771,0.8344302342442668
0.7711,0.8872607002292379
0.7712,0.8541291503767143
0.7713,0.622354241
0.7714000000000001,0.5788421032140818
0.7715000000000001,0.5209029536013082
0.7716000000000001,0.7142609028555305
0.7717,0.7142698766234948
0.7718,0.6467187129766685
0.7719,0.5855724979704731
0.772,0.6407986727562613
0.7721,0.807021645
0.7722,0.879286456
0.7723,0.7004966924398446
0.7724000000000001,0.8546915092291847
0.7725000000000001,1.0058558302605771
0.7726000000000001,0.8354261728150923
0.7727,0.9298388484030133
0.7728,0.8046281582694765
0.7729,0.5965343522372899
0.773,0.5844368726890342
0.7731,0.5221884911340394
0.7732,0.3870339302122344
0.7733,0.3279789642869529
0.7734000000000001,0.4843648730990283
0.7735000000000001,0.2625990313127123
0.7736000000000001,0.42370203999256956
0.7737,0.31787108523466756
0.7738,0.3820506073645298
0.7739,0.47198560287510744
0.774,0.4282625198391917
0.7741,0.5708176124546733
0.7742,0.40499358047522516
0.7743,0.6358395306079089
0.7744000000000001,0.4194415983140354
0.7745000000000001,0.5965673082558474
0.7746000000000001,0.6614216662548986
0.7747,0.6027714307272104
0.7748,0.3933434846130558
0.7749,0.33652924882274193
0.775,0.30201301796074187
0.7751,0.29917937057802424
0.7752,0.055126045
0.7753,0.16170454095585624
0.7754000000000001,0.1487747665085578
0.7755000000000001,0.081114155
0.7756000000000001,0.14543782617884551
0.7757000000000001,0.13976632344825587
0.7758,0.11301355604752376
0.7759,0.047618888
0.776,0.2655885181147978
0.7761,0.23125435256581334
0.7762,0.30795124826077824
0.7763,0.42794203532072367
0.7764000000000001,0.5227353005496717
0.7765000000000001,0.4076014713746522
0.7766000000000001,0.43687056790973144
0.7767000000000001,0.2404440105637825
0.7768,0.3234378371141483
0.7769,0.2354625371253044
0.777,0.2691727581584658
0.7771,0.058344839
0.7772,0.019211596762116506
0.7773,0.071877243
0.7774000000000001,-0.055565136
0.7775000000000001,-0.153511252
0.7776000000000001,0.14245242421381432
0.7777000000000001,-0.126075129
0.7778,-0.007093533
0.7779,0.075331603
0.778,0.12470155679507451
0.7781,0.1439350455384959
0.7782,0.19422794861289486
0.7783,0.22871740402466811
0.7784000000000001,0.18101269580096627
0.7785000000000001,0.44656622610087704
0.7786000000000001,0.24173251919072766
0.7787000000000001,0.2733434119352047
0.7788,0.14932254299006203
0.7789,0.086793133
0.779,0.011843023995447712
0.7791,-0.142536717
0.7792,-0.092114969
0.7793,-0.160979835
0.7794000000000001,-0.067964489
0.7795000000000001,-0.272028976
0.7796000000000001,-0.21745919
0.7797000000000001,-0.219510095
0.7798,0.007279458
0.7799,-0.126642523
0.78,0.044983988
0.7801,0.13470276511299062
0.7802,0.09643314
0.7803,0.037489977751531636
0.7804,0.062155107
0.7805000000000001,0.24507409221991705
0.7806000000000001,0.060838929
0.7807000000000001,0.15978135115753553
0.7808,0.088413206
0.7809,0.048719653
0.781,-0.010551732
0.7811,-0.18986789
0.7812,-0.254137026
0.7813,-0.168394762
0.7814,-0.309679361
0.7815000000000001,-0.494560568
0.7816000000000001,-0.218386981
0.7817000000000001,-0.330412856
0.7818,-0.171637908
0.7819,-0.047688794
0.782,-0.101951159
0.7821,0.032064715988414816
0.7822,0.014221341068135924
0.7823,0.16678205421026793
0.7824,-0.023290331
0.7825000000000001,0.064146743
0.7826000000000001,0.10205536062506174
0.7827000000000001,-0.002405026
0.7828,0.053634913597174275
0.7829,-0.13614468
0.783,-0.00528486
0.7831,-0.070479212
0.7832,-0.281230191
0.7833,-0.311794263
0.7834,-0.297211666
0.7835000000000001,-0.505622073
0.7836000000000001,-0.514308631
0.7837000000000001,-0.289098585
0.7838,-0.33229958
0.7839,-0.325620801
0.784,-0.254025607
0.7841,-0.393397354
0.7842,-0.171590882
0.7843,-0.18211213
0.7844,-0.029966418
0.7845000000000001,-0.024154667
0.7846000000000001,-0.077725998
0.7847000000000001,-0.131125735
0.7848,-0.33746844
0.7849,-0.237030655
0.785,-0.306754946
0.7851,-0.330486988
0.7852,-0.327759538
0.7853,-0.68839266
0.7854,-0.624160373
0.7855000000000001,-0.674096377
0.7856000000000001,-0.603123433
0.7857000000000001,-0.599590791
0.7858,-0.587434522
0.7859,-0.443176918
0.786,-0.564260351
0.7861,-0.510327767
0.7862,-0.466039775
0.7863,-0.38161605
0.7864,-0.435714371
0.7865000000000001,-0.3446736
0.7866000000000001,-0.377062601
0.7867000000000001,-0.468489615
0.7868,-0.393333555
0.7869,-0.537244072
0.787,-0.522838787
0.7871,-0.698880708
0.7872,-0.754640059
0.7873,-0.855690394
0.7874,-0.853390633
0.7875000000000001,-0.819413655
0.7876000000000001,-0.913303041
0.7877000000000001,-0.82431532
0.7878000000000001,-0.90035918
0.7879,-0.732647244
0.788,-0.791724144
0.7881,-0.629126044
0.7882,-0.650319134
0.7883,-0.502913225
0.7884,-0.70208349
0.7885000000000001,-0.731567387
0.7886000000000001,-0.685980086
0.7887000000000001,-0.789186526
0.7888000000000001,-0.846505398
0.7889,-0.755023594
0.789,-0.879866696
0.7891,-0.992554648
0.7892,-1.053587299
0.7893,-1.127193233
0.7894,-0.988160274
0.7895000000000001,-1.201005728
0.7896000000000001,-1.250142112
0.7897000000000001,-1.064071315
0.7898000000000001,-1.112347379
0.7899,-0.887584371
0.79,-1.042096451
0.7901,-0.881388265
0.7902,-0.817350405
0.7903,-0.911731252
0.7904,-0.911115718
0.7905000000000001,-0.792360074
0.7906000000000001,-0.824942768
0.7907000000000001,-1.021356499
0.7908000000000001,-1.051873962
0.7909,-1.228781546
0.791,-1.04821334
0.7911,-1.186417173
0.7912,-1.241659928
0.7913,-1.415343499
0.7914,-1.402999005
0.7915000000000001,-1.369503308
0.7916000000000001,-1.381194298
0.7917000000000001,-1.295098427
0.7918000000000001,-1.218712664
0.7919,-1.03275659
0.792,-1.158382717
0.7921,-1.009567216
0.7922,-1.112819937
0.7923,-1.13909549
0.7924,-1.007340801
0.7925000000000001,-1.099184643
0.7926000000000001,-0.981508489
0.7927000000000001,-1.074575082
0.7928000000000001,-1.213291348
0.7929,-0.97389642
0.793,-1.217167409
0.7931,-1.366056774
0.7932,-1.217524761
0.7933,-1.389983772
0.7934,-1.270447386
0.7935,-1.423163995
0.7936000000000001,-1.394500512
0.7937000000000001,-1.291238342
0.7938000000000001,-1.222601844
0.7939,-1.147782686
0.794,-1.149066066
0.7941,-1.031694712
0.7942,-0.95195178
0.7943,-0.944152344
0.7944,-0.935515126
0.7945,-1.021720481
0.7946000000000001,-0.859205979
0.7947000000000001,-0.922900488
0.7948000000000001,-0.9938102
0.7949,-0.903928886
0.795,-1.171333472
0.7951,-0.976020586
0.7952,-1.153195374
0.7953,-1.157861146
0.7954,-1.230366843
0.7955,-1.328504801
0.7956000000000001,-1.182604623
0.7957000000000001,-1.101837329
0.7958000000000001,-1.015370175
0.7959,-1.01416907
0.796,-1.09605822
0.7961,-0.96584303
0.7962,-0.605786528
0.7963,-0.795836417
0.7964,-0.548141003
0.7965,-0.709077787
0.7966000000000001,-0.640133923
0.7967000000000001,-0.584898318
0.7968000000000001,-0.725326953
0.7969,-0.568227406
0.797,-0.731088179
0.7971,-0.741428755
0.7972,-0.834424538
0.7973,-0.783159009
0.7974,-0.716194794
0.7975,-0.840673681
0.7976000000000001,-0.65955032
0.7977000000000001,-0.79566506
0.7978000000000001,-0.618265684
0.7979,-0.561109139
0.798,-0.600228398
0.7981,-0.411861332
0.7982,-0.348384159
0.7983,-0.348489521
0.7984,-0.198452175
0.7985,-0.180638875
0.7986000000000001,-0.182761646
0.7987000000000001,-0.185471856
0.7988000000000001,-0.205868678
0.7989,-0.258099943
0.799,-0.253403685
0.7991,-0.351864655
0.7992,-0.117386985
0.7993,-0.460634504
0.7994,-0.396681963
0.7995,-0.373670527
0.7996000000000001,-0.133628981
0.7997000000000001,-0.347458531
0.7998000000000001,-0.136870708
0.7999,-0.068632957
0.8,0.026688184373982817
0.8001,0.1874119348729928
0.8002,0.26821084015166674
0.8003,0.20577121312448127
0.8004,0.31238985049536494
0.8005,0.1840829959197647
0.8006000000000001,0.35783051736433036
0.8007000000000001,0.28436869022826583
0.8008000000000001,0.31502115045369655
0.8009000000000001,0.16552176874095745
0.801,0.2969801960090154
0.8011,0.092958478
0.8012,0.21053062611022347
0.8013,0.081865211
0.8014,0.10898340737443642
0.8015,0.2847206069683597
0.8016000000000001,0.27412580551451526
0.8017000000000001,0.37217039761668524
0.8018000000000001,0.4737516044234677
0.8019000000000001,0.3671390120343851
0.802,0.6346595656725529
0.8021,0.48299783335737223
0.8022,0.7390813938793757
0.8023,0.7072703783495312
0.8024,0.7235033316075871
0.8025,0.8793283951647279
0.8026000000000001,0.9180943355048555
0.8027000000000001,0.9090781027825067
0.8028000000000001,0.8302047681066806
0.8029000000000001,0.7888534071687725
0.803,0.7792957746267575
0.8031,0.7199057424230991
0.8032,0.7030198647358743
0.8033,0.6512349358976753
0.8034,0.6929601564672366
0.8035,0.5041742236578454
0.8036000000000001,0.6518030820761741
0.8037000000000001,0.5977258186048827
0.8038000000000001,0.7920842588629264
0.8039000000000001,0.9738645363705228
0.804,0.8827282504400271
0.8041,1.0085065766115364
0.8042,1.1299871477002148
0.8043,0.9631990873479075
0.8044,1.1296669921912232
0.8045,1.224300220280306
0.8046000000000001,0.9670037359901889
0.8047000000000001,1.1051179205498392
0.8048000000000001,1.2394821492076058
0.8049000000000001,1.1877832436313607
0.805,1.0870522393761906
0.8051,1.0767260062116477
0.8052,0.9779292706665629
0.8053,0.9707059763101334
0.8054,0.8818876151242568
0.8055,0.9153618994420984
0.8056000000000001,0.8735128463585538
0.8057000000000001,1.0612765426764945
0.8058000000000001,1.1333268210723577
0.8059000000000001,1.1843770736547927
0.806,1.1092380741439725
0.8061,1.1329594622847758
0.8062,1.3722172876539096
0.8063,1.3623374554399588
0.8064,1.3775154444460247
0.8065,1.3138018810244088
0.8066,1.3917137732892904
0.8067000000000001,1.244872377991624
0.8068000000000001,1.340103492914374
0.8069000000000001,1.3453581659283083
0.807,1.304646115732225
0.8071,1.1694603555459384
0.8072,0.9463879130093565
0.8073,1.0279251626068229
0.8074,1.1538568815470898
0.8075,0.901877979
0.8076,0.9744221438714151
0.8077000000000001,1.1181817329622532
0.8078000000000001,1.0957928286736487
0.8079000000000001,1.2972119346898499
0.808,1.0981518039392173
0.8081,1.1351451330622377
0.8082,1.3633201492448837
0.8083,1.2088550225836563
0.8084,1.311666811
0.8085,1.3260148717177522
0.8086,1.3980299751164393
0.8087000000000001,1.3291694086609336
0.8088000000000001,1.2652530877609933
0.8089000000000001,1.1332765268834655
0.809,1.1930446101529588
0.8091,1.3479330693734735
0.8092,1.0169016792775447
0.8093,0.9164814676727244
0.8094,0.7671050837696956
0.8095,0.8006708805518321
0.8096,0.834585238
0.8097000000000001,0.8272563665270777
0.8098000000000001,0.9026399649803635
0.8099000000000001,1.091308285428577
0.81,1.099773353389472
0.8101,1.0379796483618164
0.8102,0.9984245334156379
0.8103,1.234744775607658
0.8104,1.1404470580628583
0.8105,1.0040452369208581
0.8106,1.1771842172365785
0.8107000000000001,1.1614691545800644
0.8108000000000001,0.8285576188704858
0.8109000000000001,0.8882157981072201
0.811,0.8706960716592771
0.8111,0.8635085280986607
0.8112,0.6946268800606259
0.8113,0.611846298
0.8114,0.6948562466063655
0.8115,0.5760074556237071
0.8116,0.6531224439778617
0.8117000000000001,0.5356682716722201
0.8118000000000001,0.5470106154368575
0.8119000000000001,0.7576819662807402
0.812,0.7655332708181374
0.8121,0.867167748
0.8122,0.7927319829269346
0.8123,0.8021798526431536
0.8124,0.9892538130754961
0.8125,0.7545554579764353
0.8126,0.9529437660799827
0.8127000000000001,0.9163081777383453
0.8128000000000001,0.821511629
0.8129000000000001,0.6282521189432724
0.8130000000000001,0.5425286692191433
0.8131,0.5156795683777494
0.8132,0.35963168151319347
0.8133,0.3286328862115317
0.8134,0.415402129
0.8135,0.3927358100260991
0.8136,0.2534611677570581
0.8137000000000001,0.4068795983278718
0.8138000000000001,0.42044601821436617
0.8139000000000001,0.5478289497821888
0.8140000000000001,0.5216781290210578
0.8141,0.6100717516738712
0.8142,0.6068741637135848
0.8143,0.6790572683105103
0.8144,0.5139546357543342
0.8145,0.6049754898228564
0.8146,0.5899636059712491
0.8147000000000001,0.5334878104876564
0.8148000000000001,0.5327272533553403
0.8149000000000001,0.4808527728698638
0.8150000000000001,0.3884873473522349
0.8151,0.2701265910916572
0.8152,0.15882229413269636
0.8153,0.2505373129562418
0.8154,0.15183904193367231
0.8155,0.022268020449924777
0.8156,0.087917145
0.8157000000000001,-0.017595583
0.8158000000000001,0.15917554594722164
0.8159000000000001,0.18664364105608333
0.8160000000000001,0.20895811556070557
0.8161,0.434268397
0.8162,0.26172632868634077
0.8163,0.4461235340183082
0.8164,0.5842852827494508
0.8165,0.49682771354735195
0.8166,0.39002227842624276
0.8167000000000001,0.26527686670214135
0.8168000000000001,0.1948309765077083
0.8169000000000001,0.20733087654286783
0.8170000000000001,0.1158744929952574
0.8171,0.044017764
0.8172,0.01243753
0.8173,-0.021007682
0.8174,-0.009385476
0.8175,-0.163827639
0.8176,-0.116257741
0.8177000000000001,-0.052561475
0.8178000000000001,-0.017556342
0.8179000000000001,0.19451044713765925
0.8180000000000001,0.12187188349050151
0.8181,0.030027356902250363
0.8182,0.24246328718201554
0.8183,0.29116505114722313
0.8184,0.2602771622287061
0.8185,0.1774769549943302
0.8186,0.39997616823290894
0.8187000000000001,0.13999821942280277
0.8188000000000001,0.22895654811786376
0.8189000000000001,0.13117826939362234
0.8190000000000001,0.096343361
0.8191,0.11799957988230528
0.8192,-0.034334168
0.8193,-0.17311236
0.8194,-0.073207068
0.8195,-0.226780923
0.8196,-0.158202775
0.8197,-0.251081546
0.8198000000000001,-0.190785471
0.8199000000000001,-0.052978914
0.8200000000000001,0.029446936686425968
0.8201,-0.079101403
0.8202,0.14790596265564276
0.8203,0.08208054
0.8204,0.2736624567308969
0.8205,0.14813581273027226
0.8206,0.071796668
0.8207,0.13448358690953569
0.8208000000000001,0.005966477
0.8209000000000001,0.12006466536579913
0.8210000000000001,-0.0482361
0.8211,-0.127308357
0.8212,-0.12875069
0.8213,-0.305984728
0.8214,-0.362464085
0.8215,-0.241880563
0.8216,-0.358261061
0.8217,-0.335512766
0.8218000000000001,-0.142068296
0.8219000000000001,-0.117109413
0.8220000000000001,-0.203598519
0.8221,-0.097127434
0.8222,-0.070380998
0.8223,0.1818932518022225
0.8224,0.13415907185503828
0.8225,0.031136353
0.8226,0.094298007
0.8227,-0.09566698
0.8228000000000001,-0.092354298
0.8229000000000001,-0.093192455
0.8230000000000001,-0.134656092
0.8231,-0.248051742
0.8232,-0.28395487
0.8233,-0.349735441
0.8234,-0.405631573
0.8235,-0.434337929
0.8236,-0.44344982
0.8237,-0.371057097
0.8238000000000001,-0.321353411
0.8239000000000001,-0.291631648
0.8240000000000001,-0.349203236
0.8241,-0.282428265
0.8242,-0.124435352
0.8243,-0.004134527
0.8244,-0.091218912
0.8245,-0.136690602
0.8246,-0.10591318
0.8247,-0.253708141
0.8248000000000001,-0.112965248
0.8249000000000001,-0.26935457
0.8250000000000001,-0.410663358
0.8251000000000001,-0.443446038
0.8252,-0.539379221
0.8253,-0.448054208
0.8254,-0.609261435
0.8255,-0.602285787
0.8256,-0.571025892
0.8257,-0.659924268
0.8258000000000001,-0.553211199
0.8259000000000001,-0.503430422
0.8260000000000001,-0.600473519
0.8261000000000001,-0.40682233
0.8262,-0.387762719
0.8263,-0.34239254
0.8264,-0.334576777
0.8265,-0.320054291
0.8266,-0.256835928
0.8267,-0.499928999
0.8268000000000001,-0.490607042
0.8269000000000001,-0.47915454
0.8270000000000001,-0.569376507
0.8271000000000001,-0.646524276
0.8272,-0.532418291
0.8273,-0.761536959
0.8274,-0.762351886
0.8275,-0.900957924
0.8276,-0.959829292
0.8277,-0.890933671
0.8278000000000001,-0.778382609
0.8279000000000001,-0.760825061
0.8280000000000001,-0.713071568
0.8281000000000001,-0.714407985
0.8282,-0.685101466
0.8283,-0.638978104
0.8284,-0.551800036
0.8285,-0.546215051
0.8286,-0.717182039
0.8287,-0.617430245
0.8288000000000001,-0.787944305
0.8289000000000001,-0.767233923
0.8290000000000001,-0.894889652
0.8291000000000001,-0.828917086
0.8292,-1.056076262
0.8293,-1.065125273
0.8294,-1.071662355
0.8295,-1.212081979
0.8296,-1.150199964
0.8297,-1.149082155
0.8298000000000001,-1.136192008
0.8299000000000001,-1.085864106
0.8300000000000001,-0.911038832
0.8301000000000001,-0.996951058
0.8302,-0.858613561
0.8303,-0.844856786
0.8304,-0.963440466
0.8305,-0.810135841
0.8306,-0.984015178
0.8307,-0.858260345
0.8308000000000001,-1.002174443
0.8309000000000001,-1.025197766
0.8310000000000001,-1.199386685
0.8311000000000001,-1.155680411
0.8312,-1.154531861
0.8313,-1.344585205
0.8314,-1.363724184
0.8315,-1.294896913
0.8316,-1.289038784
0.8317,-1.499259657
0.8318000000000001,-1.104157605
0.8319000000000001,-1.172041317
0.8320000000000001,-1.101027862
0.8321000000000001,-1.110282664
0.8322,-1.194850396
0.8323,-0.95112202
0.8324,-1.024371712
0.8325,-0.92785237
0.8326,-1.000186428
0.8327,-0.993095602
0.8328,-1.118949347
0.8329000000000001,-1.043627316
0.8330000000000001,-1.269232795
0.8331000000000001,-1.055401676
0.8332,-1.110342614
0.8333,-1.201078656
0.8334,-1.255622349
0.8335,-1.371256316
0.8336,-1.257904961
0.8337,-1.326518999
0.8338,-1.394340798
0.8339000000000001,-1.089005272
0.8340000000000001,-1.051580818
0.8341000000000001,-1.076491178
0.8342,-1.109616809
0.8343,-1.007093929
0.8344,-1.069794124
0.8345,-0.830490417
0.8346,-1.035404629
0.8347,-0.903327914
0.8348,-1.0282164
0.8349000000000001,-1.120286471
0.8350000000000001,-1.038038374
0.8351000000000001,-1.134247442
0.8352,-1.084358383
0.8353,-1.284671021
0.8354,-1.259348486
0.8355,-1.386150344
0.8356,-1.346183565
0.8357,-0.984761529
0.8358,-0.902780351
0.8359000000000001,-0.990908318
0.8360000000000001,-0.986561334
0.8361000000000001,-0.866386036
0.8362,-0.700062161
0.8363,-0.74958466
0.8364,-0.643294251
0.8365,-0.635371332
0.8366,-0.671042464
0.8367,-0.677010399
0.8368,-0.636245728
0.8369000000000001,-0.773755667
0.8370000000000001,-0.7010081
0.8371000000000001,-0.81602314
0.8372,-0.802826593
0.8373,-0.725139627
0.8374,-0.855953577
0.8375,-0.756586459
0.8376,-0.941289971
0.8377,-0.784366437
0.8378,-0.677178277
0.8379000000000001,-0.446371832
0.8380000000000001,-0.671537999
0.8381000000000001,-0.436662898
0.8382000000000001,-0.232438326
0.8383,-0.343035779
0.8384,-0.244119475
0.8385,-0.16580292
0.8386,-0.162194006
0.8387,-0.05472402
0.8388,-0.162789953
0.8389000000000001,-0.122462142
0.8390000000000001,-0.293391082
0.8391000000000001,-0.359593551
0.8392000000000001,-0.3479896
0.8393,-0.440616092
0.8394,-0.311222141
0.8395,-0.364081408
0.8396,-0.350611567
0.8397,-0.201955086
0.8398,-0.262441754
0.8399000000000001,-0.026864305
0.8400000000000001,-0.038266991
0.8401000000000001,0.18123219739169255
0.8402000000000001,0.1395254851135497
0.8403,0.292400533
0.8404,0.31123344443769113
0.8405,0.39272330838908276
0.8406,0.35869882805434844
0.8407,0.21481605146742214
0.8408,0.4106352276699659
0.8409000000000001,0.29333688412964376
0.8410000000000001,0.32775169925990455
0.8411000000000001,0.28390369163978524
0.8412000000000001,0.13680413908599665
0.8413,0.10680202578966863
0.8414,0.22938309830121414
0.8415,0.16808211641189388
0.8416,0.30200671219875763
0.8417,0.2659780711739378
0.8418,0.4308462160192199
0.8419000000000001,0.4628304673423313
0.8420000000000001,0.5377798321744302
0.8421000000000001,0.57031739
0.8422000000000001,0.6979875762407186
0.8423,0.8421656127137377
0.8424,0.7935901063256576
0.8425,0.872664761
0.8426,0.8462070195913114
0.8427,0.845824955
0.8428,0.9508888375502019
0.8429000000000001,0.8744352255456023
0.8430000000000001,0.743498753
0.8431000000000001,0.7127609434165928
0.8432000000000001,0.6035617572848317
0.8433,0.621077255
0.8434,0.6502892735105954
0.8435,0.7023999353474181
0.8436,0.7222426318359236
0.8437,0.6196928136401475
0.8438,0.8481067159087331
0.8439000000000001,0.8354082279521211
0.8440000000000001,0.8416957245415787
0.8441000000000001,1.1052371931823102
0.8442000000000001,1.186530530245544
0.8443,1.1497166804764913
0.8444,1.2281393189151848
0.8445,1.2565349042380385
0.8446,1.3104250862677316
0.8447,1.241508082030408
0.8448,1.0451984491420188
0.8449000000000001,1.2683281115129827
0.8450000000000001,1.1423593323449963
0.8451000000000001,0.9653882585943822
0.8452000000000001,0.8783509261242536
0.8453,0.966659458
0.8454,0.8848791087621022
0.8455,0.9324965131282438
0.8456,0.983575025
0.8457,0.9148825241021118
0.8458,0.9223134288974353
0.8459,1.1048495270287002
0.8460000000000001,1.0992157466561416
0.8461000000000001,1.2209490482925816
0.8462000000000001,1.1625932798369212
0.8463,1.2986502612746753
0.8464,1.4084248484073327
0.8465,1.4129670484317685
0.8466,1.2945920306084873
0.8467,1.238233473219131
0.8468,1.2906395996082638
0.8469,1.2799298537213581
0.8470000000000001,1.2065764834349886
0.8471000000000001,1.071805643668244
0.8472000000000001,1.0807755923779707
0.8473,1.1323271898332186
0.8474,0.9990939170071635
0.8475,0.8407150710610874
0.8476,0.9954126967523124
0.8477,1.168616342515137
0.8478,0.9434308498584488
0.8479,1.1011774016773725
0.8480000000000001,1.1386745199549366
0.8481000000000001,1.2219962326636018
0.8482000000000001,1.280930286630369
0.8483,1.3957230717304083
0.8484,1.3341909132353165
0.8485,1.4334473598834794
0.8486,1.3057383645426426
0.8487,1.2520170293010033
0.8488,1.175153255983762
0.8489,1.0201040347860721
0.8490000000000001,1.1179068015804694
0.8491000000000001,1.1901871690330244
0.8492000000000001,0.9982579495465728
0.8493,0.9634474794019052
0.8494,0.8378916154479066
0.8495,0.8321227251953154
0.8496,0.9304533759833973
0.8497,1.0307198769716324
0.8498,1.0229620266061923
0.8499,1.0134865696621587
0.8500000000000001,1.0028120463512549
0.8501000000000001,1.0674637788206622
0.8502000000000001,1.0348063434347188
0.8503000000000001,1.011901962
0.8504,1.0542275313189793
0.8505,1.1461492737308072
0.8506,1.0968304268429836
0.8507,0.9618588834638155
0.8508,1.019644420941356
0.8509,0.9287057435205783
0.8510000000000001,0.7857044841411573
0.8511000000000001,0.7751333343443555
0.8512000000000001,0.7102103667732426
0.8513000000000001,0.6290866788306729
0.8514,0.7108163198139987
0.8515,0.4612411205213569
0.8516,0.45089415267711175
0.8517,0.6248523868260705
0.8518,0.6628874321271764
0.8519,0.7295976445565631
0.8520000000000001,0.7022137973304314
0.8521000000000001,0.7199373845166248
0.8522000000000001,0.8347541323850644
0.8523000000000001,0.8304620260137314
0.8524,1.004482014444674
0.8525,0.8504539791019715
0.8526,0.8485720972081591
0.8527,1.0087012523076595
0.8528,0.7371236498145719
0.8529,0.7277692695201115
0.8530000000000001,0.6595553308279911
0.8531000000000001,0.5909961617150644
0.8532000000000001,0.48639383689258364
0.8533000000000001,0.42107566966465165
0.8534,0.37185012891653824
0.8535,0.2947083687094589
0.8536,0.36346865810700363
0.8537,0.5150815104978537
0.8538,0.4809563064722026
0.8539,0.4513514911940019
0.8540000000000001,0.5446135975201232
0.8541000000000001,0.4558511946766564
0.8542000000000001,0.5478669841031889
0.8543000000000001,0.6764909270694571
0.8544,0.7358973837564358
0.8545,0.5530457526241048
0.8546,0.5543951626755818
0.8547,0.72749787
0.8548,0.5049172229115952
0.8549,0.575971358
0.8550000000000001,0.373655367
0.8551000000000001,0.3039765241753033
0.8552000000000001,0.19324143
0.8553000000000001,0.2381668383445541
0.8554,0.23248262062887942
0.8555,0.020956950710603647
0.8556,0.075216105
0.8557,0.19507467273204968
0.8558,0.14598200577669704
0.8559,0.16304319898124517
0.8560000000000001,0.3356788438986854
0.8561000000000001,0.3957766381612999
0.8562000000000001,0.31824729099593857
0.8563000000000001,0.4066014201227718
0.8564,0.312670646
0.8565,0.33900780841171724
0.8566,0.40247859956472953
0.8567,0.3585149008624567
0.8568,0.2264458632960945
0.8569,0.18297709816151614
0.8570000000000001,0.085631002
0.8571000000000001,0.1379863052024974
0.8572000000000001,-0.11886853
0.8573000000000001,-0.093754093
0.8574,-0.197237756
0.8575,-0.031282293
0.8576,-0.205896922
0.8577,-0.037249372
0.8578,0.12924439463449633
0.8579,0.18147126904625932
0.8580000000000001,-0.041180449
0.8581000000000001,0.18298730998948268
0.8582000000000001,0.12989107454463922
0.8583000000000001,0.1520610704708844
0.8584,0.2612098081370782
0.8585,0.3728119815017139
0.8586,0.30730450254542857
0.8587,0.16837765823072126
0.8588,0.23249749139738327
0.8589,-0.064322439
0.859,-0.011957147
0.8591000000000001,-0.084460378
0.8592000000000001,-0.072999622
0.8593000000000001,-0.144645459
0.8594,-0.173004138
0.8595,-0.190270529
0.8596,-0.169494836
0.8597,-0.10442438
0.8598,-0.096176491
0.8599,-0.079837993
0.86,0.032139862384349946
0.8601000000000001,0.12317973073273816
0.8602000000000001,0.063640902
0.8603000000000001,0.14288263937301415
0.8604,0.26423994052092986
0.8605,0.088072113
0.8606,0.3060626257460079
0.8607,0.021286824293571094
0.8608,0.051636109
0.8609,-0.057466146
0.861,0.12675564274061588
0.8611000000000001,-0.155442229
0.8612000000000001,-0.216162064
0.8613000000000001,-0.255248832
0.8614,-0.251683568
0.8615,-0.300824031
0.8616,-0.280918349
0.8617,-0.52984875
0.8618,-0.204435991
0.8619,-0.157690012
0.862,-0.020206652
0.8621000000000001,0.057128325317693615
0.8622000000000001,-0.013099118
0.8623000000000001,0.1050860344928925
0.8624,-0.026447265
0.8625,0.12619132846588849
0.8626,0.002404368
0.8627,-0.081947883
0.8628,-0.0533897
0.8629,0.010456279126443868
0.863,-0.156354109
0.8631000000000001,-0.12053596
0.8632000000000001,-0.363694568
0.8633000000000001,-0.272174269
0.8634000000000001,-0.444718184
0.8635,-0.392619988
0.8636,-0.392014004
0.8637,-0.336692759
0.8638,-0.334159409
0.8639,-0.366635145
0.864,-0.184490915
0.8641000000000001,-0.063981509
0.8642000000000001,-0.203050171
0.8643000000000001,-0.268686957
0.8644000000000001,-0.063466583
0.8645,-0.130251561
0.8646,-0.134348645
0.8647,-0.118268207
0.8648,-0.254192095
0.8649,-0.305790259
0.865,-0.365116343
0.8651000000000001,-0.312522085
0.8652000000000001,-0.494810755
0.8653000000000001,-0.651841693
0.8654000000000001,-0.688752506
0.8655,-0.603576653
0.8656,-0.707278248
0.8657,-0.725647218
0.8658,-0.517865077
0.8659,-0.470625395
0.866,-0.505598136
0.8661000000000001,-0.403545306
0.8662000000000001,-0.369052022
0.8663000000000001,-0.304596293
0.8664000000000001,-0.289047162
0.8665,-0.549250968
0.8666,-0.383063302
0.8667,-0.364136071
0.8668,-0.496071383
0.8669,-0.529587819
0.867,-0.547794578
0.8671000000000001,-0.676802702
0.8672000000000001,-0.632070915
0.8673000000000001,-0.720508901
0.8674000000000001,-0.862312042
0.8675,-0.892235853
0.8676,-1.10842223
0.8677,-0.891908453
0.8678,-0.943600934
0.8679,-0.775672926
0.868,-0.733102021
0.8681000000000001,-0.641591973
0.8682000000000001,-0.543463619
0.8683000000000001,-0.626691078
0.8684000000000001,-0.427324767
0.8685,-0.59487713
0.8686,-0.741500018
0.8687,-0.7233834
0.8688,-0.765706343
0.8689,-0.757377483
0.869,-0.955312385
0.8691000000000001,-0.97801824
0.8692000000000001,-1.035513514
0.8693000000000001,-1.115263884
0.8694000000000001,-1.055276577
0.8695,-1.09085956
0.8696,-1.051046029
0.8697,-1.154237379
0.8698,-0.998884724
0.8699,-1.159806033
0.87,-1.111070744
0.8701000000000001,-1.046171134
0.8702000000000001,-0.903189256
0.8703000000000001,-0.773834136
0.8704000000000001,-0.899853423
0.8705,-0.889804869
0.8706,-0.888215558
0.8707,-0.862681441
0.8708,-0.999809136
0.8709,-1.068540503
0.871,-1.20347591
0.8711000000000001,-1.211208686
0.8712000000000001,-1.134490954
0.8713000000000001,-1.272753891
0.8714000000000001,-1.374339178
0.8715,-1.232375077
0.8716,-1.37422533
0.8717,-1.190928866
0.8718,-1.153101556
0.8719,-1.209844666
0.872,-1.276665317
0.8721,-0.91563938
0.8722000000000001,-1.01544003
0.8723000000000001,-1.031010747
0.8724000000000001,-0.902666437
0.8725,-0.915182683
0.8726,-0.877807274
0.8727,-1.065126575
0.8728,-1.031471764
0.8729,-1.20764805
0.873,-1.120855721
0.8731,-1.23688286
0.8732000000000001,-1.266897764
0.8733000000000001,-1.343402601
0.8734000000000001,-1.377739774
0.8735,-1.433950942
0.8736,-1.28799428
0.8737,-1.199648556
0.8738,-1.314592864
0.8739,-1.164978145
0.874,-1.107312085
0.8741,-1.073336225
0.8742000000000001,-1.133729727
0.8743000000000001,-1.064325663
0.8744000000000001,-0.986581033
0.8745,-1.077217263
0.8746,-0.794497453
0.8747,-0.896858125
0.8748,-0.963117816
0.8749,-1.181369061
0.875,-1.20301645
0.8751,-1.107730803
0.8752000000000001,-0.993774314
0.8753000000000001,-1.239154136
0.8754000000000001,-1.129659473
0.8755000000000001,-1.23353116
0.8756,-1.16701669
0.8757,-1.031442214
0.8758,-1.097144341
0.8759,-1.053534807
0.876,-0.807209389
0.8761,-0.838865497
0.8762000000000001,-0.68265169
0.8763000000000001,-0.76325345
0.8764000000000001,-0.549771023
0.8765000000000001,-0.612460666
0.8766,-0.59075444
0.8767,-0.624384634
0.8768,-0.700149396
0.8769,-0.695739241
0.877,-0.772553667
0.8771,-0.701533138
0.8772000000000001,-0.82926055
0.8773000000000001,-0.95557721
0.8774000000000001,-0.976852112
0.8775000000000001,-0.968308258
0.8776,-0.748489682
0.8777,-0.83885774
0.8778,-0.655386505
0.8779,-0.589312324
0.878,-0.51991852
0.8781,-0.393893692
0.8782000000000001,-0.336309151
0.8783000000000001,-0.497012526
0.8784000000000001,-0.252982389
0.8785000000000001,-0.158333788
0.8786,-0.045732065
0.8787,-0.045069049
0.8788,-0.307719899
0.8789,-0.256661997
0.879,-0.389879598
0.8791,-0.178760712
0.8792000000000001,-0.248903248
0.8793000000000001,-0.319840814
0.8794000000000001,-0.336615488
0.8795000000000001,-0.22276067
0.8796,-0.199962439
0.8797,-0.149204184
0.8798,-0.134410103
0.8799,-0.116442746
0.88,0.061369987
0.8801,0.15378783428453482
0.8802000000000001,0.15569349380457378
0.8803000000000001,0.2137478457393802
0.8804000000000001,0.38753351610052855
0.8805000000000001,0.4663404471935039
0.8806,0.2899514142093671
0.8807,0.3268177104190047
0.8808,0.3580063906469052
0.8809,0.3392794377462587
0.881,0.22280110433217554
0.8811,0.37936562391784684
0.8812000000000001,0.232435479
0.8813000000000001,0.22249633088134496
0.8814000000000001,0.3176654167062438
0.8815000000000001,0.15641710874517872
0.8816,0.22001781972606793
0.8817,0.17996836828126275
0.8818,0.335185396
0.8819,0.309851907
0.882,0.574569781
0.8821,0.6338380258571842
0.8822000000000001,0.657227823
0.8823000000000001,0.738703499
0.8824000000000001,0.8588446562338538
0.8825000000000001,0.7393071188292204
0.8826,0.8588316428875449
0.8827,0.8918174163674766
0.8828,0.6704340508025641
0.8829,0.8330918635185666
0.883,0.6032214507099024
0.8831,0.6861970576735917
0.8832000000000001,0.5666401092412959
0.8833000000000001,0.749414705
0.8834000000000001,0.5329677661745253
0.8835000000000001,0.502335657
0.8836,0.6729731314107927
0.8837,0.6753372997108529
0.8838,0.6495796791613391
0.8839,0.8845753382346085
0.884,0.7613351079997281
0.8841,0.9154271363811177
0.8842000000000001,1.0234507488728555
0.8843000000000001,1.1927947132617127
0.8844000000000001,1.275073300123826
0.8845000000000001,1.2833615473246955
0.8846,1.1865014108057772
0.8847,0.98907794
0.8848,1.1826817530345906
0.8849,1.225189390733349
0.885,1.1558100138116583
0.8851,1.0431861157957685
0.8852000000000001,0.8655607107657708
0.8853000000000001,0.8842498234244245
0.8854000000000001,1.0618450637311652
0.8855000000000001,0.7927585220352001
0.8856,0.8322751790197559
0.8857,1.0356019992351375
0.8858,0.9771093287277469
0.8859,0.9794436398225794
0.886,1.2641244693760463
0.8861,1.2461458636855116
0.8862,1.2395153016437255
0.8863000000000001,1.2271628923606899
0.8864000000000001,1.5150212222329593
0.8865000000000001,1.3625363023202974
0.8866,1.4694469132759083
0.8867,1.4031853063333286
0.8868,1.2477063794950587
0.8869,1.1940119407606187
0.887,1.2898676640543836
0.8871,1.2297798178267423
0.8872,0.9067963588894535
0.8873000000000001,1.0561211730097109
0.8874000000000001,0.9729851576445496
0.8875000000000001,0.8887010528914959
0.8876000000000001,1.0000963572816373
0.8877,0.897132042
0.8878,1.0091056865360843
0.8879,1.0349215301094563
0.888,1.1167980534650306
0.8881,1.2086073164285531
0.8882,1.184144781425565
0.8883000000000001,1.4303796351552924
0.8884000000000001,1.3668709089947808
0.8885000000000001,1.4748316375770774
0.8886000000000001,1.3023444197193155
0.8887,1.2361247742351995
0.8888,1.3693611437862856
0.8889,1.119226217925758
0.889,1.081580926867264
0.8891,1.0834709387951555
0.8892,0.8625810466999296
0.8893000000000001,0.965411266
0.8894000000000001,0.9176018867422258
0.8895000000000001,0.9532154219402315
0.8896000000000001,0.9228856171575447
0.8897,0.9740226539786506
0.8898,0.89509244
0.8899,0.8800533737874383
0.89,1.168798833126612
0.8901,0.928550616
0.8902,0.9809658826790205
0.8903000000000001,1.1729656074161665
0.8904000000000001,1.274370283793987
0.8905000000000001,1.1573293386421801
0.8906000000000001,1.2001341037332593
0.8907,0.9197500016436254
0.8908,0.9826666942908349
0.8909,0.8042643449063831
0.891,0.9419652692222806
0.8911,0.6809691490668535
0.8912,0.6336610991480024
0.8913000000000001,0.719539666
0.8914000000000001,0.7216286547933587
0.8915000000000001,0.6007557968304785
0.8916000000000001,0.6553718722626658
0.8917,0.6676125774199874
0.8918,0.637963108
0.8919,0.6096839950441437
0.892,0.7905229905435539
0.8921,0.8424189441859299
0.8922,0.9068613752478787
0.8923000000000001,0.8907535907678795
0.8924000000000001,0.786916309
0.8925000000000001,0.9316193720055153
0.8926000000000001,0.8527164229272505
0.8927,0.7720488055938945
0.8928,0.7291336009775202
0.8929,0.628056146
0.893,0.6789580784655174
0.8931,0.4190348515312818
0.8932,0.38375598087518475
0.8933000000000001,0.3792665753380666
0.8934000000000001,0.4929234535886817
0.8935000000000001,0.4251303248155829
0.8936000000000001,0.20615988962008008
0.8937,0.4608976106040823
0.8938,0.4920553711138109
0.8939,0.3331173833342185
0.894,0.27443055202385935
0.8941,0.519607538
0.8942,0.6585019091830993
0.8943000000000001,0.7279638971187463
0.8944000000000001,0.5472578271308766
0.8945000000000001,0.7548733747647671
0.8946000000000001,0.4148476357640849
0.8947,0.5235437571361843
0.8948,0.4638394693927352
0.8949,0.5222893625041496
0.895,0.46097097846181745
0.8951,0.3606199940240371
0.8952,0.10963669662071089
0.8953000000000001,0.23177194956758862
0.8954000000000001,0.16458377409203284
0.8955000000000001,-0.029941622
0.8956000000000001,-0.061948958
0.8957,0.20490753398377248
0.8958,0.14193795272110332
0.8959,0.099699469
0.896,0.23826171729244924
0.8961,0.33662366827328577
0.8962,0.34759056811630584
0.8963000000000001,0.26545320563364816
0.8964000000000001,0.5601931821600252
0.8965000000000001,0.49098371876904084
0.8966000000000001,0.36571518486017673
0.8967,0.3323947853838265
0.8968,0.33255494221159215
0.8969,0.1498853004802413
0.897,0.19664866663131153
0.8971,-0.004877078
0.8972,0.032899868787478526
0.8973000000000001,-0.106313635
0.8974000000000001,-0.137649151
0.8975000000000001,0.066853868
0.8976000000000001,-0.056940166
0.8977,-0.023195189
0.8978,-0.162827916
0.8979,-0.00016359
0.898,0.14018912556885388
0.8981,0.1746454431348192
0.8982,0.036686393
0.8983000000000001,0.26408298666027186
0.8984000000000001,0.2996121087722583
0.8985000000000001,0.3772496488029574
0.8986000000000001,0.2069133030927287
0.8987,0.046223435
0.8988,0.096353111
0.8989,0.027409023959105328
0.899,0.10721522723140152
0.8991,-0.235887981
0.8992,-0.115133794
0.8993,-0.014355584
0.8994000000000001,-0.161109453
0.8995000000000001,-0.104587622
0.8996000000000001,-0.302631282
0.8997,-0.275794019
0.8998,0.006856423
0.8999,-0.048992618
0.9,0.008261949
0.9001,-0.032362379
0.9002,0.11618551153161161
0.9003,0.055959852
0.9004000000000001,0.2662370513896629
0.9005000000000001,0.3945194238256824
0.9006000000000001,0.2004017343387552
0.9007000000000001,0.077623511
0.9008,-0.123427389
0.9009,-0.116208075
0.901,0.076110429
0.9011,-0.197509575
0.9012,-0.205761562
0.9013,-0.173162855
0.9014000000000001,-0.140748609
0.9015000000000001,-0.290515643
0.9016000000000001,-0.302660754
0.9017000000000001,-0.241782271
0.9018,-0.259219804
0.9019,-0.205020078
0.902,-0.070341747
0.9021,-0.032773229
0.9022,0.17244595114986175
0.9023,0.074895613
0.9024000000000001,0.153769881
0.9025000000000001,-0.020898873
0.9026000000000001,0.090215015
0.9027000000000001,-0.045010593
0.9028,-0.006906345
0.9029,-0.046500349
0.903,-0.166845044
0.9031,-0.047668954
0.9032,-0.189557569
0.9033,-0.261822731
0.9034000000000001,-0.331402486
0.9035000000000001,-0.269577416
0.9036000000000001,-0.524306174
0.9037000000000001,-0.279989448
0.9038,-0.433518203
0.9039,-0.352647511
0.904,-0.210004076
0.9041,-0.103856423
0.9042,-0.248632027
0.9043,-0.162871981
0.9044000000000001,-0.095609583
0.9045000000000001,-0.118666409
0.9046000000000001,-0.055537852
0.9047000000000001,0.1121117822550527
0.9048,-0.184135044
0.9049,-0.343097817
0.905,-0.460827448
0.9051,-0.456122714
0.9052,-0.572436314
0.9053,-0.515583823
0.9054000000000001,-0.556920497
0.9055000000000001,-0.651768503
0.9056000000000001,-0.458127607
0.9057000000000001,-0.659498725
0.9058,-0.578262442
0.9059,-0.474252254
0.906,-0.404782822
0.9061,-0.324831928
0.9062,-0.349822035
0.9063,-0.268716827
0.9064000000000001,-0.390635808
0.9065000000000001,-0.267341324
0.9066000000000001,-0.291445054
0.9067000000000001,-0.284537472
0.9068,-0.596709735
0.9069,-0.605058679
0.907,-0.541999299
0.9071,-0.895385879
0.9072,-0.713343974
0.9073,-0.725883447
0.9074000000000001,-0.898936929
0.9075000000000001,-0.910807359
0.9076000000000001,-0.96632729
0.9077000000000001,-0.907512046
0.9078,-0.874744903
0.9079,-0.847998591
0.908,-0.804345932
0.9081,-0.718940816
0.9082,-0.677845602
0.9083,-0.474658972
0.9084000000000001,-0.641292883
0.9085000000000001,-0.585941228
0.9086000000000001,-0.682833344
0.9087000000000001,-0.725585312
0.9088,-0.87223625
0.9089,-0.930456955
0.909,-0.976092255
0.9091,-0.939484423
0.9092,-0.936536399
0.9093,-1.222347382
0.9094000000000001,-1.164115952
0.9095000000000001,-1.251516528
0.9096000000000001,-1.165513567
0.9097000000000001,-1.041693805
0.9098,-1.130837521
0.9099,-1.054487623
0.91,-0.883581728
0.9101,-0.912434925
0.9102,-0.96473354
0.9103,-0.857311163
0.9104000000000001,-0.917885978
0.9105000000000001,-0.818030835
0.9106000000000001,-0.829706909
0.9107000000000001,-1.017880467
0.9108,-0.947587158
0.9109,-1.035273007
0.911,-1.052270097
0.9111,-1.098963233
0.9112,-1.190491926
0.9113,-1.304283439
0.9114000000000001,-1.240484416
0.9115000000000001,-1.401111617
0.9116000000000001,-1.43305001
0.9117000000000001,-1.560148248
0.9118,-1.271001391
0.9119,-1.280049311
0.912,-1.124960997
0.9121,-1.25649762
0.9122,-1.098196399
0.9123,-0.967478192
0.9124,-1.061543561
0.9125000000000001,-0.938626366
0.9126000000000001,-1.02724415
0.9127000000000001,-1.014763417
0.9128000000000001,-1.009336996
0.9129,-1.036554669
0.913,-1.166763079
0.9131,-1.300168054
0.9132,-1.326021613
0.9133,-1.280738194
0.9134,-1.439360955
0.9135000000000001,-1.378737776
0.9136000000000001,-1.382099425
0.9137000000000001,-1.327093822
0.9138000000000001,-1.350801997
0.9139,-1.357416934
0.914,-1.100227366
0.9141,-0.996853536
0.9142,-1.154976065
0.9143,-0.930683782
0.9144,-0.837447844
0.9145000000000001,-0.858424001
0.9146000000000001,-0.940473526
0.9147000000000001,-1.001754093
0.9148000000000001,-0.954242686
0.9149,-0.98632739
0.915,-1.04944218
0.9151,-1.121954262
0.9152,-1.238025649
0.9153,-1.149447537
0.9154,-1.161094954
0.9155000000000001,-1.179073198
0.9156000000000001,-1.162556339
0.9157000000000001,-0.994276963
0.9158000000000001,-1.119418513
0.9159,-0.895811606
0.916,-0.979376991
0.9161,-0.753794076
0.9162,-0.671278693
0.9163,-0.731877634
0.9164,-0.529427916
0.9165000000000001,-0.596827977
0.9166000000000001,-0.695719246
0.9167000000000001,-0.664847507
0.9168000000000001,-0.569090413
0.9169,-0.62175944
0.917,-0.82178968
0.9171,-0.789437408
0.9172,-0.796734138
0.9173,-0.876464999
0.9174,-0.653874236
0.9175000000000001,-0.811477706
0.9176000000000001,-0.802872318
0.9177000000000001,-0.651469312
0.9178000000000001,-0.70861045
0.9179,-0.519644077
0.918,-0.648160424
0.9181,-0.465258432
0.9182,-0.2650478
0.9183,-0.154618329
0.9184,-0.288956027
0.9185000000000001,-0.26352777
0.9186000000000001,-0.131558976
0.9187000000000001,-0.22982837
0.9188000000000001,-0.220154091
0.9189,-0.158571572
0.919,-0.308118588
0.9191,-0.457585578
0.9192,-0.434018499
0.9193,-0.347091398
0.9194,-0.498976929
0.9195000000000001,-0.356983992
0.9196000000000001,-0.408236176
0.9197000000000001,-0.110652639
0.9198000000000001,0.002266916
0.9199,-0.17316025
0.92,0.020540694
0.9201,0.011672183304393596
0.9202,0.14619924320746328
0.9203,0.3861253054825502
0.9204,0.2595333707176897
0.9205000000000001,0.31032816151297793
0.9206000000000001,0.2745007353043427
0.9207000000000001,0.4395829946680405
0.9208000000000001,0.068870408
0.9209,0.264927732
0.921,0.26091952554064907
0.9211,0.17579778710225696
0.9212,0.2677514981853657
0.9213,0.2761478409213544
0.9214,0.063991529
0.9215000000000001,0.3598209710664213
0.9216000000000001,0.11323166389318119
0.9217000000000001,0.38332460113712735
0.9218000000000001,0.3609596497062413
0.9219,0.38867002083648433
0.922,0.48199247830321845
0.9221,0.5975572625987744
0.9222,0.6960667960648858
0.9223,0.673125047
0.9224,0.7792121464044746
0.9225000000000001,0.7685169799462143
0.9226000000000001,0.7452942513254411
0.9227000000000001,0.7704716956541519
0.9228000000000001,0.7210180063795136
0.9229,0.7446844300423682
0.923,0.7717444402083051
0.9231,0.7052614447159556
0.9232,0.8176589797018445
0.9233,0.45807873791122444
0.9234,0.663084728
0.9235000000000001,0.6348644672638519
0.9236000000000001,0.7275585874728541
0.9237000000000001,0.765750754
0.9238000000000001,0.7567487574437245
0.9239,0.8563222250907726
0.924,0.8611294959623265
0.9241,1.0474208125361355
0.9242,0.9191581263366116
0.9243,1.190763036981176
0.9244,1.1695819552238387
0.9245000000000001,1.1561740045120088
0.9246000000000001,1.1801606580870219
0.9247000000000001,1.170526901228805
0.9248000000000001,1.2551978121755254
0.9249,1.3662229846552616
0.925,1.1546964471186034
0.9251,0.9609241321450905
0.9252,1.0111034778556518
0.9253,0.980140717
0.9254,0.8331270540357196
0.9255,0.8052329410306801
0.9256000000000001,0.9190400029584487
0.9257000000000001,1.0248144833580357
0.9258000000000001,0.8826574069040816
0.9259000000000001,1.0163122201866903
0.926,1.1876989117974452
0.9261,1.2125992744956402
0.9262,1.3833612844418248
0.9263,1.2059154829064949
0.9264,1.5394018918000956
0.9265,1.2414530523344554
0.9266000000000001,1.1953275707720594
0.9267000000000001,1.3269816004047867
0.9268000000000001,1.1986217901684333
0.9269000000000001,1.231946776836207
0.927,1.168264321903292
0.9271,1.0971164942485452
0.9272,0.9895567544033659
0.9273,1.046751244337508
0.9274,0.957295373
0.9275,1.0596600955869597
0.9276000000000001,0.9647268895019974
0.9277000000000001,0.9279279909888042
0.9278000000000001,0.911405271
0.9279000000000001,1.0850306742151867
0.928,1.055244988888511
0.9281,1.1063286476011327
0.9282,1.3075866991098384
0.9283,1.1623117079523138
0.9284,1.440383720589865
0.9285,1.3440439060581646
0.9286000000000001,1.3116434067635556
0.9287000000000001,1.197246695974862
0.9288000000000001,1.2898376783342715
0.9289000000000001,1.1652386024278771
0.929,1.0409565572071215
0.9291,1.0418531216874891
0.9292,0.826976275
0.9293,0.7776815205450961
0.9294,0.7813192346249828
0.9295,0.8796315779059778
0.9296000000000001,0.851421391
0.9297000000000001,0.9539427269929219
0.9298000000000001,0.8303270035689589
0.9299000000000001,0.9950404265225103
0.93,0.9908903558083205
0.9301,0.9752426501000216
0.9302,1.1259115426459574
0.9303,1.1224744155158604
0.9304,1.0940418644081351
0.9305,1.1455251979405692
0.9306000000000001,1.1098273768820845
0.9307000000000001,1.0671191743599737
0.9308000000000001,0.9896228392723788
0.9309000000000001,0.8497842863663426
0.931,0.8855136258354763
0.9311,0.7405305052962513
0.9312,0.654260297
0.9313,0.6591616624964045
0.9314,0.6954048301657354
0.9315,0.6283223261041128
0.9316000000000001,0.5672666952653734
0.9317000000000001,0.578881839
0.9318000000000001,0.706062318
0.9319000000000001,0.505521572
0.932,0.8091208771287397
0.9321,0.6434500269294946
0.9322,0.7221067903348173
0.9323,0.8246470103404779
0.9324,1.0540062335067022
0.9325,1.0105857078971412
0.9326000000000001,0.9093459298092812
0.9327000000000001,0.8391911914033894
0.9328000000000001,0.6037223105120093
0.9329000000000001,0.6958173733345575
0.933,0.5639128546723547
0.9331,0.4671504835277688
0.9332,0.4756191028576612
0.9333,0.3678796053561354
0.9334,0.43336734940708665
0.9335,0.1859114994791597
0.9336000000000001,0.34342806766756045
0.9337000000000001,0.28246206562275716
0.9338000000000001,0.35133088744185886
0.9339000000000001,0.45140816297436814
0.934,0.3867625846627689
0.9341,0.5385238385201265
0.9342,0.5517209000223707
0.9343,0.5478159903205985
0.9344,0.579278209
0.9345,0.6023508950967705
0.9346000000000001,0.5316553064243572
0.9347000000000001,0.5535553642685683
0.9348000000000001,0.47496219319670013
0.9349000000000001,0.381199798
0.935,0.4842941598987732
0.9351,0.31750129539428595
0.9352,0.1870637219104639
0.9353,0.17443126148969765
0.9354,0.041714806
0.9355,0.068815401
0.9356000000000001,0.077805953
0.9357000000000001,0.022124877989371725
0.9358000000000001,0.18733422063899594
0.9359000000000001,0.1620650202548765
0.936,0.22647813819335905
0.9361,0.2620027930543616
0.9362,0.5909459055011574
0.9363,0.3366028858697595
0.9364,0.24385447356404338
0.9365,0.28265172357331425
0.9366000000000001,0.4532895908096839
0.9367000000000001,0.4629185731906536
0.9368000000000001,0.24925217532470256
0.9369000000000001,0.34257098571029704
0.937,0.2301617516957496
0.9371,0.086423106
0.9372,0.017706903
0.9373,0.001641703
0.9374,0.021994033550563993
0.9375,-0.033020376
0.9376000000000001,-0.115822902
0.9377000000000001,-0.053724272
0.9378000000000001,0.15658354975253205
0.9379000000000001,0.067693654
0.9380000000000001,0.17283819022311736
0.9381,0.20230534083895926
0.9382,0.2308773977748313
0.9383,0.2562078653289215
0.9384,0.3420786545142625
0.9385,0.33204006777191375
0.9386,0.2804432708487444
0.9387000000000001,0.1700879304655201
0.9388000000000001,0.20693947604844862
0.9389000000000001,0.1098135921511365
0.9390000000000001,0.023618044
0.9391,0.19575302394619337
0.9392,-0.202389382
0.9393,-0.051738194
0.9394,-0.230700126
0.9395,-0.165797328
0.9396,0.034199586
0.9397000000000001,-0.224624377
0.9398000000000001,-0.166032786
0.9399000000000001,-0.058490946
0.9400000000000001,-0.067777357
0.9401,0.127814355
0.9402,0.065360618
0.9403,0.19995562903872313
0.9404,0.064952285
0.9405,0.031746447
0.9406,0.14336765172929006
0.9407000000000001,0.002938595
0.9408000000000001,0.20072679042315905
0.9409000000000001,-0.103835225
0.9410000000000001,-0.131293452
0.9411,-0.082084636
0.9412,-0.223003888
0.9413,-0.34705997
0.9414,-0.09613466
0.9415,-0.354679393
0.9416,-0.285988029
0.9417000000000001,-0.264247355
0.9418000000000001,-0.152184046
0.9419000000000001,-0.122126345
0.9420000000000001,-0.169436239
0.9421,-0.073662728
0.9422,-0.016236268
0.9423,0.099704468
0.9424,-0.031787516
0.9425,0.22625278559066903
0.9426,-0.012532239
0.9427000000000001,0.012127962899986262
0.9428000000000001,-0.131341761
0.9429000000000001,-0.205434238
0.9430000000000001,-0.240788824
0.9431,-0.31789687
0.9432,-0.336936513
0.9433,-0.43431956
0.9434,-0.336901187
0.9435,-0.473284993
0.9436,-0.480853869
0.9437000000000001,-0.421049607
0.9438000000000001,-0.274791548
0.9439000000000001,-0.290310288
0.9440000000000001,-0.262890634
0.9441,-0.317157618
0.9442,-0.247762574
0.9443,-0.224141186
0.9444,0.001135949
0.9445,-0.061312079
0.9446,-0.192790057
0.9447000000000001,-0.207912159
0.9448000000000001,-0.283703915
0.9449000000000001,-0.355150999
0.9450000000000001,-0.320282699
0.9451,-0.453105298
0.9452,-0.330722903
0.9453,-0.45295902
0.9454,-0.4883238
0.9455,-0.561006488
0.9456,-0.650736734
0.9457000000000001,-0.552839669
0.9458000000000001,-0.596614572
0.9459000000000001,-0.394963183
0.9460000000000001,-0.443804863
0.9461,-0.406049221
0.9462,-0.373935941
0.9463,-0.213568529
0.9464,-0.452127181
0.9465,-0.193724855
0.9466,-0.37871569
0.9467000000000001,-0.518060324
0.9468000000000001,-0.523411634
0.9469000000000001,-0.664548611
0.9470000000000001,-0.555558037
0.9471,-0.766340156
0.9472,-0.739211055
0.9473,-0.719930439
0.9474,-0.906588264
0.9475,-0.897840455
0.9476,-0.984665631
0.9477000000000001,-0.896856846
0.9478000000000001,-0.629417533
0.9479000000000001,-0.731136636
0.9480000000000001,-0.766510112
0.9481,-0.746195477
0.9482,-0.658607929
0.9483,-0.614185464
0.9484,-0.643283649
0.9485,-0.57106851
0.9486,-0.712958506
0.9487000000000001,-0.755088664
0.9488000000000001,-0.70627097
0.9489000000000001,-0.898238995
0.9490000000000001,-0.821211012
0.9491,-0.955322618
0.9492,-1.168863029
0.9493,-1.07065429
0.9494,-1.255001538
0.9495,-1.08669631
0.9496,-1.164268546
0.9497000000000001,-0.979668627
0.9498000000000001,-1.009381901
0.9499000000000001,-1.135541666
0.9500000000000001,-1.161659189
0.9501000000000001,-1.0094751
0.9502,-1.00162688
0.9503,-0.723965339
0.9504,-0.85250723
0.9505,-0.776995892
0.9506,-0.893736594
0.9507000000000001,-0.92288109
0.9508000000000001,-0.964209273
0.9509000000000001,-0.937344
0.9510000000000001,-1.070914308
0.9511000000000001,-1.250057705
0.9512,-1.098886764
0.9513,-1.303453211
0.9514,-1.351592427
0.9515,-1.557627019
0.9516,-1.276656283
0.9517,-1.296444302
0.9518000000000001,-1.257396062
0.9519000000000001,-1.24655157
0.9520000000000001,-1.202798782
0.9521000000000001,-1.128365863
0.9522,-1.009369245
0.9523,-0.953970363
0.9524,-0.997639197
0.9525,-0.895451906
0.9526,-0.989000277
0.9527,-1.052476866
0.9528000000000001,-1.041076391
0.9529000000000001,-1.221529345
0.9530000000000001,-1.155545007
0.9531000000000001,-1.358421798
0.9532,-1.371596661
0.9533,-1.493189935
0.9534,-1.371670024
0.9535,-1.235721752
0.9536,-1.36059483
0.9537,-1.267338049
0.9538000000000001,-1.081874283
0.9539000000000001,-1.176936918
0.9540000000000001,-1.203103739
0.9541000000000001,-1.124189538
0.9542,-1.011549412
0.9543,-1.010829447
0.9544,-0.968749437
0.9545,-0.827276572
0.9546,-0.825047409
0.9547,-1.058025782
0.9548000000000001,-1.026174493
0.9549000000000001,-1.043270546
0.9550000000000001,-1.009179665
0.9551000000000001,-1.016097445
0.9552,-0.935256077
0.9553,-1.220516464
0.9554,-1.232021611
0.9555,-1.148053366
0.9556,-1.226013168
0.9557,-1.139893871
0.9558000000000001,-1.102671259
0.9559000000000001,-1.208058728
0.9560000000000001,-0.910796375
0.9561000000000001,-0.857098999
0.9562,-0.668249613
0.9563,-0.707994306
0.9564,-0.762684758
0.9565,-0.654998758
0.9566,-0.792824078
0.9567,-0.731788406
0.9568000000000001,-0.60887092
0.9569000000000001,-0.715391852
0.9570000000000001,-0.663345789
0.9571000000000001,-0.935648203
0.9572,-0.832412889
0.9573,-0.873897632
0.9574,-0.766030327
0.9575,-0.776349784
0.9576,-0.746547171
0.9577,-0.623424592
0.9578000000000001,-0.708840336
0.9579000000000001,-0.493431819
0.9580000000000001,-0.598278325
0.9581000000000001,-0.515436329
0.9582,-0.288753708
0.9583,-0.400613406
0.9584,-0.18127112
0.9585,-0.184236983
0.9586,-0.091206472
0.9587,-0.184741175
0.9588000000000001,-0.194183942
0.9589000000000001,-0.187942774
0.9590000000000001,-0.317602377
0.9591000000000001,-0.356848023
0.9592,-0.291977389
0.9593,-0.350230869
0.9594,-0.38248819
0.9595,-0.339833886
0.9596,-0.169303694
0.9597,-0.277289232
0.9598000000000001,-0.20870606
0.9599000000000001,-0.22510002
0.9600000000000001,-0.003388235
0.9601000000000001,0.1410551627633893
0.9602,0.23784034062638265
0.9603,0.2505051673765427
0.9604,0.3733351403822923
0.9605,0.3917095906423299
0.9606,0.4389390950579777
0.9607,0.4266320568930651
0.9608000000000001,0.4555300002191248
0.9609000000000001,0.2867760646010837
0.9610000000000001,0.15842576968257172
0.9611000000000001,0.28178147298517053
0.9612,0.2611121127127018
0.9613,0.30558528967421594
0.9614,0.27945791867889913
0.9615,0.34797983523393305
0.9616,0.2766806882675525
0.9617,0.2985389939580659
0.9618000000000001,0.2381747841173404
0.9619000000000001,0.453613831
0.9620000000000001,0.470541564
0.9621000000000001,0.6171590869262984
0.9622,0.6837544220205696
0.9623,0.7844760826255701
0.9624,0.7901408862556762
0.9625,0.9049724210389981
0.9626,0.6246458684613149
0.9627,0.8510561178634322
0.9628000000000001,0.9092151593272857
0.9629000000000001,0.9279007037389115
0.9630000000000001,0.7957033548416412
0.9631000000000001,0.8303952581882899
0.9632000000000001,0.6732262772296966
0.9633,0.6351439850829884
0.9634,0.6678907019649407
0.9635,0.6340953055505932
0.9636,0.5997163626416565
0.9637,0.6672143185819558
0.9638000000000001,0.6809758649684574
0.9639000000000001,0.8847802898914635
0.9640000000000001,0.9215663779958552
0.9641000000000001,0.9695035248471425
0.9642000000000001,1.0241335099595283
0.9643,1.1690214295852097
0.9644,1.233871685211569
0.9645,1.1046978478180625
0.9646,1.0957485404607428
0.9647,1.2596233964455597
0.9648,1.0414028522580727
0.9649000000000001,1.1513424383010933
0.9650000000000001,1.1864595170868941
0.9651000000000001,1.1356889792877218
0.9652000000000001,1.019750739163397
0.9653,0.9829791449405064
0.9654,1.0872925078472162
0.9655,0.7193452317768365
0.9656,0.8869556231853459
0.9657,1.028077223067988
0.9658,0.9846191076848336
0.9659000000000001,1.173166314287613
0.9660000000000001,1.1387384502534044
0.9661000000000001,1.2198008942610084
0.9662000000000001,1.248085421654236
0.9663,1.2770240025280077
0.9664,1.3074599000723302
0.9665,1.386185751566965
0.9666,1.295695471012514
0.9667,1.4079510134439222
0.9668,1.341636578396334
0.9669000000000001,1.3230005452373805
0.9670000000000001,1.0838485237401303
0.9671000000000001,0.9768203074742197
0.9672000000000001,1.0566147765285634
0.9673,1.244042801215891
0.9674,1.0839790442700312
0.9675,0.9270112012460409
0.9676,1.0131176404587456
0.9677,1.0633067374136327
0.9678,0.9369510556490749
0.9679000000000001,1.2083694982538278
0.9680000000000001,1.1433874244518483
0.9681000000000001,1.2070711283528888
0.9682000000000001,1.2672928871327895
0.9683,1.3960885239900174
0.9684,1.2669936776671462
0.9685,1.1947089949237624
0.9686,1.3409872406775638
0.9687,1.1165353243251066
0.9688,1.2045996070160596
0.9689000000000001,1.26042094
0.9690000000000001,1.1421718009070767
0.9691000000000001,1.1092556312132897
0.9692000000000001,1.011227220579923
0.9693,1.101334450171693
0.9694,0.8238749512365181
0.9695,0.8835199306578796
0.9696,0.8166324192197156
0.9697,0.9465684873415963
0.9698,0.8990002016584235
0.9699000000000001,1.0865745896395262
0.9700000000000001,0.9575347235677848
0.9701000000000001,1.1632563877366542
0.9702000000000001,1.1425380914324403
0.9703,1.125158478648518
0.9704,1.1877667869685575
0.9705,1.1630664219713718
0.9706,1.1486661821772646
0.9707,1.0628645339938367
0.9708,0.9665032106609305
0.9709000000000001,0.9273744798808212
0.9710000000000001,0.7448807943280183
0.9711000000000001,0.8721035217965644
0.9712000000000001,0.6370734890565068
0.9713,0.6610058856057487
0.9714,0.6885263099504366
0.9715,0.6806249828568214
0.9716,0.46778591698699334
0.9717,0.617241678
0.9718,0.6919768329316424
0.9719000000000001,0.7014217224160268
0.9720000000000001,0.8528576746066636
0.9721000000000001,0.727626737
0.9722000000000001,0.6714161325854378
0.9723,0.9306143581830145
0.9724,0.8374294125027508
0.9725,0.735708911
0.9726,0.8401459181002099
0.9727,0.9091124392143588
0.9728,0.6516442585279818
0.9729000000000001,0.8701563966198725
0.9730000000000001,0.5408200485942088
0.9731000000000001,0.5394448985476361
0.9732000000000001,0.36570426223187014
0.9733,0.4088972340074904
0.9734,0.35312355998887696
0.9735,0.22162836870168046
0.9736,0.5634933113959222
0.9737,0.3131628699823288
0.9738,0.3445447491706535
0.9739000000000001,0.5045609197643199
0.9740000000000001,0.6212876043395418
0.9741000000000001,0.6155002168154726
0.9742000000000001,0.4726135465969833
0.9743,0.6177756602943201
0.9744,0.4664142096889631
0.9745,0.686851453
0.9746,0.4622671763469989
0.9747,0.48873170035379365
0.9748,0.49696020260756685
0.9749000000000001,0.4657029254014675
0.9750000000000001,0.3362320113148994
0.9751000000000001,0.4058087957279775
0.9752000000000001,0.2755398670956741
0.9753000000000001,0.21434040734886942
0.9754,0.025508344445768355
0.9755,0.23970656092551024
0.9756,0.039166937
0.9757,0.2608717854210927
0.9758,0.3181215013534317
0.9759000000000001,0.24352655905309148
0.9760000000000001,0.33747651940350565
0.9761000000000001,0.060866801
0.9762000000000001,0.3386184650104792
0.9763000000000001,0.4777853490772426
0.9764,0.48330945134003417
0.9765,0.31306841420202713
0.9766,0.369047618
0.9767,0.1530931174399732
0.9768,0.33683537784834383
0.9769000000000001,0.08958874
0.9770000000000001,0.26127277913135744
0.9771000000000001,0.1961995055068102
0.9772000000000001,0.000593261
0.9773000000000001,0.02887416
0.9774,-0.06557033
0.9775,-0.045451269
0.9776,-0.153458992
0.9777,0.010011701900170679
0.9778,-0.133212345
0.9779,-0.098797862
0.9780000000000001,0.093537891
0.9781000000000001,0.14221507949012027
0.9782000000000001,0.230792917
0.9783000000000001,0.19555135410880994
0.9784,0.42114273775111033
0.9785,0.287397088
0.9786,0.2779623348891147
0.9787,0.24136764270190972
0.9788,0.25632756112049404
0.9789,0.16125562022734288
0.9790000000000001,0.083639949
0.9791000000000001,0.040329674
0.9792000000000001,-0.225234448
0.9793000000000001,-0.271367034
0.9794,-0.16777115
0.9795,-0.192106878
0.9796,-0.124902628
0.9797,-0.146033506
0.9798,-0.061573778
0.9799,-0.156737469
0.9800000000000001,-0.000859566
0.9801000000000001,-0.050194692
0.9802000000000001,0.1390716079653172
0.9803000000000001,-0.002627946
0.9804,0.19915222336048002
0.9805,0.058773017
0.9806,0.13100422658778682
0.9807,0.2000134375887247
0.9808,0.097455676
0.9809,-0.113103764
0.9810000000000001,-0.102070025
0.9811000000000001,-0.235284509
0.9812000000000001,-0.311675452
0.9813000000000001,-0.216175878
0.9814,-0.214507925
0.9815,-0.239300215
0.9816,-0.222077259
0.9817,-0.248464821
0.9818,-0.230879996
0.9819,-0.244960088
0.9820000000000001,-0.13849853
0.9821000000000001,-0.153304421
0.9822000000000001,-0.065695716
0.9823000000000001,0.046901858
0.9824,0.052253751
0.9825,0.3099821840817856
0.9826,-0.059461216
0.9827,0.002820017
0.9828,-0.152441175
0.9829,-0.132604387
0.9830000000000001,-0.198602006
0.9831000000000001,-0.17266461
0.9832000000000001,-0.339769274
0.9833000000000001,-0.371307926
0.9834,-0.426970818
0.9835,-0.522730421
0.9836,-0.46151682
0.9837,-0.420167035
0.9838,-0.348312588
0.9839,-0.262784599
0.9840000000000001,-0.273683192
0.9841000000000001,-0.222688138
0.9842000000000001,-0.294010949
0.9843000000000001,-0.078689629
0.9844,-0.15908398
0.9845,-0.04398727
0.9846,-0.018545221
0.9847,-0.177795629
0.9848,-0.299545603
0.9849,-0.285617991
0.9850000000000001,-0.329210621
0.9851000000000001,-0.455344001
0.9852000000000001,-0.542339396
0.9853000000000001,-0.507905229
0.9854,-0.553275965
0.9855,-0.642418218
0.9856,-0.749249302
0.9857,-0.564152685
0.9858,-0.630094132
0.9859,-0.508237981
0.9860000000000001,-0.464054635
0.9861000000000001,-0.578153844
0.9862000000000001,-0.377615219
0.9863000000000001,-0.311627241
0.9864,-0.286454961
0.9865,-0.331398621
0.9866,-0.521998269
0.9867,-0.303401921
0.9868,-0.430353042
0.9869,-0.628749577
0.9870000000000001,-0.670871619
0.9871000000000001,-0.664778784
0.9872000000000001,-0.698321732
0.9873000000000001,-0.84970483
0.9874,-0.786784877
0.9875,-1.019813505
0.9876,-0.963793023
0.9877,-1.030937398
0.9878,-0.907131834
0.9879,-0.672725114
0.9880000000000001,-0.580707499
0.9881000000000001,-0.678493196
0.9882000000000001,-0.706271594
0.9883000000000001,-0.642320716
0.9884000000000001,-0.571890881
0.9885,-0.738511714
0.9886,-0.682482641
0.9887,-0.563626204
0.9888,-0.819543412
0.9889,-0.864669647
0.9890000000000001,-0.8784769
0.9891000000000001,-0.931528789
0.9892000000000001,-1.072630615
0.9893000000000001,-1.073257069
0.9894000000000001,-1.071554645
0.9895,-0.985249125
0.9896,-1.15447095
0.9897,-1.131059149
0.9898,-0.972890741
0.9899,-1.094619534
0.9900000000000001,-1.105948243
0.9901000000000001,-0.929047081
0.9902000000000001,-0.81783219
0.9903000000000001,-0.841140615
0.9904000000000001,-0.85944331
0.9905,-0.967540866
0.9906,-0.875603661
0.9907,-0.809855297
0.9908,-1.060328478
0.9909,-1.04544692
0.991,-1.126843067
0.9911000000000001,-1.221287363
0.9912000000000001,-1.208854054
0.9913000000000001,-1.244563552
0.9914000000000001,-1.280524665
0.9915,-1.409411376
0.9916,-1.459086946
0.9917,-1.283534238
0.9918,-1.305863638
0.9919,-1.067260606
0.992,-1.006020579
0.9921000000000001,-0.939544245
0.9922000000000001,-1.121630987
0.9923000000000001,-0.959550258
0.9924000000000001,-0.909480468
0.9925,-0.910698567
0.9926,-1.011034178
0.9927,-0.90980556
0.9928,-1.056911638
0.9929,-1.102529941
0.993,-1.297189148
0.9931000000000001,-1.183466032
0.9932000000000001,-1.310211442
0.9933000000000001,-1.294512314
0.9934000000000001,-1.338851572
0.9935,-1.350017522
0.9936,-1.354885783
0.9937,-1.2558969
0.9938,-1.285970798
0.9939,-1.325677179
0.994,-1.096370327
0.9941000000000001,-1.138704492
0.9942000000000001,-1.117543016
0.9943000000000001,-1.041977342
0.9944000000000001,-0.901435887
0.9945,-0.913818389
0.9946,-1.077754554
0.9947,-0.956966859
0.9948,-0.867182434
0.9949,-1.042253849
0.995,-1.070344905
0.9951000000000001,-1.024104177
0.9952000000000001,-1.087774371
0.9953000000000001,-1.101522513
0.9954000000000001,-1.420567603
0.9955,-1.056457124
0.9956,-1.120523796
0.9957,-0.931698809
0.9958,-1.132054293
0.9959,-1.139402463
0.996,-0.920077556
0.9961000000000001,-0.864539909
0.9962000000000001,-0.717654979
0.9963000000000001,-0.622439271
0.9964000000000001,-0.669288492
0.9965,-0.653607492
0.9966,-0.583719865
0.9967,-0.655421272
0.9968,-0.686909966
0.9969,-0.612633821
0.997,-0.636364219
0.9971000000000001,-0.691579524
0.9972000000000001,-0.826474354
0.9973000000000001,-1.007039751
0.9974000000000001,-0.8543547
0.9975,-0.890809207
0.9976,-0.808305345
0.9977,-0.800424667
0.9978,-0.681052556
0.9979,-0.683380336
0.998,-0.617199228
0.9981000000000001,-0.33115079
0.9982000000000001,-0.426546043
0.9983000000000001,-0.280207617
0.9984000000000001,-0.150731182
0.9985,-0.119197709
0.9986,-0.113366834
0.9987,-0.155756337
0.9988,-0.140747593
0.9989,-0.118836923
0.999,-0.230588606
0.9991000000000001,-0.447327706
0.9992000000000001,-0.372214401
0.9993000000000001,-0.292178239
0.9994000000000001,-0.400070751
0.9995,-0.203602667
0.9996,-0.301922841
0.9997,-0.235027858
0.9998,-0.080964955
0.9999,-0.103132474
1,0.014102163
1.0001,0.16043436058396823
1.0002,0.053162842
1.0003,0.21902390625500887
1.0004,0.36320071816616434
1.0005,0.3384591703593297
1.0006000000000002,0.4672897816487771
1.0007000000000001,0.22181397579986195
1.0008000000000001,0.19473160309486168
1.0009000000000001,0.36192643925612156
1.0010000000000001,0.33385499
1.0011,0.21322397294379702
1.0012,0.2306994095705451
1.0013,0.23960221641424573
1.0014,0.11184563371714676
1.0015,0.13579416876083486
1.0016,0.24227046417733303
1.0017,0.3525612633944867
1.0018,0.25569687971473176
1.0019,0.4131302980506878
1.002,0.4952029021409175
1.0021,0.6336750142550502
1.0022,0.6786974975150307
1.0023,0.7030667088132484
1.0024,0.8978126054792919
1.0025,0.7870302072506952
1.0026000000000002,0.8191305044496229
1.0027000000000001,0.7085368209772271
1.0028000000000001,0.7559259068474147
1.0029000000000001,0.819582909
1.0030000000000001,0.7627946042791381
1.0031,0.7435659755869518
1.0032,0.7037899804445819
1.0033,0.8019321019124414
1.0034,0.5657087443109746
1.0035,0.5047969487071033
1.0036,0.5782607203973329
1.0037,0.6521413912459911
1.0038,0.6920019425251347
1.0039,0.8500029901138441
1.004,1.020867425
1.0041,1.1214991400253664
1.0042,1.1098128906541493
1.0043,1.299918699
1.0044,1.1429259862374292
1.0045,1.064537444178289
1.0046,1.2830175594738262
1.0047000000000001,1.0361750486559027
1.0048000000000001,1.091013269521104
1.0049000000000001,1.149152470189119
1.0050000000000001,1.048916262782671
1.0051,0.9908739739864642
1.0052,0.866257729
1.0053,0.9254101925600176
1.0054,0.9874329109305253
1.0055,0.9076943181312235
1.0056,0.8576844069005166
1.0057,0.8603947982940796
1.0058,0.9468345016757508
1.0059,1.1053707497921081
1.006,1.1693749560669933
1.0061,1.1452208173862672
1.0062,1.0931986410353525
1.0063,1.352425900326377
1.0064,1.2794121052060903
1.0065,1.4196174461412414
1.0066,1.2971718969081463
1.0067000000000002,1.252662586470983
1.0068000000000001,1.3016322570088013
1.0069000000000001,1.4236631683618988
1.0070000000000001,1.2340848715088915
1.0071,1.1236759751535992
1.0072,1.0856577598895043
1.0073,0.8720494832122785
1.0074,0.8928951123622311
1.0075,0.7704925967228061
1.0076,1.1175465812703687
1.0077,1.1272906671505991
1.0078,1.0778475970049046
1.0079,1.1096086369777987
1.008,1.0326541543976293
1.0081,1.196781599101473
1.0082,1.4087814646503294
1.0083,1.3150385927010526
1.0084,1.2822365330262886
1.0085,1.190620942506227
1.0086,1.4255752754640485
1.0087000000000002,1.2744212671366848
1.0088000000000001,1.088149186357796
1.0089000000000001,1.0915297425498571
1.0090000000000001,0.9936412472377191
1.0091,1.0153276638983015
1.0092,0.9781862289327147
1.0093,0.8682503259266785
1.0094,0.9330978491680083
1.0095,0.8579735757350049
1.0096,0.9366670477384952
1.0097,0.8414488595019474
1.0098,1.1475522391033541
1.0099,0.9039079014060187
1.01,0.927733601
1.0101,0.9685822216715683
1.0102,1.078211670864577
1.0103,0.9901924769061581
1.0104,1.1679364274460062
1.0105,0.9897409694038684
1.0106,1.1331234816817417
1.0107000000000002,0.9713140803136492
1.0108000000000001,0.9921268186748167
1.0109000000000001,1.0025434014084025
1.0110000000000001,1.0638554072739743
1.0111,0.7185076135314515
1.0112,0.7238612108764244
1.0113,0.6205169560425526
1.0114,0.5670930808270549
1.0115,0.5562753790912592
1.0116,0.6756833899849513
1.0117,0.5855450549317245
1.0118,0.8351422728374028
1.0119,0.730538774
1.012,0.6645308250987617
1.0121,0.7640348743523375
1.0122,0.7711916637974036
1.0123,0.9297937690772916
1.0124,0.74929393
1.0125,0.7691160486611478
1.0126,0.8055032198456171
1.0127000000000002,0.8653035445908017
1.0128000000000001,0.8513492899388095
1.0129000000000001,0.7937200955659082
1.0130000000000001,0.6502346977529336
1.0131000000000001,0.5258528673089241
1.0132,0.5268049206447885
1.0133,0.3140083567172639
1.0134,0.2162508079682659
1.0135,0.37571888710308077
1.0136,0.25697288050796085
1.0137,0.3475653049306363
1.0138,0.3936719150249592
1.0139,0.44688761415022693
1.014,0.5511705367535995
1.0141,0.5919512824384019
1.0142,0.5843079618125463
1.0143,0.5653017170971385
1.0144,0.6255449753738647
1.0145,0.5670182130577419
1.0146,0.5773679136689568
1.0147000000000002,0.7624416801289045
1.0148000000000001,0.5117914990006519
1.0149000000000001,0.4661220018730945
1.0150000000000001,0.3006683292640865
1.0151000000000001,0.3658879749037272
1.0152,0.2785024943333572
1.0153,0.2241506313961321
1.0154,0.14105171634481262
1.0155,0.18649233678321522
1.0156,0.2051469644653897
1.0157,0.14451630433006718
1.0158,0.14717690807943326
1.0159,0.2740797156731013
1.016,0.1825854470642822
1.0161,0.2500635593350048
1.0162,0.3499546308188598
1.0163,0.25030353240864256
1.0164,0.47555625175996646
1.0165,0.3336131702527631
1.0166,0.35482609927394143
1.0167000000000002,0.33893999
1.0168000000000001,0.30693889636008675
1.0169000000000001,0.21276275
1.0170000000000001,0.16544486792982477
1.0171000000000001,0.096811306
1.0172,0.00278013
1.0173,-0.074683471
1.0174,0.038315481726711884
1.0175,-0.233156397
1.0176,-0.07813545
1.0177,-0.077299666
1.0178,0.031585792
1.0179,-0.068746873
1.018,0.063309329
1.0181,0.15092576313976822
1.0182,0.2946146670846649
1.0183,0.27408675067129695
1.0184,0.17560834761875327
1.0185,0.23555055144941142
1.0186,0.33021590082067787
1.0187,0.12952694323555863
1.0188000000000001,0.16980323013476903
1.0189000000000001,0.11444459086638119
1.0190000000000001,0.017415872215321686
1.0191000000000001,0.19711108857272136
1.0192,-0.112283794
1.0193,-0.09243801
1.0194,-0.22299054
1.0195,-0.134073128
1.0196,-0.101624408
1.0197,-0.194671981
1.0198,-0.112499118
1.0199,-0.128712229
1.02,-0.091552305
1.0201,0.14003348184046527
1.0202,0.063802898
1.0203,-0.045454128
1.0204,0.3125159079966794
1.0205,0.11212534119123131
1.0206,0.1419766065457213
1.0207,0.25969174271232504
1.0208000000000002,0.06792591
1.0209000000000001,0.005482126
1.0210000000000001,-0.146532361
1.0211000000000001,-0.245960923
1.0212,-0.189405673
1.0213,-0.196564151
1.0214,-0.23488976
1.0215,-0.313049575
1.0216,-0.268666781
1.0217,-0.394488753
1.0218,-0.172195417
1.0219,-0.146202074
1.022,0.054600715461978186
1.0221,-0.046998179
1.0222,-0.073496022
1.0223,0.035729857
1.0224,0.035454254
1.0225,0.099580571
1.0226,0.050353797
1.0227,-0.087967821
1.0228000000000002,-0.169402069
1.0229000000000001,-0.08054886
1.0230000000000001,-0.060185388
1.0231000000000001,-0.233907181
1.0232,-0.238732162
1.0233,-0.274977626
1.0234,-0.371202033
1.0235,-0.4758056
1.0236,-0.393723983
1.0237,-0.293046267
1.0238,-0.311827414
1.0239,-0.247640754
1.024,-0.291919171
1.0241,-0.218702337
1.0242,-0.165844082
1.0243,-0.125975431
1.0244,-0.009975483
1.0245,-0.291531027
1.0246,-0.121417352
1.0247,-0.169122137
1.0248000000000002,-0.327400792
1.0249000000000001,-0.230540724
1.0250000000000001,-0.415066797
1.0251000000000001,-0.458665012
1.0252000000000001,-0.34931377
1.0253,-0.472189914
1.0254,-0.547123272
1.0255,-0.584252892
1.0256,-0.63009841
1.0257,-0.440712758
1.0258,-0.504534546
1.0259,-0.58534926
1.026,-0.588155396
1.0261,-0.381691009
1.0262,-0.388571284
1.0263,-0.467104897
1.0264,-0.303140261
1.0265,-0.362310054
1.0266,-0.321370192
1.0267,-0.370229189
1.0268000000000002,-0.511895977
1.0269000000000001,-0.481856449
1.0270000000000001,-0.647682983
1.0271000000000001,-0.71790727
1.0272000000000001,-0.79528618
1.0273,-0.720189847
1.0274,-0.8752727
1.0275,-0.766596705
1.0276,-0.737717512
1.0277,-0.924885808
1.0278,-1.069019048
1.0279,-0.709810525
1.028,-0.77268943
1.0281,-0.766555347
1.0282,-0.702294705
1.0283,-0.65777463
1.0284,-0.505982625
1.0285,-0.600680346
1.0286,-0.533994816
1.0287,-0.63888004
1.0288000000000002,-0.760625065
1.0289000000000001,-0.835976231
1.0290000000000001,-0.834603693
1.0291000000000001,-0.888546119
1.0292000000000001,-0.942886876
1.0293,-1.100337301
1.0294,-1.106173339
1.0295,-1.095442038
1.0296,-1.175088602
1.0297,-1.218550567
1.0298,-1.159588614
1.0299,-1.069969101
1.03,-0.947023429
1.0301,-0.8483488
1.0302,-1.012409968
1.0303,-0.917811987
1.0304,-0.880311057
1.0305,-0.788092034
1.0306,-0.913182964
1.0307,-0.942886278
1.0308,-1.074558518
1.0309000000000001,-0.987194561
1.0310000000000001,-1.108756215
1.0311000000000001,-1.2177946
1.0312000000000001,-1.249448953
1.0313,-1.189868331
1.0314,-1.39554177
1.0315,-1.398599366
1.0316,-1.227228055
1.0317,-1.298463327
1.0318,-1.211809787
1.0319,-1.182185443
1.032,-1.159608119
1.0321,-1.126663358
1.0322,-0.979897473
1.0323,-0.912112859
1.0324,-0.892421602
1.0325,-1.066204637
1.0326,-0.878289461
1.0327,-1.040773572
1.0328,-1.117352
1.0329000000000002,-1.126324647
1.0330000000000001,-1.107672197
1.0331000000000001,-1.191810095
1.0332000000000001,-1.309809417
1.0333,-1.264681353
1.0334,-1.346471822
1.0335,-1.410330165
1.0336,-1.40787152
1.0337,-1.286006092
1.0338,-1.276660814
1.0339,-1.319301798
1.034,-1.074113856
1.0341,-1.112406052
1.0342,-0.884232496
1.0343,-1.072437074
1.0344,-0.938559165
1.0345,-0.9620951
1.0346,-0.985173713
1.0347,-0.965217641
1.0348,-0.819075523
1.0349000000000002,-0.994680581
1.0350000000000001,-1.120443424
1.0351000000000001,-1.253833764
1.0352000000000001,-1.289122515
1.0353,-1.226179652
1.0354,-1.249458353
1.0355,-1.213063024
1.0356,-1.353210535
1.0357,-1.135951449
1.0358,-0.987249828
1.0359,-0.868499114
1.036,-1.072210725
1.0361,-0.906621543
1.0362,-0.838286806
1.0363,-0.696775824
1.0364,-0.759886758
1.0365,-0.499769788
1.0366,-0.622055653
1.0367,-0.644766682
1.0368,-0.532294299
1.0369000000000002,-0.696888426
1.0370000000000001,-0.705122175
1.0371000000000001,-0.838360685
1.0372000000000001,-0.922656142
1.0373,-0.884685562
1.0374,-0.667540146
1.0375,-0.77952913
1.0376,-0.775964556
1.0377,-0.824847267
1.0378,-0.606493303
1.0379,-0.708853748
1.038,-0.640106349
1.0381,-0.473677078
1.0382,-0.192614161
1.0383,-0.128402608
1.0384,-0.263191324
1.0385,-0.24627796
1.0386,-0.308183653
1.0387,-0.1737432
1.0388,-0.185706837
1.0389000000000002,-0.165519473
1.0390000000000001,-0.191733812
1.0391000000000001,-0.316145271
1.0392000000000001,-0.285449515
1.0393000000000001,-0.403938954
1.0394,-0.306939674
1.0395,-0.373789725
1.0396,-0.260111773
1.0397,-0.211567653
1.0398,-0.165440201
1.0399,-0.024941304
1.04,-0.125631926
1.0401,0.003311184
1.0402,0.14933971748757952
1.0403,0.12638668823221488
1.0404,0.26431929337147136
1.0405,0.3032407348857297
1.0406,0.45467777961590455
1.0407,0.3592905406382004
1.0408,0.4122861106156489
1.0409000000000002,0.32448549543108846
1.0410000000000001,0.22173703137294043
1.0411000000000001,0.23938131810998498
1.0412000000000001,0.2570219642814684
1.0413000000000001,0.2754577643190946
1.0414,0.16636988515054144
1.0415,0.060541187256554246
1.0416,0.089668189
1.0417,0.25412113779365164
1.0418,0.16194131373154713
1.0419,0.5725744658644509
1.042,0.5624964911892664
1.0421,0.5493849250918643
1.0422,0.5906215595951214
1.0423,0.8289869231955788
1.0424,0.7088363705666585
1.0425,0.7487126646922863
1.0426,0.7812225382891888
1.0427,0.8449836250167639
1.0428,0.8626797721269923
1.0429000000000002,0.8737106017356766
1.0430000000000001,0.8207441516864898
1.0431000000000001,0.6956665131204746
1.0432000000000001,0.7413531554694399
1.0433000000000001,0.5812350098907257
1.0434,0.47986816934974874
1.0435,0.580660362
1.0436,0.5978041189409612
1.0437,0.6578745723685946
1.0438,0.6931981191151477
1.0439,0.8056213560958905
1.044,0.9702564101232066
1.0441,1.1355469824007904
1.0442,0.9314404925657096
1.0443,1.025598151737172
1.0444,1.1081201300644716
1.0445,1.2563983177334166
1.0446,1.1823675186049332
1.0447,1.1253338621476245
1.0448,1.208752151953575
1.0449,1.1840547129027843
1.0450000000000002,1.0556059844326828
1.0451000000000001,0.9408526568865414
1.0452000000000001,0.9823432972916626
1.0453000000000001,0.9076129270384806
1.0454,0.8878588523286677
1.0455,0.8651048673201833
1.0456,0.9981011370575734
1.0457,0.9801882932480157
1.0458,1.0944581388633745
1.0459,1.1808901412372166
1.046,1.178605236587555
1.0461,1.1687432162431057
1.0462,1.3532854933715057
1.0463,1.3560780554148768
1.0464,1.559498119268753
1.0465,1.3893006788995952
1.0466,1.4134757113994645
1.0467,1.3549285340682942
1.0468,1.281450617078726
1.0469,1.2143439059928642
1.0470000000000002,1.1977019797922466
1.0471000000000001,1.1544724913622348
1.0472000000000001,1.1493006689505774
1.0473000000000001,1.0368467967954245
1.0474,0.9456512079884151
1.0475,0.9452185861986577
1.0476,0.8733217142720129
1.0477,1.1379968923039256
1.0478,1.0031282258260463
1.0479,1.1761946655420978
1.048,1.1789054231928413
1.0481,1.2386241423886832
1.0482,1.2559942843562328
1.0483,1.2415014017552624
1.0484,1.2499254182838813
1.0485,1.4695438264109082
1.0486,1.3242677035525592
1.0487,1.3700493909139697
1.0488,1.3394804496385222
1.0489,1.1326032427078225
1.0490000000000002,1.129724749900589
1.0491000000000001,1.029468007994559
1.0492000000000001,0.8690220071223305
1.0493000000000001,0.8936692929966132
1.0494,0.9179346486681903
1.0495,0.8117470560963367
1.0496,0.8256946012869729
1.0497,0.8561550373176051
1.0498,1.072848538
1.0499,0.8023430843156666
1.05,1.0401314639221435
1.0501,1.0304191394990552
1.0502,1.0438345363087256
1.0503,1.1055253076029172
1.0504,1.1977614994464514
1.0505,1.2001271584906925
1.0506,1.1350711775519085
1.0507,1.166833525157978
1.0508,1.1241369308733802
1.0509,1.0194902448339624
1.0510000000000002,0.8358369964720779
1.0511000000000001,0.8443029791309641
1.0512000000000001,0.7758226595616117
1.0513000000000001,0.6131671353328634
1.0514000000000001,0.5111275951075707
1.0515,0.4516511957788523
1.0516,0.6153465111429638
1.0517,0.6484327012595054
1.0518,0.5606547307636126
1.0519,0.7809430202791715
1.052,0.7575091299364904
1.0521,0.9013274981171703
1.0522,0.8649822925992876
1.0523,0.7804815910912192
1.0524,0.9170587991354295
1.0525,0.9300010146857748
1.0526,0.8090170224745805
1.0527,0.6953003613550153
1.0528,0.7607281530976048
1.0529,0.6032091494788866
1.0530000000000002,0.6975215892019448
1.0531000000000001,0.4999098957834279
1.0532000000000001,0.6012029441791233
1.0533000000000001,0.23563571271028538
1.0534000000000001,0.37460703406116846
1.0535,0.45513929209626147
1.0536,0.2662028086088809
1.0537,0.3400537686537092
1.0538,0.35185889660600866
1.0539,0.37233663804386596
1.054,0.49571702496073705
1.0541,0.4217515392952206
1.0542,0.5598304539327115
1.0543,0.6419424785494543
1.0544,0.5997165113688236
1.0545,0.5346987103928685
1.0546,0.6754970593175641
1.0547,0.6114083631719394
1.0548,0.4139213492257755
1.0549,0.3265737953084713
1.0550000000000002,0.28095282790699994
1.0551000000000001,0.32790395482821927
1.0552000000000001,0.23972653243727837
1.0553000000000001,0.22596904401937518
1.0554000000000001,0.097768399
1.0555,0.029778390121860565
1.0556,0.17691986780776797
1.0557,0.07759251
1.0558,0.17126974126777694
1.0559,0.078520049
1.056,0.20933063764332935
1.0561,0.3882520874595526
1.0562,0.2969166929161368
1.0563,0.45477240359981325
1.0564,0.22286705417983474
1.0565,0.36589494847857035
1.0566,0.37883700932382636
1.0567,0.4954055821234449
1.0568,0.2102709202334407
1.0569,0.293934476
1.0570000000000002,0.2553890942081482
1.0571000000000002,0.043862344869860084
1.0572000000000001,0.00866069
1.0573000000000001,-0.001497613
1.0574000000000001,-0.16672123
1.0575,-0.101212198
1.0576,0.040410726
1.0577,0.002024677
1.0578,-0.01445763
1.0579,0.056642339
1.058,0.14976458531490702
1.0581,0.22090735369184622
1.0582,0.1644956464647012
1.0583,0.37028962879010063
1.0584,0.3755952605846341
1.0585,0.3287292993753189
1.0586,0.19189500334014753
1.0587,0.14397101996775152
1.0588,0.1499664678769176
1.0589,0.12003543488022092
1.059,-0.093200832
1.0591000000000002,0.021026397
1.0592000000000001,0.023731704
1.0593000000000001,-0.082301291
1.0594000000000001,-0.215770674
1.0595,-0.239845239
1.0596,-0.147299228
1.0597,-0.159899155
1.0598,-0.072679679
1.0599,-0.008952137
1.06,0.087351242
1.0601,-0.033480027
1.0602,0.12585248904355356
1.0603,0.11855685750988093
1.0604,0.16339661196238814
1.0605,0.2454456752497372
1.0606,0.23953651988965968
1.0607,0.2402947143034673
1.0608,0.11331249743144908
1.0609,0.009747711
1.061,-0.068508795
1.0611000000000002,-0.253954627
1.0612000000000001,-0.068915968
1.0613000000000001,-0.251340806
1.0614000000000001,-0.218860028
1.0615,-0.220228967
1.0616,-0.369912645
1.0617,-0.321379665
1.0618,-0.085247186
1.0619,-0.135879701
1.062,-0.149739009
1.0621,-0.057704311
1.0622,0.088816479
1.0623,0.11453286633774341
1.0624,-0.055608303
1.0625,0.19554664854394901
1.0626,0.12549427470166052
1.0627,0.000629895
1.0628,-0.133880402
1.0629,-0.017260825
1.063,-0.132720352
1.0631000000000002,-0.356878882
1.0632000000000001,-0.322362197
1.0633000000000001,-0.105908522
1.0634000000000001,-0.39122524
1.0635000000000001,-0.470003929
1.0636,-0.49002836
1.0637,-0.247844179
1.0638,-0.286397899
1.0639,-0.194905253
1.064,-0.235060649
1.0641,-0.102192498
1.0642,-0.224211528
1.0643,-0.108861112
1.0644,-0.080447868
1.0645,0.006838625
1.0646,-0.098352973
1.0647,-0.212803366
1.0648,-0.212554793
1.0649,-0.418395158
1.065,-0.54278428
1.0651000000000002,-0.363595091
1.0652000000000001,-0.527195834
1.0653000000000001,-0.57390119
1.0654000000000001,-0.526606493
1.0655000000000001,-0.502954216
1.0656,-0.574164972
1.0657,-0.446417113
1.0658,-0.528492826
1.0659,-0.50120819
1.066,-0.456916108
1.0661,-0.529877694
1.0662,-0.307621865
1.0663,-0.548427125
1.0664,-0.384327382
1.0665,-0.338953453
1.0666,-0.427004372
1.0667,-0.44170888
1.0668,-0.31608481
1.0669,-0.444162119
1.067,-0.662716791
1.0671000000000002,-0.720842041
1.0672000000000001,-0.854864784
1.0673000000000001,-0.754268298
1.0674000000000001,-0.872806305
1.0675000000000001,-1.033709477
1.0676,-0.872333615
1.0677,-0.830669966
1.0678,-0.758288145
1.0679,-0.799239672
1.068,-0.775145371
1.0681,-0.538359259
1.0682,-0.654670364
1.0683,-0.567024578
1.0684,-0.652921243
1.0685,-0.558280473
1.0686,-0.753133026
1.0687,-0.715383054
1.0688,-0.832548546
1.0689,-0.853145521
1.069,-0.779494789
1.0691000000000002,-1.003166241
1.0692000000000002,-0.965169801
1.0693000000000001,-0.958033005
1.0694000000000001,-1.122395993
1.0695000000000001,-1.062663903
1.0696,-1.101884523
1.0697,-1.11844041
1.0698,-1.035061682
1.0699,-0.903491218
1.07,-1.050981513
1.0701,-1.025803071
1.0702,-0.985359355
1.0703,-0.790470148
1.0704,-0.761332647
1.0705,-0.894632351
1.0706,-1.041815205
1.0707,-0.96248823
1.0708,-0.917770777
1.0709,-1.031204997
1.071,-1.081416469
1.0711,-1.207338551
1.0712000000000002,-1.147560765
1.0713000000000001,-1.252572627
1.0714000000000001,-1.268233739
1.0715000000000001,-1.318541341
1.0716,-1.285458797
1.0717,-1.267839578
1.0718,-1.339636085
1.0719,-1.184480548
1.072,-1.093460701
1.0721,-1.006388111
1.0722,-1.013133543
1.0723,-1.082319826
1.0724,-1.044062056
1.0725,-1.006178752
1.0726,-0.967525229
1.0727,-1.02191764
1.0728,-1.146848202
1.0729,-1.203156034
1.073,-1.342044214
1.0731,-1.484605224
1.0732000000000002,-1.29992105
1.0733000000000001,-1.146076193
1.0734000000000001,-1.213918306
1.0735000000000001,-1.442750961
1.0736,-1.339236433
1.0737,-1.43599124
1.0738,-1.375028157
1.0739,-1.305059193
1.074,-1.15992667
1.0741,-1.088580818
1.0742,-0.991385911
1.0743,-0.907140564
1.0744,-0.951052951
1.0745,-0.903200727
1.0746,-0.994644912
1.0747,-1.033834146
1.0748,-1.08063872
1.0749,-0.954210371
1.075,-1.084139409
1.0751,-1.257233113
1.0752000000000002,-1.156460628
1.0753000000000001,-1.283168307
1.0754000000000001,-1.065933009
1.0755000000000001,-1.241444705
1.0756000000000001,-1.116915352
1.0757,-1.04149988
1.0758,-1.145862487
1.0759,-0.992242645
1.076,-0.876377601
1.0761,-0.833266429
1.0762,-0.741060037
1.0763,-0.81480389
1.0764,-0.617982063
1.0765,-0.673243984
1.0766,-0.597581353
1.0767,-0.561315871
1.0768,-0.606206717
1.0769,-0.667707038
1.077,-0.685776184
1.0771,-0.723223939
1.0772000000000002,-0.693375884
1.0773000000000001,-0.838580688
1.0774000000000001,-0.829381654
1.0775000000000001,-0.755605461
1.0776000000000001,-0.837158352
1.0777,-0.853558793
1.0778,-0.639934953
1.0779,-0.616720181
1.078,-0.611344026
1.0781,-0.388922754
1.0782,-0.234482793
1.0783,-0.41061355
1.0784,-0.14530637
1.0785,-0.39530744
1.0786,-0.208977621
1.0787,-0.032744385
1.0788,-0.224933781
1.0789,-0.221488902
1.079,-0.203561117
1.0791,-0.437669399
1.0792000000000002,-0.32416416
1.0793000000000001,-0.342750799
1.0794000000000001,-0.200917399
1.0795000000000001,-0.432070425
1.0796000000000001,-0.3273916
1.0797,-0.316116223
1.0798,-0.253697436
1.0799,0.001687736
1.08,0.00213212
1.0801,0.044059106
1.0802,0.1295168192804349
1.0803,0.1967895930904634
1.0804,0.25896420034324535
1.0805,0.23205553094880416
1.0806,0.3292047132773631
1.0807,0.3191513091227206
1.0808,0.2693080080182789
1.0809,0.31275521843079446
1.081,0.2837815714810089
1.0811,0.18415219634706048
1.0812000000000002,0.18713712550560155
1.0813000000000001,0.35267555635576503
1.0814000000000001,0.34658935087347664
1.0815000000000001,0.10801482355442185
1.0816000000000001,0.15393656451438203
1.0817,0.1954818844437099
1.0818,0.4335377490211786
1.0819,0.3970837646394639
1.082,0.5339157721650066
1.0821,0.7599956725141293
1.0822,0.678556184
1.0823,0.8032372932580883
1.0824,0.8395610029627816
1.0825,0.7831134176447043
1.0826,0.9272311520306529
1.0827,0.7678805671227708
1.0828,0.9202063599107401
1.0829,0.7313007458457473
1.083,0.6989090301280152
1.0831,0.6085255904916064
1.0832000000000002,0.5857706447036063
1.0833000000000002,0.6007738332225574
1.0834000000000001,0.4310295658738639
1.0835000000000001,0.615684261
1.0836000000000001,0.6216670211037801
1.0837,0.7716344260014856
1.0838,0.8037865565230988
1.0839,0.7858991278143354
1.084,0.8839709722416595
1.0841,0.979556971
1.0842,1.188344735
1.0843,1.0628325474527252
1.0844,1.113854978
1.0845,1.1048522354091228
1.0846,1.0802001556878866
1.0847,1.2078228898859034
1.0848,1.1676457778229996
1.0849,1.210164439822169
1.085,1.1404195018047787
1.0851,1.1979195321788834
1.0852,0.9548111105095994
1.0853000000000002,0.9054320186109909
1.0854000000000001,0.8031218042208381
1.0855000000000001,0.9618231382064399
1.0856000000000001,0.9335852165875184
1.0857,1.012299179542786
1.0858,0.9204721307731387
1.0859,1.1021123847211964
1.086,1.1583027445145462
1.0861,1.2203841886254199
1.0862,1.215398122138687
1.0863,1.413970851116885
1.0864,1.5152533034423856
1.0865,1.2756649257162123
1.0866,1.415296186645774
1.0867,1.1014666106573787
1.0868,1.3428673003866956
1.0869,1.0854348606365254
1.087,1.132165084387706
1.0871,1.0077364582768682
1.0872,1.0397007173832156
1.0873000000000002,1.0792422480005466
1.0874000000000001,0.8340972809242697
1.0875000000000001,0.9426085307653246
1.0876000000000001,0.9380871681989834
1.0877000000000001,1.1315836795278926
1.0878,1.080962995535813
1.0879,1.0046220596691944
1.088,1.1190778042751006
1.0881,1.3388139349923756
1.0882,1.3225393397199432
1.0883,1.231066635852963
1.0884,1.306042607252591
1.0885,1.3124578634338588
1.0886,1.2721122630731108
1.0887,1.1432109987132166
1.0888,1.1744781573956977
1.0889,1.276606941584895
1.089,1.0653527296615788
1.0891,1.0176068555184863
1.0892,0.9728411631120493
1.0893000000000002,1.085959002645917
1.0894000000000001,0.8716441031624036
1.0895000000000001,0.9391850247838822
1.0896000000000001,0.8038276431526233
1.0897000000000001,0.8492724449082558
1.0898,0.9049304095912836
1.0899,0.8871363639360708
1.09,0.9837025775517259
1.0901,1.1217303405443761
1.0902,1.0310577641015892
1.0903,1.1277624866525071
1.0904,1.2010700840722484
1.0905,1.0762079870640229
1.0906,1.2078229111663177
1.0907,1.0852448982183454
1.0908,1.0094204861981815
1.0909,0.7935283450138859
1.091,0.8496433972028815
1.0911,0.834475048
1.0912,0.8755142083348113
1.0913000000000002,0.7238487823534785
1.0914000000000001,0.7267800051741719
1.0915000000000001,0.5167448795990559
1.0916000000000001,0.5996122722817508
1.0917000000000001,0.7222492394564578
1.0918,0.5841785729438097
1.0919,0.7744782439929093
1.092,0.8039971071608027
1.0921,0.8153491807999261
1.0922,0.8090432129897938
1.0923,0.7868846644757531
1.0924,1.022426645600478
1.0925,0.9269411605139231
1.0926,0.8800761993195694
1.0927,0.7776398212836164
1.0928,0.7557341983202648
1.0929,0.6964541019017737
1.093,0.6398406309359359
1.0931,0.5912312532954351
1.0932,0.40063713359134034
1.0933000000000002,0.2882406488728231
1.0934000000000001,0.3705658538314011
1.0935000000000001,0.20101049390216916
1.0936000000000001,0.31153427428036917
1.0937000000000001,0.31205465709492797
1.0938,0.4234416091312639
1.0939,0.5856458122549522
1.094,0.3205799637593089
1.0941,0.7073200698006201
1.0942,0.5500619437096058
1.0943,0.6284876341085458
1.0944,0.5037374356698541
1.0945,0.694464772
1.0946,0.5964000303375754
1.0947,0.5480704133475207
1.0948,0.3422255137378296
1.0949,0.43600614561807977
1.095,0.42477304709193325
1.0951,0.26537981075077044
1.0952,0.3116166481718914
1.0953000000000002,0.2533940407749661
1.0954000000000002,0.072572786
1.0955000000000001,0.23136623782565605
1.0956000000000001,0.10703574588061175
1.0957000000000001,0.12584801084514702
1.0958,0.16426439460767672
1.0959,0.20805929653921118
1.096,0.044504803056490044
1.0961,0.29265986992905435
1.0962,0.24510294051672887
1.0963,0.5197189540609463
1.0964,0.536235269
1.0965,0.4788013478464686
1.0966,0.3734679860069476
1.0967,0.27536116292775026
1.0968,0.25118947053254126
1.0969,0.3956663646536117
1.097,0.11545876078683545
1.0971,-0.086866112
1.0972,0.12095584681398819
1.0973,0.1072123344489331
1.0974000000000002,0.084534823
1.0975000000000001,0.018263899
1.0976000000000001,0.034443336529399446
1.0977000000000001,-0.035552982
1.0978,-0.168021177
1.0979,0.049827034
1.098,0.1530179778660807
1.0981,0.14829293733373894
1.0982,0.19454188875586145
1.0983,0.1703825102062616
1.0984,0.1901483050264982
1.0985,0.42160057
1.0986,0.40927950219822634
1.0987,0.2253771620096521
1.0988,0.19861666001207312
1.0989,0.036705582505699885
1.099,0.099684505
1.0991,0.12222287967811285
1.0992,-0.20160374
1.0993,-0.091308558
1.0994000000000002,-0.118564671
1.0995000000000001,-0.134084446
1.0996000000000001,-0.039862002
1.0997000000000001,0.015246599146885448
1.0998,-0.126801667
1.0999,-0.003235953
1.1,0.006738696
1.1001,0.006520624
1.1002,0.1297881057660915
1.1003,0.2013548201068074
1.1004,0.18864171031057525
1.1005,0.10579847027734622
1.1006,0.12460159885707431
1.1007,0.091946629
1.1008,0.011869761007451796
1.1009,0.043632221
1.101,-0.014829549
1.1011,-0.036812819
1.1012,-0.244704559
1.1013,-0.271787227
1.1014000000000002,-0.134966236
1.1015000000000001,-0.287708358
1.1016000000000001,-0.267876922
1.1017000000000001,-0.261520251
1.1018000000000001,-0.118366313
1.1019,-0.065369847
1.102,-0.014235508
1.1021,-0.045471142
1.1022,-0.067877352
1.1023,0.1938047541797394
1.1024,0.13018295580581682
1.1025,0.028271222538803487
1.1026,0.16210793997731457
1.1027,-0.030020799
1.1028,0.074313666
1.1029,0.016681250501361267
1.103,-0.244553173
1.1031,-0.193714348
1.1032,-0.241220694
1.1033,-0.146809622
1.1034000000000002,-0.45192947
1.1035000000000001,-0.296042819
1.1036000000000001,-0.407960948
1.1037000000000001,-0.488921233
1.1038000000000001,-0.363817632
1.1039,-0.307303201
1.104,-0.339626687
1.1041,-0.177540147
1.1042,-0.079721156
1.1043,-0.102812338
1.1044,-0.146759676
1.1045,-0.115634895
1.1046,-0.124223885
1.1047,-0.145376697
1.1048,-0.12889424
1.1049,-0.262526921
1.105,-0.469322511
1.1051,-0.475088086
1.1052,-0.483934639
1.1053,-0.463057847
1.1054000000000002,-0.489254512
1.1055000000000001,-0.472740219
1.1056000000000001,-0.606474856
1.1057000000000001,-0.539598205
1.1058000000000001,-0.685064879
1.1059,-0.490994742
1.106,-0.562168342
1.1061,-0.432041185
1.1062,-0.141714683
1.1063,-0.328505505
1.1064,-0.406532211
1.1065,-0.30816476
1.1066,-0.405189401
1.1067,-0.482427935
1.1068,-0.294983693
1.1069,-0.447139068
1.107,-0.580207646
1.1071,-0.714622584
1.1072,-0.777567627
1.1073,-0.687269252
1.1074000000000002,-0.828300706
1.1075000000000002,-1.123016571
1.1076000000000001,-0.686721221
1.1077000000000001,-0.851143288
1.1078000000000001,-0.807869903
1.1079,-0.706435704
1.108,-0.708099452
1.1081,-0.637507744
1.1082,-0.689095134
1.1083,-0.72297315
1.1084,-0.587339449
1.1085,-0.498944073
1.1086,-0.688506911
1.1087,-0.73665957
1.1088,-0.638205066
1.1089,-0.841327272
1.109,-0.912377186
1.1091,-0.984031711
1.1092,-1.02782877
1.1093,-1.205305268
1.1094000000000002,-1.163337017
1.1095000000000002,-1.123735829
1.1096000000000001,-1.126512365
1.1097000000000001,-1.03511592
1.1098000000000001,-0.947935551
1.1099,-0.92968759
1.11,-0.926827809
1.1101,-0.960965767
1.1102,-0.953771717
1.1103,-0.868594111
1.1104,-0.804835755
1.1105,-0.785914373
1.1106,-0.821087263
1.1107,-0.918201729
1.1108,-0.898650132
1.1109,-0.924997346
1.111,-1.025431458
1.1111,-1.168032042
1.1112,-1.29539579
1.1113,-1.348633366
1.1114,-1.369648227
1.1115000000000002,-1.310700579
1.1116000000000001,-1.28582395
1.1117000000000001,-1.417687898
1.1118000000000001,-1.305709723
1.1119,-1.194862759
1.112,-1.228755747
1.1121,-1.064087096
1.1122,-1.071016378
1.1123,-1.062973407
1.1124,-0.974900235
1.1125,-0.93998448
1.1126,-1.050564655
1.1127,-1.031547743
1.1128,-1.019535367
1.1129,-1.173745646
1.113,-1.306783019
1.1131,-1.357973138
1.1132,-1.322822574
1.1133,-1.437168085
1.1134,-1.38547842
1.1135000000000002,-1.23129702
1.1136000000000001,-1.461516568
1.1137000000000001,-1.341433267
1.1138000000000001,-1.09947503
1.1139000000000001,-1.176610979
1.114,-1.171304638
1.1141,-1.08653466
1.1142,-0.977253068
1.1143,-0.824536121
1.1144,-0.966570766
1.1145,-0.966705707
1.1146,-1.01744461
1.1147,-0.918026701
1.1148,-1.073175921
1.1149,-1.043252805
1.115,-1.129801456
1.1151,-1.021613611
1.1152,-1.192085222
1.1153,-1.151508174
1.1154,-1.327090674
1.1155000000000002,-1.184618411
1.1156000000000001,-1.267688655
1.1157000000000001,-1.162668802
1.1158000000000001,-0.892572005
1.1159000000000001,-0.923752464
1.116,-0.93092804
1.1161,-0.58659477
1.1162,-0.843162073
1.1163,-0.615216228
1.1164,-0.784918917
1.1165,-0.653864669
1.1166,-0.733360631
1.1167,-0.614332906
1.1168,-0.655233777
1.1169,-0.7202178
1.117,-0.649781886
1.1171,-0.823664741
1.1172,-0.786867837
1.1173,-0.770212237
1.1174,-0.96115591
1.1175000000000002,-0.890043953
1.1176000000000001,-0.793618466
1.1177000000000001,-0.696325122
1.1178000000000001,-0.565694346
1.1179000000000001,-0.61750867
1.118,-0.540059516
1.1181,-0.498773791
1.1182,-0.322574706
1.1183,-0.304003552
1.1184,-0.249014951
1.1185,-0.199853119
1.1186,-0.132824445
1.1187,-0.225084102
1.1188,-0.260440505
1.1189,-0.194146039
1.119,-0.506648405
1.1191,-0.348645772
1.1192,-0.422036504
1.1193,-0.251627187
1.1194,-0.385177698
1.1195000000000002,-0.378068448
1.1196000000000002,-0.300758253
1.1197000000000001,-0.289477554
1.1198000000000001,-0.203156344
1.1199000000000001,-0.080735649
1.12,-0.033763235
1.1201,0.054167086
1.1202,0.090131877
1.1203,0.14954506000446705
1.1204,0.30171940634309635
1.1205,0.35773919927482273
1.1206,0.23565054517987327
1.1207,0.40868315768531527
1.1208,0.3910555557165337
1.1209,0.37832664898860674
1.121,0.2885815398507637
1.1211,0.27965054151352353
1.1212,0.37346992513320226
1.1213,0.15586393013358218
1.1214,0.09329937
1.1215000000000002,0.069617248
1.1216000000000002,0.3675462842600643
1.1217000000000001,0.4217371272989757
1.1218000000000001,0.2750054544686754
1.1219000000000001,0.3707804435913364
1.122,0.48882254967482414
1.1221,0.6981788356233959
1.1222,0.5764091912374282
1.1223,0.5894078335264055
1.1224,0.9713285011437346
1.1225,0.8551606687339959
1.1226,0.8788512779647971
1.1227,0.8194481514347929
1.1228,0.8502787708925797
1.1229,0.6571603523952028
1.123,0.6698728024219975
1.1231,0.7040172471435624
1.1232,0.4780401261369994
1.1233,0.6107135699036913
1.1234,0.5964043008799892
1.1235,0.6101356296258484
1.1236000000000002,0.6182184154574322
1.1237000000000001,0.6287621840425898
1.1238000000000001,0.6241855494328905
1.1239000000000001,0.8540898860756838
1.124,0.8966451140521353
1.1241,0.88830389
1.1242,1.0744708835332277
1.1243,1.105020906283433
1.1244,1.134553914629771
1.1245,1.0225873765939049
1.1246,1.2533847150274173
1.1247,1.084618516787136
1.1248,1.1564751317244437
1.1249,1.0428820161207262
1.125,1.0260086597827858
1.1251,1.0983335943562458
1.1252,1.0032503879771575
1.1253,1.0166775794179361
1.1254,0.9335707514012472
1.1255,0.9377883715555848
1.1256000000000002,0.781611357
1.1257000000000001,0.934795876
1.1258000000000001,0.9936093537643289
1.1259000000000001,1.1718772352272255
1.1260000000000001,1.1013884288456839
1.1261,1.2304501461585078
1.1262,1.288119982240715
1.1263,1.411438892055129
1.1264,1.3405291705396571
1.1265,1.4307154037154746
1.1266,1.2212714575473353
1.1267,1.2025730681290927
1.1268,1.1067109568581337
1.1269,1.2979260279705285
1.127,1.2280558272427413
1.1271,1.1845246371291465
1.1272,1.002760690122594
1.1273,0.9670549395283998
1.1274,0.9729985306095056
1.1275,1.0868628501623907
1.1276000000000002,1.1146629199140325
1.1277000000000001,1.068604464005453
1.1278000000000001,1.072903692892073
1.1279000000000001,1.2056300445470876
1.1280000000000001,1.1363139580255708
1.1281,1.1830502734829522
1.1282,1.2550683447289916
1.1283,1.2262281632918308
1.1284,1.3134075011735362
1.1285,1.2418739518038038
1.1286,1.3971514427575373
1.1287,1.3235229625015874
1.1288,1.3430528864307143
1.1289,1.0351283728825222
1.129,1.2479800443802307
1.1291,0.9000691128518764
1.1292,0.8657344653570993
1.1293,0.8588419673199629
1.1294,0.9755517768066754
1.1295,0.8697152762755003
1.1296000000000002,0.8321757168750084
1.1297000000000001,0.8066141909768405
1.1298000000000001,0.7938513796896043
1.1299000000000001,1.0396771851794622
1.1300000000000001,1.0638911408838536
1.1301,1.1588822958467022
1.1302,1.1268323791474286
1.1303,0.9163871674910244
1.1304,1.044804765325254
1.1305,1.1793549754367738
1.1306,1.090612445738233
1.1307,1.034706862487181
1.1308,0.9343721500741531
1.1309,1.0299873348710564
1.131,0.9160278035570939
1.1311,0.8448429530266736
1.1312,0.6851984269277998
1.1313,0.6925206707366567
1.1314,0.5296615125362547
1.1315,0.6030870070211339
1.1316000000000002,0.4075237056465342
1.1317000000000002,0.49914023293938103
1.1318000000000001,0.6294123094356406
1.1319000000000001,0.887269885
1.1320000000000001,0.6012722321187856
1.1321,0.6938848415207499
1.1322,0.8526814067360945
1.1323,1.0073421093227128
1.1324,0.8965701018312825
1.1325,0.9325635072803272
1.1326,0.8258186092913797
1.1327,0.7698180740246376
1.1328,0.7592792161184772
1.1329,0.6306135690540722
1.133,0.665792123
1.1331,0.40398227830202327
1.1332,0.5344338182651092
1.1333,0.4087134470960727
1.1334,0.3466457162415252
1.1335,0.20934911607325446
1.1336000000000002,0.25904406012005454
1.1337000000000002,0.4486819613545204
1.1338000000000001,0.36741383391253296
1.1339000000000001,0.4493099266858721
1.1340000000000001,0.40578465260636526
1.1341,0.523060896
1.1342,0.45893579258952794
1.1343,0.6086535198777899
1.1344,0.6465752800613638
1.1345,0.6403642245665215
1.1346,0.5207954409902178
1.1347,0.525623728
1.1348,0.5401918546085877
1.1349,0.4131873928880283
1.135,0.33412235059938905
1.1351,0.4365595102794608
1.1352,0.14160157101106083
1.1353,0.24919590447089435
1.1354,0.031485964
1.1355,0.15613961598361042
1.1356000000000002,0.16006435338452005
1.1357000000000002,0.081039178
1.1358000000000001,0.058947749
1.1359000000000001,0.044879380159734555
1.1360000000000001,0.20570639087514453
1.1361,0.3495978736204184
1.1362,0.2680084056817589
1.1363,0.3973679843575893
1.1364,0.291234246
1.1365,0.3919352258817008
1.1366,0.30078186865815515
1.1367,0.34976391770448567
1.1368,0.2637095930659063
1.1369,0.14502572124051324
1.137,0.11812467347730898
1.1371,0.026848967670140347
1.1372,-0.06657137
1.1373,0.073791751
1.1374,-0.077016421
1.1375,-0.240981977
1.1376,-0.111540702
1.1377000000000002,0.033389229146450525
1.1378000000000001,-0.062826217
1.1379000000000001,0.1674160607953011
1.1380000000000001,0.034759192
1.1381000000000001,0.1993871863243573
1.1382,0.2919398650223129
1.1383,0.2835274711126423
1.1384,0.16032788651697683
1.1385,0.19915120279333187
1.1386,0.3529374718387377
1.1387,0.16122001600277713
1.1388,0.2541488927168093
1.1389,0.080751449
1.139,0.059593503
1.1391,-0.129437636
1.1392,-0.127926683
1.1393,-0.198443733
1.1394,-0.143638478
1.1395,-0.168837161
1.1396,-0.134275424
1.1397000000000002,-0.186876658
1.1398000000000001,-0.182541379
1.1399000000000001,-0.04247152
1.1400000000000001,-0.082367112
1.1401000000000001,0.14336364935434956
1.1402,0.098961182
1.1403,0.12154404905039172
1.1404,0.20826146529723266
1.1405,0.17018380708169623
1.1406,0.029042312698709244
1.1407,0.04350483
1.1408,0.16388197371107138
1.1409,0.025259801878767026
1.141,-0.182803941
1.1411,-0.087005262
1.1412,-0.220835477
1.1413,-0.295548929
1.1414,-0.350921611
1.1415,-0.194554331
1.1416,-0.427527274
1.1417000000000002,-0.314514519
1.1418000000000001,-0.199398637
1.1419000000000001,-0.032845496
1.1420000000000001,-0.0589835
1.1421000000000001,-0.11527852
1.1422,0.12426580295381151
1.1423,-0.068622164
1.1424,0.082905131
1.1425,0.10382671271036893
1.1426,-0.022286814
1.1427,0.068635359
1.1428,-0.079653816
1.1429,-0.045970122
1.143,-0.318002191
1.1431,-0.213456925
1.1432,-0.336764484
1.1433,-0.264026055
1.1434,-0.396063839
1.1435,-0.310707919
1.1436,-0.368739609
1.1437000000000002,-0.399812775
1.1438000000000001,-0.291205113
1.1439000000000001,-0.243975705
1.1440000000000001,-0.217162671
1.1441000000000001,-0.385898146
1.1442,-0.234950736
1.1443,-0.011139923
1.1444,-0.203887817
1.1445,-0.033160237
1.1446,-0.067344204
1.1447,-0.220822616
1.1448,-0.377299231
1.1449,-0.329795109
1.145,-0.190865578
1.1451,-0.499164584
1.1452,-0.56075691
1.1453,-0.632794399
1.1454,-0.495899469
1.1455,-0.634148303
1.1456,-0.666996507
1.1457000000000002,-0.487585018
1.1458000000000002,-0.522348429
1.1459000000000001,-0.598928487
1.1460000000000001,-0.574033927
1.1461000000000001,-0.334384452
1.1462,-0.382758701
1.1463,-0.476714965
1.1464,-0.480076409
1.1465,-0.430070978
1.1466,-0.462982153
1.1467,-0.569254564
1.1468,-0.551195415
1.1469,-0.606010475
1.147,-0.644865079
1.1471,-0.547843917
1.1472,-0.77405193
1.1473,-0.824073788
1.1474,-0.81208648
1.1475,-0.895377605
1.1476,-0.848384065
1.1477000000000002,-0.843339087
1.1478000000000002,-0.825532338
1.1479000000000001,-0.572054002
1.1480000000000001,-0.67244161
1.1481000000000001,-0.783798192
1.1482,-0.625579482
1.1483,-0.687928469
1.1484,-0.574058011
1.1485,-0.723488239
1.1486,-0.725305062
1.1487,-0.650905045
1.1488,-0.656073078
1.1489,-0.764536107
1.149,-0.811203006
1.1491,-0.924274685
1.1492,-1.008830603
1.1493,-1.119709682
1.1494,-1.055149663
1.1495,-1.060174932
1.1496,-1.149420655
1.1497,-1.137109448
1.1498000000000002,-0.967774464
1.1499000000000001,-1.052320008
1.1500000000000001,-0.99394513
1.1501000000000001,-0.910328927
1.1502000000000001,-0.911750692
1.1503,-0.935651612
1.1504,-0.821444811
1.1505,-0.854769797
1.1506,-0.723554141
1.1507,-0.845431807
1.1508,-1.009237694
1.1509,-0.967542328
1.151,-1.071215022
1.1511,-1.060716893
1.1512,-1.270644232
1.1513,-1.264933879
1.1514,-1.323078309
1.1515,-1.326588241
1.1516,-1.398224166
1.1517,-1.258452379
1.1518000000000002,-1.231952972
1.1519000000000001,-1.111507707
1.1520000000000001,-1.157583423
1.1521000000000001,-1.131746589
1.1522000000000001,-0.983278565
1.1523,-1.068636135
1.1524,-0.892357907
1.1525,-0.884739546
1.1526,-0.88210003
1.1527,-0.982008913
1.1528,-1.095869348
1.1529,-1.104043413
1.153,-1.143756961
1.1531,-1.279858562
1.1532,-1.182729201
1.1533,-1.285287889
1.1534,-1.429038505
1.1535,-1.213862554
1.1536,-1.343437555
1.1537,-1.406353123
1.1538000000000002,-1.336479725
1.1539000000000001,-1.090238698
1.1540000000000001,-0.995887982
1.1541000000000001,-0.993225245
1.1542000000000001,-0.906057376
1.1543,-0.862868638
1.1544,-0.879549185
1.1545,-0.879773542
1.1546,-0.863950856
1.1547,-0.867393148
1.1548,-1.020048772
1.1549,-0.947593497
1.155,-0.940417433
1.1551,-1.124053286
1.1552,-1.176473334
1.1553,-1.145138895
1.1554,-1.250735918
1.1555,-1.300484457
1.1556,-1.079618308
1.1557,-1.164693023
1.1558000000000002,-1.067992324
1.1559000000000001,-1.047136417
1.1560000000000001,-0.818514648
1.1561000000000001,-0.77425603
1.1562000000000001,-0.789207261
1.1563,-0.802825327
1.1564,-0.690059344
1.1565,-0.588738632
1.1566,-0.610446594
1.1567,-0.626187135
1.1568,-0.642775497
1.1569,-0.634900918
1.157,-0.740495184
1.1571,-0.742295747
1.1572,-0.891969514
1.1573,-0.63154857
1.1574,-0.865206959
1.1575,-0.813883365
1.1576,-0.752610101
1.1577,-0.779600637
1.1578000000000002,-0.678767384
1.1579000000000002,-0.600584264
1.1580000000000001,-0.58786488
1.1581000000000001,-0.393878955
1.1582000000000001,-0.480911181
1.1583,-0.140017471
1.1584,-0.163654699
1.1585,-0.14121225
1.1586,-0.315886059
1.1587,-0.243387952
1.1588,-0.087520248
1.1589,0.10341533827297711
1.159,-0.169015016
1.1591,-0.217396045
1.1592,-0.287933806
1.1593,-0.41568762
1.1594,-0.27028915
1.1595,-0.421307745
1.1596,-0.393715268
1.1597,-0.343730105
1.1598000000000002,-0.09288668
1.1599000000000002,-0.093097606
1.1600000000000001,0.008068648
1.1601000000000001,0.087272167
1.1602000000000001,0.080887168
1.1603,0.18818928676473157
1.1604,0.24723435803556268
1.1605,0.22078944271393963
1.1606,0.30956626905857126
1.1607,0.2613833279431571
1.1608,0.37614579483992105
1.1609,0.3532292030436698
1.161,0.1610992832603313
1.1611,0.20495343235048416
1.1612,0.3471526480722802
1.1613,0.10152462638945708
1.1614,0.21108571560891246
1.1615,0.20078379348496264
1.1616,0.31452337446864587
1.1617,0.3038714939115377
1.1618000000000002,0.31446979558952837
1.1619000000000002,0.4343072383234667
1.1620000000000001,0.5212514281936317
1.1621000000000001,0.5929026712691061
1.1622000000000001,0.5738644506899455
1.1623,0.8461844841254131
1.1624,0.8832420300479189
1.1625,0.746635684
1.1626,0.8184401629166203
1.1627,0.8178497783024617
1.1628,0.7204944729551767
1.1629,0.6289531216415049
1.163,0.6834990356178334
1.1631,0.667092429
1.1632,0.5444127308998286
1.1633,0.6490732001356736
1.1634,0.7185659547720277
1.1635,0.7017201398751068
1.1636,0.6521701078303338
1.1637,0.5612006023907792
1.1638,0.8272042847071212
1.1639000000000002,0.8542214958274672
1.1640000000000001,0.9546031217332881
1.1641000000000001,1.1532146382120196
1.1642000000000001,1.0034832801440843
1.1643000000000001,0.8986316472394955
1.1644,1.0871594645379954
1.1645,1.2340225729999326
1.1646,1.2009173861826332
1.1647,1.0860117096279744
1.1648,1.0378361206830315
1.1649,1.0791747703299506
1.165,0.9574192075960801
1.1651,1.0478008684765956
1.1652,0.9278067808227867
1.1653,0.8761049529681896
1.1654,0.8464777995976833
1.1655,0.9271467029347735
1.1656,0.9275112151725672
1.1657,0.9763544567308171
1.1658,1.0260124238166033
1.1659000000000002,1.0682084066713382
1.1660000000000001,1.0592363284015982
1.1661000000000001,1.150830975295524
1.1662000000000001,1.2384854023828171
1.1663000000000001,1.4840404982797415
1.1664,1.2433217914908061
1.1665,1.330974327554673
1.1666,1.365522033087176
1.1667,1.3074280025028067
1.1668,1.375296067743109
1.1669,1.2103673955196286
1.167,1.155399160287589
1.1671,1.1779487123065049
1.1672,1.2018065700125558
1.1673,1.1247386220470363
1.1674,0.9717500312937286
1.1675,0.967405769
1.1676,0.982894209
1.1677,1.016859737495104
1.1678,0.9786342657598284
1.1679000000000002,1.1737269326395157
1.1680000000000001,1.1733100848153613
1.1681000000000001,1.210737100816313
1.1682000000000001,1.1636984842533726
1.1683000000000001,1.3095082095246464
1.1684,1.1759512660655995
1.1685,1.2847346477839379
1.1686,1.2701030007272027
1.1687,1.3029875866659497
1.1688,1.3790758966224312
1.1689,1.2112235943688847
1.169,1.2117164544373056
1.1691,1.0774841198036296
1.1692,1.0516033905387572
1.1693,1.0570778793044517
1.1694,0.8123871748649004
1.1695,0.787901042
1.1696,0.9051869289549066
1.1697,0.8697301094234554
1.1698,0.9215544983669617
1.1699000000000002,0.9291736479154323
1.1700000000000002,0.952299303
1.1701000000000001,1.1803474391813156
1.1702000000000001,1.0070980398833445
1.1703000000000001,1.1826667449147885
1.1704,1.1863096627982022
1.1705,1.0158442071634122
1.1706,1.0537273813576202
1.1707,1.0263989749653804
1.1708,1.0677970203306333
1.1709,0.9248173610033524
1.171,0.8726852080350742
1.1711,0.6881358666352353
1.1712,0.921959544
1.1713,0.6841133
1.1714,0.6766027784157214
1.1715,0.5702232064036301
1.1716,0.5575478857685466
1.1717,0.7776042964663961
1.1718,0.5018595284152202
1.1719000000000002,0.7195521991496064
1.1720000000000002,0.6484113667041421
1.1721000000000001,0.760971197
1.1722000000000001,0.7842918655867458
1.1723000000000001,0.7869100621680016
1.1724,0.8832316404487381
1.1725,0.6709498273115032
1.1726,0.8275878307920195
1.1727,0.803444603
1.1728,0.6439623442404923
1.1729,0.804334218
1.173,0.5602939061733526
1.1731,0.5134852908204728
1.1732,0.4158573225465765
1.1733,0.39904311647739715
1.1734,0.468474913
1.1735,0.5386291452020403
1.1736,0.39707829
1.1737,0.43982934486159836
1.1738,0.5214159522732662
1.1739000000000002,0.44694773555736184
1.1740000000000002,0.6017672835606327
1.1741000000000001,0.5887773579663783
1.1742000000000001,0.5802269451840505
1.1743000000000001,0.6286902222908737
1.1744,0.47121065121031774
1.1745,0.638084587
1.1746,0.46958242579372034
1.1747,0.4229662741136258
1.1748,0.5126466180520663
1.1749,0.34097611289417595
1.175,0.35653768108231804
1.1751,0.2953568631373097
1.1752,0.23232466858571313
1.1753,0.090432714
1.1754,0.19575500720307312
1.1755,0.09661831
1.1756,0.1386982031482823
1.1757,0.026153221666322057
1.1758,0.1420796922557224
1.1759000000000002,0.2902975951256178
1.1760000000000002,0.33252968213386813
1.1761000000000001,0.24371696715036792
1.1762000000000001,0.31057400300373744
1.1763000000000001,0.3105171594785846
1.1764000000000001,0.35683559641404083
1.1765,0.2987208779934919
1.1766,0.38149131120137053
1.1767,0.40665342971066104
1.1768,0.24099172153041526
1.1769,0.23300650952661928
1.177,0.15319467909781678
1.1771,0.18599101517734964
1.1772,-0.010384741
1.1773,-0.058845203
1.1774,-0.115884122
1.1775,-0.155804703
1.1776,-0.019343438
1.1777,-0.050596572
1.1778,0.002467262
1.1779,0.14956784304018017
1.1780000000000002,0.20985861414685214
1.1781000000000001,0.027415797
1.1782000000000001,0.26083555210275217
1.1783000000000001,0.2655637073846231
1.1784000000000001,0.23336012455659347
1.1785,0.300763384
1.1786,0.12122113379014451
1.1787,0.3426003199314422
1.1788,0.21729029937037944
1.1789,0.045958407481948724
1.179,0.001445699
1.1791,-0.154800772
1.1792,-0.104381857
1.1793,-0.16703778
1.1794,-0.267695281
1.1795,-0.114156788
1.1796,-0.06914364
1.1797,-0.149823697
1.1798,-0.132574724
1.1799,-0.022291079
1.1800000000000002,-0.001571117
1.1801000000000001,-0.02948449
1.1802000000000001,0.055908734288632946
1.1803000000000001,0.12391997728699991
1.1804000000000001,0.19114234303535083
1.1805,0.17703990446634887
1.1806,0.17851600044449062
1.1807,0.006432984
1.1808,0.13248269692869052
1.1809,0.018822325
1.181,0.1559382073230319
1.1811,-0.146184977
1.1812,-0.150218092
1.1813,0.0007486
1.1814,-0.243804462
1.1815,-0.279959132
1.1816,-0.349241156
1.1817,-0.125250644
1.1818,-0.301736905
1.1819,-0.124944869
1.1820000000000002,-0.141176582
1.1821000000000002,-0.062743452
1.1822000000000001,-0.111997055
1.1823000000000001,0.14723788569771057
1.1824000000000001,0.039454453
1.1825,-0.032403232
1.1826,0.14841767998493205
1.1827,-0.02750303
1.1828,-0.011774023
1.1829,-0.034268206
1.183,-0.132911805
1.1831,-0.415985856
1.1832,-0.248167415
1.1833,-0.364051459
1.1834,-0.418867677
1.1835,-0.419372277
1.1836,-0.538151253
1.1837,-0.374238425
1.1838,-0.463369968
1.1839,-0.330367559
1.1840000000000002,-0.242414317
1.1841000000000002,-0.116591069
1.1842000000000001,-0.22191495
1.1843000000000001,-0.005741401
1.1844000000000001,-0.027663888
1.1845,-0.138109909
1.1846,-0.212560358
1.1847,-0.278267722
1.1848,-0.195940392
1.1849,-0.343264834
1.185,-0.261158237
1.1851,-0.484464307
1.1852,-0.569270001
1.1853,-0.534297698
1.1854,-0.647965976
1.1855,-0.614031047
1.1856,-0.538044862
1.1857,-0.591284593
1.1858,-0.5590308
1.1859,-0.508973531
1.1860000000000002,-0.611595133
1.1861000000000002,-0.395691029
1.1862000000000001,-0.371307228
1.1863000000000001,-0.281358057
1.1864000000000001,-0.28896229
1.1865,-0.356943771
1.1866,-0.281231954
1.1867,-0.428978862
1.1868,-0.443462287
1.1869,-0.557375985
1.187,-0.570909952
1.1871,-0.713395903
1.1872,-0.620900339
1.1873,-0.649278782
1.1874,-0.782911849
1.1875,-0.753088427
1.1876,-1.003533461
1.1877,-0.979498496
1.1878,-0.861064268
1.1879,-0.790072812
1.1880000000000002,-0.761188271
1.1881000000000002,-0.828631254
1.1882000000000001,-0.56306992
1.1883000000000001,-0.452253665
1.1884000000000001,-0.507279058
1.1885000000000001,-0.526631384
1.1886,-0.618593138
1.1887,-0.74585744
1.1888,-0.730084363
1.1889,-0.636300612
1.189,-0.907691442
1.1891,-0.990576749
1.1892,-0.934045999
1.1893,-0.985519336
1.1894,-1.188021952
1.1895,-1.16308404
1.1896,-1.18452384
1.1897,-1.122180214
1.1898,-1.006791995
1.1899,-1.115008467
1.19,-0.912826815
1.1901000000000002,-0.940934899
1.1902000000000001,-0.717830821
1.1903000000000001,-0.844517915
1.1904000000000001,-0.859435542
1.1905000000000001,-0.805692218
1.1906,-0.89790582
1.1907,-1.052129541
1.1908,-0.980840805
1.1909,-1.046370635
1.191,-1.223229685
1.1911,-1.171313812
1.1912,-1.394056713
1.1913,-1.307842918
1.1914,-1.295663138
1.1915,-1.323506901
1.1916,-1.360293808
1.1917,-1.311367745
1.1918,-1.328115269
1.1919,-1.213460274
1.192,-1.152134442
1.1921000000000002,-1.170819427
1.1922000000000001,-1.025006179
1.1923000000000001,-0.984183572
1.1924000000000001,-0.992453463
1.1925000000000001,-0.777683143
1.1926,-0.993938533
1.1927,-1.034477492
1.1928,-1.090741086
1.1929,-1.190453569
1.193,-1.119290683
1.1931,-1.289946987
1.1932,-1.334814356
1.1933,-1.374753948
1.1934,-1.43645615
1.1935,-1.504579114
1.1936,-1.388263886
1.1937,-1.248958054
1.1938,-1.25430101
1.1939,-1.084415364
1.194,-1.081810271
1.1941000000000002,-1.032066865
1.1942000000000002,-0.860990146
1.1943000000000001,-0.967969523
1.1944000000000001,-0.919056423
1.1945000000000001,-0.907014039
1.1946,-0.783636973
1.1947,-0.926073158
1.1948,-1.012583122
1.1949,-0.959136152
1.195,-1.122407566
1.1951,-1.064865771
1.1952,-1.118306237
1.1953,-1.198414813
1.1954,-1.153498388
1.1955,-1.314162162
1.1956,-1.158398861
1.1957,-1.165638153
1.1958,-0.840487124
1.1959,-0.985860409
1.196,-0.968366397
1.1961000000000002,-0.952774261
1.1962000000000002,-0.665515602
1.1963000000000001,-0.736436156
1.1964000000000001,-0.725613125
1.1965000000000001,-0.607446911
1.1966,-0.573559944
1.1967,-0.584198744
1.1968,-0.658131364
1.1969,-0.682869405
1.197,-0.718583482
1.1971,-0.751385122
1.1972,-0.779025161
1.1973,-0.748300412
1.1974,-0.837985025
1.1975,-0.895515067
1.1976,-0.809470679
1.1977,-0.68643493
1.1978,-0.822315604
1.1979,-0.742698461
1.198,-0.441279743
1.1981000000000002,-0.307356283
1.1982000000000002,-0.450189437
1.1983000000000001,-0.272197405
1.1984000000000001,-0.259055979
1.1985000000000001,-0.213208448
1.1986,-0.152512209
1.1987,-0.283415277
1.1988,-0.287245258
1.1989,-0.252784067
1.199,-0.276220461
1.1991,-0.390427926
1.1992,-0.266759931
1.1993,-0.381292722
1.1994,-0.383648485
1.1995,-0.310598455
1.1996,-0.307181117
1.1997,-0.174849614
1.1998,-0.245618294
1.1999,-0.20029541
1.2,-0.024783005
1.2001000000000002,0.093323376
1.2002000000000002,0.071684016
1.2003000000000001,0.13082747431011754
1.2004000000000001,0.31145227712291884
1.2005000000000001,0.2725887131067831
1.2006000000000001,0.2337021393220277
1.2007,0.42511514783998994
1.2008,0.27938817069640187
1.2009,0.3923364462355594
1.201,0.26686807636028337
1.2011,0.25226468245475525
1.2012,0.18174787787920305
1.2013,-0.032427321
1.2014,0.086011771
1.2015,0.18228528198724486
1.2016,0.25627070082480197
1.2017,0.13706022481190905
1.2018,0.34468529719448826
1.2019,0.3391849816283118
1.202,0.5335114458843863
1.2021000000000002,0.5986862229957607
1.2022000000000002,0.7388734953102468
1.2023000000000001,0.8320832299325961
1.2024000000000001,0.8346465349607066
1.2025000000000001,0.8990022928980553
1.2026000000000001,0.8144708154174216
1.2027,1.0617060247521237
1.2028,0.7155104492755582
1.2029,0.7360763608297453
1.203,0.8092551343905761
1.2031,0.7558223207706419
1.2032,0.6987025191003428
1.2033,0.6889404716482896
1.2034,0.4588528781382098
1.2035,0.7614947437449201
1.2036,0.6459936833737395
1.2037,0.8081050726941532
1.2038,0.6072659711370456
1.2039,0.8630356025806631
1.204,0.8755748506640302
1.2041,1.0440960263142194
1.2042000000000002,1.0948338467040546
1.2043000000000001,1.1579007456892023
1.2044000000000001,1.0867204957042642
1.2045000000000001,1.1905814378729993
1.2046000000000001,1.184349950208419
1.2047,1.2228874033324666
1.2048,1.2305572709717512
1.2049,1.119581565356032
1.205,0.955012998
1.2051,1.0147564997815752
1.2052,1.1696070301856298
1.2053,1.0579548098737506
1.2054,0.6691879468109103
1.2055,0.9111643371039173
1.2056,0.9986720392921968
1.2057,0.9456117141364309
1.2058,0.9747947947006345
1.2059,1.0526269123923053
1.206,1.1860619339129232
1.2061,1.1173837874838486
1.2062000000000002,1.3651544869226877
1.2063000000000001,1.3143454398968346
1.2064000000000001,1.2764267551952302
1.2065000000000001,1.4544404607319212
1.2066000000000001,1.2340501958694055
1.2067,1.287277815004424
1.2068,1.2436444992052733
1.2069,1.4065625850186576
1.207,1.1193608107284778
1.2071,0.9403812135771865
1.2072,1.0104044277567505
1.2073,1.0485827799235494
1.2074,1.0454091057491466
1.2075,1.1534900814019984
1.2076,1.0917084753831159
1.2077,1.020133592331311
1.2078,0.9751088775017476
1.2079,1.228721623238792
1.208,1.1272962705713665
1.2081,1.161673017024294
1.2082000000000002,1.2320242102057744
1.2083000000000002,1.2043422537336532
1.2084000000000001,1.2902066430295849
1.2085000000000001,1.3126179289082405
1.2086000000000001,1.3736033457105037
1.2087,1.2489809044108529
1.2088,1.1272911552797193
1.2089,1.0371692246951056
1.209,1.1126098684282066
1.2091,1.0316772142328734
1.2092,0.9172540944666869
1.2093,0.8711111742296309
1.2094,0.9020130760730087
1.2095,0.9629130967923538
1.2096,0.7892704901851991
1.2097,0.877136613
1.2098,0.9805878240628491
1.2099,0.8869778560681738
1.21,0.9987494308348268
1.2101,1.0476466174322339
1.2102000000000002,0.9901833101855282
1.2103000000000002,1.1412352677567126
1.2104000000000001,1.146894974228117
1.2105000000000001,1.1865720109367113
1.2106000000000001,1.0252388897842442
1.2107,1.0802118506622593
1.2108,1.1331690163577615
1.2109,1.1203801560307924
1.211,0.9819427340816571
1.2111,0.7105819347418975
1.2112,0.7719708213940754
1.2113,0.6397659240277658
1.2114,0.6593947540823524
1.2115,0.5516959090266882
1.2116,0.4726801965857862
1.2117,0.5970281449741236
1.2118,0.7130054727045496
1.2119,0.7203004141128996
1.212,0.7775675067858793
1.2121,0.8106793147622495
1.2122000000000002,0.867701621
1.2123000000000002,0.9081492175685278
1.2124000000000001,0.858421788
1.2125000000000001,0.883023404
1.2126000000000001,0.9922875793350832
1.2127000000000001,0.8220302834598613
1.2128,0.756109548
1.2129,0.6915074808822518
1.213,0.5904178946918296
1.2131,0.497655553
1.2132,0.4799291376089039
1.2133,0.36511118995510317
1.2134,0.3521821913714026
1.2135,0.27754670436605366
1.2136,0.3460680982425885
1.2137,0.39952543903793597
1.2138,0.3671485649622247
1.2139,0.2663677744648355
1.214,0.523376937
1.2141,0.534999975
1.2142000000000002,0.4892494404381199
1.2143000000000002,0.6625245589206157
1.2144000000000001,0.5050499922225002
1.2145000000000001,0.6983476556176671
1.2146000000000001,0.5884928978576406
1.2147000000000001,0.3714786002123202
1.2148,0.5114826899110987
1.2149,0.39760701106289603
1.215,0.3125588378407277
1.2151,0.2252640406728138
1.2152,0.20750343725154397
1.2153,0.12394733253033621
1.2154,-0.024674803
1.2155,0.20552256005606473
1.2156,0.083863536
1.2157,0.06331359
1.2158,0.066072002
1.2159,0.2641726018600865
1.216,0.15104091406137649
1.2161,0.3182193659328173
1.2162,0.3075267380997973
1.2163000000000002,0.3475785250387558
1.2164000000000001,0.3210638673968372
1.2165000000000001,0.36102072664827767
1.2166000000000001,0.3932503723145921
1.2167000000000001,0.3748273359639613
1.2168,0.24094855213185612
1.2169,0.23298025994451238
1.217,0.2419109061859511
1.2171,-0.031428768
1.2172,0.038041088
1.2173,-0.08889063
1.2174,-0.132417166
1.2175,-0.04392302
1.2176,-0.105298355
1.2177,-0.137131958
1.2178,0.10402512874026017
1.2179,0.12120371169109656
1.218,-0.05129232
1.2181,0.041160291618803455
1.2182,0.2564853439604659
1.2183000000000002,0.22472204668473064
1.2184000000000001,0.3903333760366921
1.2185000000000001,0.32385560083033305
1.2186000000000001,0.28328903451609533
1.2187000000000001,0.14383991716329025
1.2188,0.21540999519377846
1.2189,0.013113111
1.219,0.15269807968186302
1.2191,0.015222033070329759
1.2192,-0.145251724
1.2193,-0.064045028
1.2194,0.017635541
1.2195,-0.193702335
1.2196,-0.12725436
1.2197,-0.182181203
1.2198,-0.101294796
1.2199,-0.177668612
1.22,-4.24E-05
1.2201,0.060576033626840296
1.2202,0.25204279536313895
1.2203000000000002,0.004034609
1.2204000000000002,0.1488167387485922
1.2205000000000001,0.27934234446271217
1.2206000000000001,0.1423447303816173
1.2207000000000001,0.11471189963391093
1.2208,0.012604555411316304
1.2209,-0.056059376
1.221,-0.194346818
1.2211,-0.165511447
1.2212,-0.255243176
1.2213,-0.216145826
1.2214,-0.322345249
1.2215,-0.312915968
1.2216,-0.306463836
1.2217,-0.251365168
1.2218,-0.251290559
1.2219,-0.244057429
1.222,-0.096430841
1.2221,0.037802107
1.2222,0.012194822288394608
1.2223000000000002,-0.008997927
1.2224000000000002,0.051826525241909255
1.2225000000000001,-0.099246681
1.2226000000000001,0.037050212
1.2227000000000001,-0.019200435
1.2228,-0.113219435
1.2229,-0.161749385
1.223,-0.203653312
1.2231,-0.16085835
1.2232,-0.216431117
1.2233,-0.430252371
1.2234,-0.433991571
1.2235,-0.450053478
1.2236,-0.344584989
1.2237,-0.377971574
1.2238,-0.346795469
1.2239,-0.264599373
1.224,-0.302628544
1.2241,-0.093403111
1.2242,-0.156485469
1.2243000000000002,-0.190341386
1.2244000000000002,-0.121783368
1.2245000000000001,-0.005202863
1.2246000000000001,-0.157871787
1.2247000000000001,-0.086797803
1.2248,-0.267708364
1.2249,-0.345535197
1.225,-0.304338988
1.2251,-0.500020205
1.2252,-0.431413103
1.2253,-0.524857726
1.2254,-0.662969742
1.2255,-0.620430466
1.2256,-0.660825952
1.2257,-0.572744815
1.2258,-0.417684097
1.2259,-0.555041636
1.226,-0.433445112
1.2261,-0.425082798
1.2262,-0.382177138
1.2263000000000002,-0.366006253
1.2264000000000002,-0.40602055
1.2265000000000001,-0.313976685
1.2266000000000001,-0.386922726
1.2267000000000001,-0.477952413
1.2268000000000001,-0.382100995
1.2269,-0.52456326
1.227,-0.626098493
1.2271,-0.576072191
1.2272,-0.899590991
1.2273,-0.708842137
1.2274,-0.923241945
1.2275,-0.859469556
1.2276,-0.927441402
1.2277,-0.93962836
1.2278,-0.730228501
1.2279,-0.644873964
1.228,-0.76302973
1.2281,-0.670422457
1.2282,-0.650637957
1.2283000000000002,-0.486148977
1.2284000000000002,-0.778810108
1.2285000000000001,-0.58330337
1.2286000000000001,-0.694852812
1.2287000000000001,-0.866894772
1.2288000000000001,-0.764729015
1.2289,-0.656903752
1.229,-0.932016328
1.2291,-0.890918929
1.2292,-0.926736516
1.2293,-1.080429964
1.2294,-1.110553358
1.2295,-1.279469103
1.2296,-1.201664509
1.2297,-1.055194754
1.2298,-1.090232601
1.2299,-1.02129895
1.23,-0.989347394
1.2301,-0.773706684
1.2302,-0.938367778
1.2303,-0.741591582
1.2304000000000002,-0.841001799
1.2305000000000001,-0.716133479
1.2306000000000001,-0.968932369
1.2307000000000001,-0.893735514
1.2308000000000001,-0.993094054
1.2309,-1.014709359
1.231,-0.998054188
1.2311,-1.135166229
1.2312,-1.131057279
1.2313,-1.333645659
1.2314,-1.380977574
1.2315,-1.329978189
1.2316,-1.330500425
1.2317,-1.319394062
1.2318,-1.342080652
1.2319,-1.118433469
1.232,-1.185808331
1.2321,-0.984713179
1.2322,-1.045402646
1.2323,-0.95322547
1.2324000000000002,-0.934539898
1.2325000000000002,-1.037308885
1.2326000000000001,-0.953306108
1.2327000000000001,-0.857872117
1.2328000000000001,-1.036820657
1.2329,-1.040676292
1.233,-1.118700725
1.2331,-1.210483257
1.2332,-1.274460207
1.2333,-1.287909378
1.2334,-1.296598065
1.2335,-1.472665572
1.2336,-1.331444466
1.2337,-1.33355111
1.2338,-1.301381542
1.2339,-1.105584235
1.234,-1.200538475
1.2341,-1.185565574
1.2342,-0.94794477
1.2343,-1.073829384
1.2344000000000002,-1.078337924
1.2345000000000002,-0.83343547
1.2346000000000001,-0.894442132
1.2347000000000001,-0.888456814
1.2348000000000001,-0.996115138
1.2349,-1.116902686
1.235,-1.151969758
1.2351,-1.129318604
1.2352,-1.25320574
1.2353,-1.158698367
1.2354,-1.235759949
1.2355,-1.180336084
1.2356,-1.159023981
1.2357,-1.097672958
1.2358,-1.029509608
1.2359,-1.025838461
1.236,-0.905937492
1.2361,-0.823629472
1.2362,-0.964259322
1.2363,-0.656711478
1.2364000000000002,-0.650309584
1.2365000000000002,-0.589226939
1.2366000000000001,-0.728484938
1.2367000000000001,-0.660176833
1.2368000000000001,-0.747033754
1.2369,-0.636036506
1.237,-0.849555771
1.2371,-0.852589206
1.2372,-0.770270847
1.2373,-0.886206594
1.2374,-0.916769466
1.2375,-0.757633251
1.2376,-0.722110402
1.2377,-0.6889717
1.2378,-0.611496593
1.2379,-0.618764628
1.238,-0.531109271
1.2381,-0.480812611
1.2382,-0.3355551
1.2383,-0.322466013
1.2384000000000002,-0.261737666
1.2385000000000002,-0.144350004
1.2386000000000001,-0.082191551
1.2387000000000001,-0.148124838
1.2388000000000001,-0.055122588
1.2389000000000001,-0.285125219
1.239,-0.411628384
1.2391,-0.243181287
1.2392,-0.391678429
1.2393,-0.369783224
1.2394,-0.491486797
1.2395,-0.405147978
1.2396,-0.417046648
1.2397,-0.27659202
1.2398,-0.202508611
1.2399,-0.081307649
1.24,0.099177837
1.2401,0.14265698305591326
1.2402,0.04117092
1.2403,0.2904889940950796
1.2404000000000002,0.30580883033120987
1.2405000000000002,0.32538504392910383
1.2406000000000001,0.3480871142876133
1.2407000000000001,0.36425203870177403
1.2408000000000001,0.2745808012494181
1.2409000000000001,0.2857634493243664
1.241,0.35930554298279166
1.2411,0.17237151073629509
1.2412,0.11627681947295107
1.2413,0.17504907037382914
1.2414,0.086509374
1.2415,0.054519389
1.2416,0.19953499567541266
1.2417,0.396123897
1.2418,0.3458851061531881
1.2419,0.4432522761613929
1.242,0.34432996402513916
1.2421,0.6352883252468216
1.2422,0.6868626360205204
1.2423,0.693544209
1.2424,0.8123313807309165
1.2425000000000002,0.843780535
1.2426000000000001,0.757739179
1.2427000000000001,0.8624049299931517
1.2428000000000001,0.9087868107972882
1.2429000000000001,0.7600615050245276
1.243,0.6677389115758601
1.2431,0.6813982107975423
1.2432,0.7280804531741137
1.2433,0.5368094718650649
1.2434,0.6718221112094345
1.2435,0.5801096915002629
1.2436,0.681670007
1.2437,0.6632870361088505
1.2438,0.7245867410479686
1.2439,0.9643577156009832
1.244,0.8079281057530415
1.2441,1.0371557083913698
1.2442,1.2079741633800856
1.2443,1.1834586760070231
1.2444,1.0649480692395745
1.2445000000000002,1.0926125268252616
1.2446000000000002,1.1386332839110584
1.2447000000000001,1.1958952329174648
1.2448000000000001,1.1694889268641995
1.2449000000000001,1.0058077672513677
1.245,0.9872861845107767
1.2451,0.9412315960578324
1.2452,0.9462611872636244
1.2453,1.0850500202980151
1.2454,0.832484947
1.2455,0.8279402581574702
1.2456,0.8334512536602667
1.2457,1.0110414408412538
1.2458,1.0082947406037437
1.2459,1.0022859257453947
1.246,1.1128631283758919
1.2461,1.1459405613573261
1.2462,1.2937306972890013
1.2463,1.5335750077762693
1.2464,1.3952978495794943
1.2465000000000002,1.357053366611438
1.2466000000000002,1.304462629
1.2467000000000001,1.224222616213761
1.2468000000000001,1.3480736829403266
1.2469000000000001,1.289395564229069
1.247,1.1368743924843645
1.2471,1.2098451498525136
1.2472,1.0586381920898849
1.2473,1.0741196109627213
1.2474,1.006378102185097
1.2475,0.957196036
1.2476,0.9027659007996469
1.2477,0.9934568574290865
1.2478,1.113786168
1.2479,1.0581486197790522
1.248,1.191960666245722
1.2481,1.1277067253595527
1.2482,1.3277947812684654
1.2483,1.3295606197645513
1.2484,1.231239389616296
1.2485000000000002,1.313345433424782
1.2486000000000002,1.3896660899910116
1.2487000000000001,1.1793053679666705
1.2488000000000001,1.1430118755367986
1.2489000000000001,1.1599112407327143
1.249,1.266510747060925
1.2491,0.9720608992321677
1.2492,1.0012210313305145
1.2493,0.9293185236770981
1.2494,0.8237725294277981
1.2495,0.8645600646399918
1.2496,0.8158552839491188
1.2497,0.8414000025391108
1.2498,0.7710244395205714
1.2499,0.9471121004946478
1.25,1.071927480529695
1.2501,1.0552803276616214
1.2502,1.1823275498546766
1.2503,1.1741815598510505
1.2504,1.1396080954333563
1.2505000000000002,1.0919312267284758
1.2506000000000002,1.0812887105281819
1.2507000000000001,0.9617733819263835
1.2508000000000001,1.0012639800574212
1.2509000000000001,0.9658600701629318
1.2510000000000001,1.0167660803878569
1.2511,0.8470132810562169
1.2512,0.6666982884195376
1.2513,0.5632681879830882
1.2514,0.6201585396555853
1.2515,0.678414401
1.2516,0.5921087649984148
1.2517,0.6679482580705548
1.2518,0.6407072210355711
1.2519,0.7546204684522412
1.252,0.6175510361762768
1.2521,0.9217058585355857
1.2522,0.7463407471427175
1.2523,0.9292868632198887
1.2524,0.8586215824987034
1.2525000000000002,0.8671259270666244
1.2526000000000002,0.8335387568678886
1.2527000000000001,0.8311161679438275
1.2528000000000001,0.7893064314154254
1.2529000000000001,0.7679456412499747
1.2530000000000001,0.7204864867649068
1.2531,0.559029754
1.2532,0.6003287947931241
1.2533,0.41300620953762496
1.2534,0.45001861470977833
1.2535,0.37508545472064275
1.2536,0.29349078336583767
1.2537,0.3672885758542383
1.2538,0.42435550395582616
1.2539,0.42446219890379405
1.254,0.509175735
1.2541,0.5946143041212317
1.2542,0.5668381050793989
1.2543,0.36515192604012137
1.2544,0.7511856203992213
1.2545000000000002,0.5909077319740783
1.2546000000000002,0.52721981
1.2547000000000001,0.46305898259027334
1.2548000000000001,0.4703006507432655
1.2549000000000001,0.38508257400480295
1.2550000000000001,0.298146024
1.2551,0.22971200000173625
1.2552,0.2600601264451111
1.2553,0.32519150230394833
1.2554,0.18950614444575736
1.2555,0.19356498390224952
1.2556,0.073219346
1.2557,0.13024162002617848
1.2558,0.19046448913782338
1.2559,0.14974940497243144
1.256,0.2208570659451698
1.2561,0.3758645384508266
1.2562,0.44144207865769236
1.2563,0.3950049194448709
1.2564,0.3137360554125961
1.2565,0.3869989225926095
1.2566000000000002,0.27723889023356874
1.2567000000000002,0.3620185506427603
1.2568000000000001,0.32422819953620063
1.2569000000000001,0.2185981784563891
1.2570000000000001,0.19017144949896572
1.2571,0.13493361577618385
1.2572,0.05909157
1.2573,-0.108950338
1.2574,-0.068463578
1.2575,-0.032016503
1.2576,0.064618704
1.2577,-0.061541768
1.2578,0.042149689410584563
1.2579,0.11784870349845784
1.258,0.08756194
1.2581,0.250987162
1.2582,0.30518268476944443
1.2583,0.3579427320525806
1.2584,0.30696197800709096
1.2585,0.46335966891967256
1.2586000000000002,0.21010914358662436
1.2587000000000002,0.3955151394036353
1.2588000000000001,0.2375587306972157
1.2589000000000001,0.2224052137106855
1.2590000000000001,0.022675497
1.2591,0.049008922
1.2592,0.034892655691299554
1.2593,-0.215407914
1.2594,-0.174752553
1.2595,-0.347593182
1.2596,-0.185554054
1.2597,-0.212915513
1.2598,-0.125544388
1.2599,0.17680162136782657
1.26,0.13742428054369585
1.2601,-0.058065956
1.2602,0.15258203734351325
1.2603,0.21154934479149307
1.2604,0.14425564854082723
1.2605,0.19055757528891987
1.2606000000000002,0.18376502663871408
1.2607000000000002,0.020690312443757033
1.2608000000000001,-0.003241071
1.2609000000000001,0.032332792
1.2610000000000001,-0.040326315
1.2611,-0.171859244
1.2612,-0.239644863
1.2613,-0.232771272
1.2614,-0.188439716
1.2615,-0.280667551
1.2616,-0.140468938
1.2617,-0.303177597
1.2618,-0.193559994
1.2619,-0.187458176
1.262,-0.05625528
1.2621,-0.110123581
1.2622,0.15610934694470774
1.2623,-0.095461284
1.2624,0.19891665682377319
1.2625,0.072003019
1.2626000000000002,0.092396399
1.2627000000000002,0.11958990688788988
1.2628000000000001,0.030070313478195415
1.2629000000000001,-0.159983668
1.2630000000000001,-0.122827387
1.2631000000000001,-0.090857094
1.2632,-0.374779288
1.2633,-0.186528077
1.2634,-0.361689182
1.2635,-0.445304503
1.2636,-0.480811781
1.2637,-0.407475064
1.2638,-0.510640925
1.2639,-0.340719939
1.264,-0.275949651
1.2641,-0.288467128
1.2642,-0.096518281
1.2643,-0.139369694
1.2644,-0.154275712
1.2645,-0.129783844
1.2646000000000002,-0.095451819
1.2647000000000002,-0.15690473
1.2648000000000001,-0.273758708
1.2649000000000001,-0.274229824
1.2650000000000001,-0.361160858
1.2651000000000001,-0.521259538
1.2652,-0.520296698
1.2653,-0.506640745
1.2654,-0.547311167
1.2655,-0.633112193
1.2656,-0.562782185
1.2657,-0.679059379
1.2658,-0.644626983
1.2659,-0.545485664
1.266,-0.356341923
1.2661,-0.413977919
1.2662,-0.406131019
1.2663,-0.229258803
1.2664,-0.360382229
1.2665,-0.162009222
1.2666000000000002,-0.404726036
1.2667000000000002,-0.486506704
1.2668000000000001,-0.476543814
1.2669000000000001,-0.552410771
1.2670000000000001,-0.672468174
1.2671000000000001,-0.475118794
1.2672,-0.727214343
1.2673,-0.773527835
1.2674,-0.889777251
1.2675,-0.92260571
1.2676,-0.798351634
1.2677,-0.999855619
1.2678,-0.926768581
1.2679,-0.813155969
1.268,-0.637247894
1.2681,-0.727221792
1.2682,-0.621905132
1.2683,-0.62237123
1.2684,-0.506057399
1.2685,-0.740251087
1.2686,-0.57780565
1.2687000000000002,-0.694329564
1.2688000000000001,-0.661895871
1.2689000000000001,-0.870290224
1.2690000000000001,-0.877580947
1.2691000000000001,-0.962380706
1.2692,-1.102825129
1.2693,-1.181847261
1.2694,-1.166622717
1.2695,-1.131770781
1.2696,-1.204924378
1.2697,-1.154161249
1.2698,-1.245950717
1.2699,-1.080338259
1.27,-0.918113068
1.2701,-0.892652573
1.2702,-0.910879947
1.2703,-0.850532168
1.2704,-0.917942889
1.2705,-0.721714302
1.2706,-0.705513121
1.2707000000000002,-0.895321801
1.2708000000000002,-0.754344244
1.2709000000000001,-1.080281736
1.2710000000000001,-1.195930628
1.2711000000000001,-1.222240897
1.2712,-1.246247116
1.2713,-1.095062647
1.2714,-1.337643547
1.2715,-1.40003906
1.2716,-1.399284959
1.2717,-1.213323544
1.2718,-1.185605975
1.2719,-1.253163851
1.272,-1.306844084
1.2721,-1.189086912
1.2722,-0.908722608
1.2723,-0.949995154
1.2724,-0.97391976
1.2725,-0.821860252
1.2726,-0.82601624
1.2727000000000002,-1.01501392
1.2728000000000002,-1.058355378
1.2729000000000001,-1.159342166
1.2730000000000001,-1.196930735
1.2731000000000001,-1.353953228
1.2732,-1.408609415
1.2733,-1.469507332
1.2734,-1.270913708
1.2735,-1.489404626
1.2736,-1.195231713
1.2737,-1.377255111
1.2738,-1.131071402
1.2739,-1.238465733
1.274,-1.267181717
1.2741,-0.971281738
1.2742,-0.899452818
1.2743,-1.032681955
1.2744,-0.950634659
1.2745,-0.97856056
1.2746,-0.916782047
1.2747000000000002,-0.917648052
1.2748000000000002,-0.988831577
1.2749000000000001,-1.151661507
1.2750000000000001,-1.103577126
1.2751000000000001,-1.051261991
1.2752000000000001,-1.168125475
1.2753,-1.20945785
1.2754,-1.273225438
1.2755,-1.243943077
1.2756,-1.058719982
1.2757,-1.219799102
1.2758,-1.011802363
1.2759,-0.994561997
1.276,-0.90107018
1.2761,-0.901098625
1.2762,-0.798090287
1.2763,-0.708891153
1.2764,-0.703958317
1.2765,-0.60783628
1.2766,-0.588942329
1.2767000000000002,-0.461098449
1.2768000000000002,-0.637456195
1.2769000000000001,-0.848584029
1.2770000000000001,-0.644104921
1.2771000000000001,-0.794606474
1.2772000000000001,-0.652061948
1.2773,-0.718182676
1.2774,-0.882919604
1.2775,-0.772418583
1.2776,-0.845443755
1.2777,-0.746522129
1.2778,-0.625314582
1.2779,-0.511198269
1.278,-0.443125366
1.2781,-0.422966938
1.2782,-0.150299522
1.2783,-0.309435779
1.2784,-0.35566842
1.2785,-0.305517982
1.2786,-0.059034072
1.2787000000000002,-0.186117892
1.2788000000000002,-0.185943258
1.2789000000000001,-0.272085884
1.2790000000000001,-0.300806611
1.2791000000000001,-0.363319187
1.2792000000000001,-0.292239679
1.2793,-0.355678238
1.2794,-0.315102646
1.2795,-0.306056088
1.2796,-0.330938753
1.2797,-0.358546209
1.2798,-0.294608459
1.2799,0.15362764547137694
1.28,0.11825387555382012
1.2801,0.19571908721540104
1.2802,0.11697594681291512
1.2803,0.24260853794711507
1.2804,0.23163943114514818
1.2805,0.22824459087863602
1.2806,0.30280119505250597
1.2807000000000002,0.4539826415292487
1.2808000000000002,0.3971913738844286
1.2809000000000001,0.2227476777965829
1.2810000000000001,0.2394051290588535
1.2811000000000001,0.2886138272452244
1.2812000000000001,0.1529901459519055
1.2813,0.18635255779036408
1.2814,0.2091024859505209
1.2815,0.22361648291229516
1.2816,0.24742400405663306
1.2817,0.22793837270039385
1.2818,0.30489546682184876
1.2819,0.3382741204839007
1.282,0.3898349051970625
1.2821,0.5910583865164288
1.2822,0.7446941362827264
1.2823,0.6363148039851679
1.2824,0.8197652025486785
1.2825,0.8929413028510601
1.2826,0.6955595119856256
1.2827,0.8142101438399358
1.2828000000000002,0.9447127930317911
1.2829000000000002,0.8224521044830035
1.2830000000000001,0.5875098758458499
1.2831000000000001,0.7482717733746135
1.2832000000000001,0.599892454
1.2833,0.6902195334162197
1.2834,0.5703309091786446
1.2835,0.6301082526289523
1.2836,0.6193015385980514
1.2837,0.7086861559315866
1.2838,0.7245656835416238
1.2839,0.8246270629778331
1.284,0.8266066323308784
1.2841,1.037579181820857
1.2842,1.0834910271979807
1.2843,0.9992943479608742
1.2844,1.250869163578899
1.2845,1.1810359307661156
1.2846,1.211704305741656
1.2847,1.244427534
1.2848000000000002,1.1776728907258756
1.2849000000000002,1.200759744272216
1.2850000000000001,1.033643139410101
1.2851000000000001,1.0889045459143971
1.2852000000000001,0.9705549013374022
1.2853,0.9668850576752659
1.2854,0.9394302456553356
1.2855,1.0053553108330993
1.2856,0.9818154671565227
1.2857,0.9247622367170935
1.2858,0.9603007047921585
1.2859,1.070003717791412
1.286,1.081078659791826
1.2861,1.1250860093278412
1.2862,1.0998151972500243
1.2863,1.194883858606324
1.2864,1.5100612060130407
1.2865,1.3119724278496405
1.2866,1.509937492264051
1.2867,1.3639469908570967
1.2868000000000002,1.2853978626971923
1.2869000000000002,1.1149988206140589
1.2870000000000001,1.1745359838657086
1.2871000000000001,1.2641531325745583
1.2872000000000001,1.181560576500413
1.2873,1.0340778443469136
1.2874,0.8907888727500528
1.2875,0.8947936783066459
1.2876,0.9109493222328496
1.2877,1.1073521790071714
1.2878,1.1769597497964353
1.2879,1.114470855528416
1.288,1.1325349197556185
1.2881,1.3382224356543542
1.2882,1.1871042311088422
1.2883,1.3086711790533843
1.2884,1.3644455302869338
1.2885,1.2622425467324074
1.2886,1.264277679534273
1.2887,1.222928964883993
1.2888000000000002,1.3420260431058333
1.2889000000000002,1.3186203792801932
1.2890000000000001,1.1050276910452657
1.2891000000000001,1.0044096589918963
1.2892000000000001,0.9136118253642037
1.2893000000000001,0.9086473961450096
1.2894,0.8269163813340927
1.2895,0.8439069771087798
1.2896,0.8847406827570544
1.2897,0.8375993503252005
1.2898,0.8887591467333672
1.2899,0.93423064
1.29,0.9745949252217999
1.2901,1.0153704355179494
1.2902,1.1560626572238255
1.2903,0.9860964818573313
1.2904,1.270313788659871
1.2905,1.1530076280252777
1.2906,1.1689912138360588
1.2907,1.1374204424933312
1.2908000000000002,0.9659855584627588
1.2909000000000002,0.8810314849834503
1.2910000000000001,0.7969508497916016
1.2911000000000001,0.7849822128076094
1.2912000000000001,0.7918229821546486
1.2913000000000001,0.6317166880069182
1.2914,0.6853172378462083
1.2915,0.4240395479799344
1.2916,0.5789126957759414
1.2917,0.7179605134790823
1.2918,0.6415195538531091
1.2919,0.6309289427817848
1.292,0.6927842202217207
1.2921,0.5511294838784391
1.2922,0.7543952653676833
1.2923,0.9503675866425099
1.2924,0.8337880807205166
1.2925,0.8392286101358973
1.2926,0.6662819343826333
1.2927,0.680200778
1.2928000000000002,0.8479084022409245
1.2929000000000002,0.7326602467569572
1.2930000000000001,0.5040554536419513
1.2931000000000001,0.48203823889177094
1.2932000000000001,0.4609010682197474
1.2933000000000001,0.30987818753930196
1.2934,0.20349187504844923
1.2935,0.32805104989299033
1.2936,0.3832358388537219
1.2937,0.40013842908224434
1.2938,0.45412074459853946
1.2939,0.30275346847361573
1.294,0.4807793664577677
1.2941,0.5039091582367494
1.2942,0.5617303015992933
1.2943,0.5837204088439862
1.2944,0.5640881538311465
1.2945,0.3732918100544942
1.2946,0.6860285490751076
1.2947,0.5793870194805726
1.2948000000000002,0.3784731399270278
1.2949000000000002,0.4679529327495725
1.2950000000000002,0.3213223966263711
1.2951000000000001,0.2507643162758743
1.2952000000000001,0.1562075324011942
1.2953000000000001,0.20571686483587395
1.2954,0.059874531
1.2955,0.016010354234631388
1.2956,0.19395173358307832
1.2957,0.10755787800079274
1.2958,0.14454698560002352
1.2959,0.2579111660860731
1.296,0.2015085355214057
1.2961,0.2700481279725166
1.2962,0.3786758798275104
1.2963,0.26630189
1.2964,0.4270365536163491
1.2965,0.350189365
1.2966,0.4609831883904883
1.2967,0.399735424
1.2968,0.33695981919258433
1.2969000000000002,0.11169832025503881
1.2970000000000002,0.1625629200943958
1.2971000000000001,0.007400192
1.2972000000000001,0.035593494
1.2973000000000001,-0.198050289
1.2974,-0.171469014
1.2975,0.030318748
1.2976,-0.032153984
1.2977,-0.068092976
1.2978,-0.074616992
1.2979,-0.039143763
1.298,0.11930461647964155
1.2981,0.13162395709158498
1.2982,0.3327405529204297
1.2983,0.23273085572685767
1.2984,0.27498504386781014
1.2985,0.1634684115026376
1.2986,0.2304758545936724
1.2987,0.23974824491481692
1.2988,0.14627191470763662
1.2989000000000002,0.076323944
1.2990000000000002,0.074431287
1.2991000000000001,0.10263680847374528
1.2992000000000001,-0.067667728
1.2993000000000001,-0.03688432
1.2994,-0.11195826
1.2995,-0.089544697
1.2996,-0.220065009
1.2997,-0.164189057
1.2998,-0.124344859
1.2999,-0.013387668
1.3,0.063393026
1.3001,0.067094343
1.3002,0.1782594994056317
1.3003,0.10256833966829833
1.3004,0.24211761970912377
1.3005,0.25755772241110325
1.3006,0.21588615771952063
1.3007,0.1391528049513137
1.3008,0.13633114399436708
1.3009000000000002,-0.052971303
1.3010000000000002,-0.032409536
1.3011000000000001,-0.091133389
1.3012000000000001,-0.282456025
1.3013000000000001,-0.187622192
1.3014000000000001,-0.359237291
1.3015,-0.308782153
1.3016,-0.267106528
1.3017,-0.305970864
1.3018,-0.202404455
1.3019,-0.153789983
1.302,-0.168906687
1.3021,-0.002158594
1.3022,-0.059214994
1.3023,0.22282565793773254
1.3024,0.052919931782931806
1.3025,-0.028899591
1.3026,-0.030544909
1.3027,0.10463435181645771
1.3028,-0.071274738
1.3029000000000002,-0.210682621
1.3030000000000002,-0.102537532
1.3031000000000001,-0.273500923
1.3032000000000001,-0.25152239
1.3033000000000001,-0.281157076
1.3034000000000001,-0.370588298
1.3035,-0.21897369
1.3036,-0.547328029
1.3037,-0.455048104
1.3038,-0.374694659
1.3039,-0.126606499
1.304,-0.111075274
1.3041,-0.099418767
1.3042,-0.219875812
1.3043,-0.17606957
1.3044,-0.169696952
1.3045,-0.16643128
1.3046,-0.004444048
1.3047,-0.182263797
1.3048,-0.226600554
1.3049000000000002,-0.222331159
1.3050000000000002,-0.490189019
1.3051000000000001,-0.425890735
1.3052000000000001,-0.584966061
1.3053000000000001,-0.576541
1.3054000000000001,-0.639995883
1.3055,-0.665753506
1.3056,-0.598877464
1.3057,-0.582965867
1.3058,-0.586293604
1.3059,-0.49573052
1.306,-0.545636377
1.3061,-0.37251118
1.3062,-0.400597676
1.3063,-0.391482928
1.3064,-0.401007859
1.3065,-0.360099678
1.3066,-0.214172245
1.3067,-0.410633508
1.3068,-0.554787139
1.3069000000000002,-0.458978505
1.3070000000000002,-0.645604851
1.3071000000000002,-0.660576
1.3072000000000001,-0.801157312
1.3073000000000001,-0.708205936
1.3074000000000001,-0.90008769
1.3075,-0.764563521
1.3076,-0.964337149
1.3077,-0.889220788
1.3078,-0.72333976
1.3079,-0.779917351
1.308,-0.563614403
1.3081,-0.71879167
1.3082,-0.634633829
1.3083,-0.472177582
1.3084,-0.730871929
1.3085,-0.744493248
1.3086,-0.700323361
1.3087,-0.613347835
1.3088,-0.864674701
1.3089,-0.756983731
1.3090000000000002,-0.837395857
1.3091000000000002,-0.793028951
1.3092000000000001,-0.938991497
1.3093000000000001,-1.050290201
1.3094000000000001,-1.011459173
1.3095,-1.099052956
1.3096,-1.181177004
1.3097,-1.219323826
1.3098,-1.140636177
1.3099,-1.053892176
1.31,-0.985998528
1.3101,-1.119882647
1.3102,-0.921491019
1.3103,-0.867737844
1.3104,-0.807879061
1.3105,-0.721525326
1.3106,-0.856081839
1.3107,-0.981272721
1.3108,-1.107045462
1.3109,-0.970906269
1.3110000000000002,-1.165371277
1.3111000000000002,-1.096124039
1.3112000000000001,-1.116894282
1.3113000000000001,-1.403553952
1.3114000000000001,-1.270839413
1.3115,-1.227856802
1.3116,-1.245885104
1.3117,-1.472235668
1.3118,-1.333682278
1.3119,-1.316740036
1.312,-1.114903534
1.3121,-1.065733299
1.3122,-1.262253465
1.3123,-1.029166315
1.3124,-0.915099083
1.3125,-0.959528827
1.3126,-0.970980988
1.3127,-1.041338247
1.3128,-1.141664912
1.3129,-1.114142897
1.3130000000000002,-1.169994996
1.3131000000000002,-1.185826868
1.3132000000000001,-1.23365851
1.3133000000000001,-1.324825709
1.3134000000000001,-1.270067999
1.3135000000000001,-1.394486421
1.3136,-1.466750663
1.3137,-1.280660586
1.3138,-1.25994903
1.3139,-1.169506864
1.314,-1.243042883
1.3141,-0.930720363
1.3142,-0.954761875
1.3143,-0.983237626
1.3144,-0.998938729
1.3145,-0.819924612
1.3146,-0.995281494
1.3147,-0.745365198
1.3148,-1.009777327
1.3149,-0.868509778
1.3150000000000002,-1.071864684
1.3151000000000002,-0.981083755
1.3152000000000001,-1.210202992
1.3153000000000001,-1.18175569
1.3154000000000001,-1.134383368
1.3155000000000001,-1.142172797
1.3156,-1.083374884
1.3157,-1.167614691
1.3158,-1.062683541
1.3159,-0.898455328
1.316,-0.977075473
1.3161,-0.796706837
1.3162,-0.787480917
1.3163,-0.69196361
1.3164,-0.655540943
1.3165,-0.6974135
1.3166,-0.646392906
1.3167,-0.623320399
1.3168,-0.667929317
1.3169,-0.56978574
1.3170000000000002,-0.656350003
1.3171000000000002,-0.755098383
1.3172000000000001,-0.874067672
1.3173000000000001,-0.901778479
1.3174000000000001,-0.684593331
1.3175000000000001,-0.910961641
1.3176,-0.788818574
1.3177,-0.717861498
1.3178,-0.704299259
1.3179,-0.680414587
1.318,-0.577533564
1.3181,-0.472686509
1.3182,-0.405732863
1.3183,-0.174016515
1.3184,-0.227822449
1.3185,-0.234246127
1.3186,-0.168398047
1.3187,-0.126549186
1.3188,-0.226237434
1.3189,-0.15652547
1.3190000000000002,-0.366282155
1.3191000000000002,-0.206647227
1.3192000000000002,-0.330647932
1.3193000000000001,-0.351728833
1.3194000000000001,-0.405344223
1.3195000000000001,-0.431439169
1.3196,-0.430202209
1.3197,-0.302869893
1.3198,-0.123930634
1.3199,-0.165406756
1.32,-0.123875855
1.3201,0.015779257
1.3202,0.140157826
1.3203,0.21420766143314507
1.3204,0.28655702187639376
1.3205,0.41581966617606914
1.3206,0.44984343172986313
1.3207,0.5083248448860962
1.3208,0.19993915919473287
1.3209,0.23188080429948404
1.3210000000000002,0.3204692256363294
1.3211000000000002,0.1923614762483027
1.3212000000000002,0.2675307751548384
1.3213000000000001,0.1965547326128867
1.3214000000000001,0.30329102698828947
1.3215000000000001,0.27575932787939056
1.3216,0.31197369996616914
1.3217,0.24728441790745898
1.3218,0.34117656614590675
1.3219,0.4045458320001773
1.322,0.39427046118535775
1.3221,0.717979826
1.3222,0.7390243518232221
1.3223,0.7191352255910215
1.3224,0.9022947436155752
1.3225,0.7797413940406258
1.3226,0.6954474560149193
1.3227,0.9164462120822757
1.3228,0.7107311583459558
1.3229,0.7626347858125971
1.323,0.753636291
1.3231000000000002,0.7264418439608763
1.3232000000000002,0.7275834820652727
1.3233000000000001,0.6813830931102055
1.3234000000000001,0.6695288526316475
1.3235000000000001,0.5710907056173983
1.3236,0.6858444446645093
1.3237,0.5879895405085616
1.3238,0.8949191133308159
1.3239,0.730304936
1.324,0.8929398458952367
1.3241,0.8928164750656645
1.3242,1.0110549076371513
1.3243,1.1296911951237798
1.3244,1.1291351828814724
1.3245,1.286678668190131
1.3246,1.2169153953198115
1.3247,1.1462298216576003
1.3248,1.140726956939206
1.3249,1.2051195281599711
1.325,1.1298164518494533
1.3251000000000002,0.9150485234949146
1.3252000000000002,0.9062687947817042
1.3253000000000001,0.9642575692094817
1.3254000000000001,0.935409239
1.3255000000000001,0.8220663614964399
1.3256000000000001,0.9840326044163139
1.3257,0.8889279439269754
1.3258,1.115908210220734
1.3259,1.116339982099062
1.326,1.0513328190265152
1.3261,1.1669352493168832
1.3262,1.226342545631657
1.3263,1.3316150169367584
1.3264,1.3349105452831225
1.3265,1.2728533347494815
1.3266,1.246119936580525
1.3267,1.3756164895164773
1.3268,1.3122774535932813
1.3269,1.2434902345362402
1.327,1.1958210209366364
1.3271000000000002,1.0632648994150926
1.3272000000000002,1.071669025601008
1.3273000000000001,1.215219197329899
1.3274000000000001,1.0766477116822235
1.3275000000000001,0.9482942298497903
1.3276000000000001,0.9372869299361757
1.3277,0.7762646330187782
1.3278,1.1319176471465127
1.3279,1.1617278570330838
1.328,1.1132751170554454
1.3281,1.0997889812913075
1.3282,1.1729687189228621
1.3283,1.3400771418437627
1.3284,1.320260991630213
1.3285,1.3865939567150993
1.3286,1.3220662683150277
1.3287,1.3573686777882608
1.3288,1.258253906
1.3289,1.2317746275285733
1.329,0.9286696157526831
1.3291000000000002,0.9271195003155145
1.3292000000000002,0.9324509777726496
1.3293000000000001,0.9948731938609424
1.3294000000000001,1.0213764995344778
1.3295000000000001,0.8385305339062431
1.3296000000000001,0.8027556518056832
1.3297,0.7136269022078576
1.3298,0.9730112928682737
1.3299,0.905051753
1.33,1.236666773548634
1.3301,0.9915339520765712
1.3302,1.263508936737733
1.3303,1.1876247548624417
1.3304,1.062110247994085
1.3305,1.1607367740605414
1.3306,1.1819002498811682
1.3307,1.0613940444400862
1.3308,1.0896689081094755
1.3309,1.0194567422258682
1.331,0.9272394726115656
1.3311000000000002,0.8034297857499995
1.3312000000000002,0.6418913996860663
1.3313000000000001,0.6722748199865569
1.3314000000000001,0.6507678797291759
1.3315000000000001,0.46338917580579836
1.3316000000000001,0.6232968972132888
1.3317,0.6168454228853426
1.3318,0.5514671713130189
1.3319,0.6706199224196497
1.332,0.7203839702459832
1.3321,0.9477788516034547
1.3322,0.8529488906948978
1.3323,0.9486718969466679
1.3324,0.8709710777129587
1.3325,0.7264788377491829
1.3326,0.9066142572512965
1.3327,0.7580128627728439
1.3328,0.7258564575540246
1.3329,0.5990390203748953
1.333,0.6136720052710104
1.3331000000000002,0.6176982991473278
1.3332000000000002,0.5378539043375369
1.3333000000000002,0.5324635667346468
1.3334000000000001,0.5020601423658588
1.3335000000000001,0.17711794246748144
1.3336000000000001,0.24193750900549987
1.3337,0.20813451723772078
1.3338,0.43465618658633326
1.3339,0.3715915067121548
1.334,0.43701278712400643
1.3341,0.5080574728208818
1.3342,0.5993136114864008
1.3343,0.48183725569425173
1.3344,0.5162149312690171
1.3345,0.6148187429142258
1.3346,0.6889819023217764
1.3347,0.5509560139825243
1.3348,0.43388354641954485
1.3349,0.2582457060832387
1.335,0.43332082799141247
1.3351,0.22540756963825775
1.3352000000000002,0.12588574726009708
1.3353000000000002,0.025536409
1.3354000000000001,0.008732352
1.3355000000000001,0.026859991485566684
1.3356000000000001,0.08430425
1.3357,0.025169054
1.3358,0.1712025398032107
1.3359,0.18279821727049203
1.336,0.4326748547239536
1.3361,0.17114493247276855
1.3362,0.367137013
1.3363,0.4035324970069941
1.3364,0.3269040375610658
1.3365,0.41826647304581166
1.3366,0.4541129303066086
1.3367,0.3637216764606641
1.3368,0.41455298142023533
1.3369,0.066040003
1.337,0.10345587868418031
1.3371,0.21958600042795026
1.3372000000000002,0.11150471279614943
1.3373000000000002,0.030413022260728943
1.3374000000000001,0.050454800299781624
1.3375000000000001,-0.218128571
1.3376000000000001,0.001970615
1.3377000000000001,0.045361905034554645
1.3378,-0.05461354
1.3379,0.2579355199758537
1.338,0.1190000731975262
1.3381,-0.016306982
1.3382,0.23951053808967554
1.3383,0.189923151
1.3384,0.36348702640263597
1.3385,0.3183842116183687
1.3386,0.2114980268257445
1.3387,0.34578508597040464
1.3388,0.2512508760829568
1.3389,0.048940628
1.339,0.036114911
1.3391,0.022804289210081416
1.3392000000000002,-0.108406338
1.3393000000000002,-0.155171175
1.3394000000000001,-0.158748448
1.3395000000000001,-0.261556854
1.3396000000000001,-0.349908643
1.3397000000000001,-0.128504069
1.3398,-0.267234969
1.3399,-0.136532943
1.34,-0.141726589
1.3401,-0.074785709
1.3402,0.14223138714518122
1.3403,0.1298502046219495
1.3404,0.15061537903974329
1.3405,0.071020824
1.3406,0.10921852293843096
1.3407,0.1585356350096268
1.3408,0.075098296
1.3409,0.084362979
1.341,0.028928844
1.3411,-0.135351816
1.3412000000000002,-0.324274714
1.3413000000000002,-0.286120524
1.3414000000000001,-0.267146935
1.3415000000000001,-0.336667653
1.3416000000000001,-0.354657341
1.3417000000000001,-0.241931771
1.3418,-0.01458453
1.3419,-0.198169587
1.342,-0.103516624
1.3421,-0.152559421
1.3422,0.1013896110285305
1.3423,0.10976715142712429
1.3424,0.12613696880662403
1.3425,0.173587606
1.3426,0.014015123846175266
1.3427,-0.011365511
1.3428,0.098247676
1.3429,-0.050963268
1.343,-0.348372297
1.3431,-0.203869334
1.3432000000000002,-0.350331795
1.3433000000000002,-0.284148612
1.3434000000000001,-0.359890143
1.3435000000000001,-0.549889702
1.3436000000000001,-0.387842216
1.3437000000000001,-0.37276188
1.3438,-0.325141659
1.3439,-0.261458074
1.344,-0.135238195
1.3441,-0.169402917
1.3442,-0.15451402
1.3443,-0.030030986
1.3444,0.076007109
1.3445,-0.030551469
1.3446,-0.107363926
1.3447,-0.128159983
1.3448,-0.1971972
1.3449,-0.282800628
1.345,-0.183893115
1.3451,-0.49002667
1.3452000000000002,-0.404823857
1.3453000000000002,-0.563056362
1.3454000000000002,-0.711515761
1.3455000000000001,-0.629780466
1.3456000000000001,-0.660666075
1.3457000000000001,-0.554456754
1.3458,-0.561403939
1.3459,-0.607147416
1.346,-0.358466581
1.3461,-0.339827329
1.3462,-0.257217311
1.3463,-0.33383267
1.3464,-0.340285799
1.3465,-0.284503042
1.3466,-0.410021387
1.3467,-0.395163642
1.3468,-0.477289088
1.3469,-0.649366776
1.347,-0.597654136
1.3471,-0.718554072
1.3472000000000002,-0.772108641
1.3473000000000002,-0.781565005
1.3474000000000002,-0.751024259
1.3475000000000001,-0.944293766
1.3476000000000001,-0.907320959
1.3477000000000001,-0.926994893
1.3478,-0.90175387
1.3479,-0.840936804
1.348,-0.761047701
1.3481,-0.650390701
1.3482,-0.629561596
1.3483,-0.709138084
1.3484,-0.506225246
1.3485,-0.537920261
1.3486,-0.708777559
1.3487,-0.580488779
1.3488,-0.709731534
1.3489,-0.817264079
1.349,-0.850885989
1.3491,-0.956241833
1.3492,-0.979023999
1.3493000000000002,-1.064428978
1.3494000000000002,-1.147183892
1.3495000000000001,-1.304231412
1.3496000000000001,-1.102196797
1.3497000000000001,-1.157647786
1.3498,-1.0328512
1.3499,-1.012152261
1.35,-1.027813137
1.3501,-0.867227944
1.3502,-0.887538859
1.3503,-0.856932958
1.3504,-0.862730912
1.3505,-0.71698494
1.3506,-0.92799546
1.3507,-0.934321654
1.3508,-1.060585923
1.3509,-0.96772866
1.351,-1.142416209
1.3511,-1.203073844
1.3512,-1.270042825
1.3513000000000002,-1.275010218
1.3514000000000002,-1.415211584
1.3515000000000001,-1.510726217
1.3516000000000001,-1.290791927
1.3517000000000001,-1.473609929
1.3518000000000001,-1.197059092
1.3519,-1.089643376
1.352,-1.169919259
1.3521,-0.994839993
1.3522,-1.048362628
1.3523,-0.877160492
1.3524,-1.015654098
1.3525,-1.160557451
1.3526,-0.989075282
1.3527,-0.875501697
1.3528,-1.014152173
1.3529,-1.154004289
1.353,-1.147850379
1.3531,-1.157357243
1.3532,-1.29622782
1.3533000000000002,-1.121583416
1.3534000000000002,-1.399054105
1.3535000000000001,-1.28429159
1.3536000000000001,-1.290273718
1.3537000000000001,-1.374811073
1.3538000000000001,-1.304014616
1.3539,-1.127813494
1.354,-1.130303744
1.3541,-1.046938311
1.3542,-1.142479457
1.3543,-0.907717983
1.3544,-0.90111873
1.3545,-0.911209687
1.3546,-0.878268563
1.3547,-0.9590118
1.3548,-1.008073132
1.3549,-1.025501038
1.355,-1.094243035
1.3551,-0.933101127
1.3552,-1.078463853
1.3553000000000002,-1.260740114
1.3554000000000002,-1.035859634
1.3555000000000001,-1.229767496
1.3556000000000001,-1.169079401
1.3557000000000001,-1.056823546
1.3558000000000001,-1.227067294
1.3559,-1.017288482
1.356,-0.966521741
1.3561,-0.826103716
1.3562,-0.740344123
1.3563,-0.714614287
1.3564,-0.672196744
1.3565,-0.549140338
1.3566,-0.601418576
1.3567,-0.631600978
1.3568,-0.64788175
1.3569,-0.548733497
1.357,-0.72333253
1.3571,-0.819452703
1.3572,-0.965735904
1.3573000000000002,-0.950571622
1.3574000000000002,-0.879860285
1.3575000000000002,-0.838840953
1.3576000000000001,-0.84237706
1.3577000000000001,-0.718645877
1.3578000000000001,-0.724874011
1.3579,-0.673397427
1.358,-0.465730326
1.3581,-0.319414549
1.3582,-0.437546842
1.3583,-0.260736878
1.3584,-0.379492742
1.3585,-0.310305089
1.3586,-0.224055956
1.3587,-0.089192824
1.3588,-0.26096434
1.3589,-0.293972011
1.359,-0.261703431
1.3591,-0.297384829
1.3592,-0.392742262
1.3593000000000002,-0.188990119
1.3594000000000002,-0.371132147
1.3595000000000002,-0.32412436
1.3596000000000001,-0.329010818
1.3597000000000001,-0.206650034
1.3598000000000001,-0.072147887
1.3599,0.044588614
1.36,-0.060981254
1.3601,0.17656809596831963
1.3602,0.21491895693590551
1.3603,0.3198106880029004
1.3604,0.28951811272043226
1.3605,0.31824789662935593
1.3606,0.42476024833970166
1.3607,0.42426324493940865
1.3608,0.4551893896395033
1.3609,0.3162353223623504
1.361,0.25603724286081914
1.3611,0.031895687
1.3612,0.069767015
1.3613,0.14844552978910563
1.3614000000000002,0.088869976
1.3615000000000002,0.25747248399944633
1.3616000000000001,0.12229069291511856
1.3617000000000001,0.24012980033499867
1.3618000000000001,0.31201131437237745
1.3619,0.5253455552776229
1.362,0.46608273275570294
1.3621,0.6364312552955157
1.3622,0.695049857
1.3623,0.8190004743532382
1.3624,0.865944547
1.3625,0.8274955967508445
1.3626,0.7067946524827471
1.3627,0.8173173609191964
1.3628,0.8114195254325952
1.3629,0.8011775617146562
1.363,0.6781420361531025
1.3631,0.786876706
1.3632,0.6608009510342113
1.3633,0.5612751911838586
1.3634000000000002,0.5888792234073857
1.3635000000000002,0.7886342604992387
1.3636000000000001,0.715455192
1.3637000000000001,0.7923100625576791
1.3638000000000001,0.6866211398774541
1.3639000000000001,0.7874037469275972
1.364,0.8661412485253474
1.3641,1.0130779131948218
1.3642,1.0555480640196426
1.3643,1.0894573689887166
1.3644,1.1423102633624558
1.3645,1.1316161526044817
1.3646,1.184376171090651
1.3647,1.272319846702537
1.3648,1.0303623632132246
1.3649,1.1352618462862287
1.365,1.167514196776975
1.3651,0.9914952271309699
1.3652,0.9184108495812568
1.3653,1.0002129025907995
1.3654000000000002,0.8284021616820287
1.3655000000000002,0.9042815624132461
1.3656000000000001,0.8409149492409589
1.3657000000000001,0.8105897975400043
1.3658000000000001,0.9994433271285762
1.3659000000000001,0.9729124445376545
1.366,1.1409531340119379
1.3661,1.2984637553845058
1.3662,1.418399827328249
1.3663,1.3263072219480867
1.3664,1.432765963682201
1.3665,1.3964094598285561
1.3666,1.327011579168354
1.3667,1.1777125144501217
1.3668,1.419497890594641
1.3669,1.1511190548174304
1.367,1.2847841451331259
1.3671,1.1557230415581567
1.3672,0.9788686141592778
1.3673,1.0370986210767257
1.3674000000000002,1.1533152269252485
1.3675000000000002,1.0942191123956784
1.3676000000000001,0.9381396252134914
1.3677000000000001,0.948141324
1.3678000000000001,1.0544387578930987
1.3679000000000001,1.085558330413428
1.368,1.2527603454488951
1.3681,1.2734927268353113
1.3682,1.1300107862558504
1.3683,1.3412193332792688
1.3684,1.3130809734538518
1.3685,1.3342352461887594
1.3686,1.3350662583864497
1.3687,1.375926291641118
1.3688,1.306911331710554
1.3689,1.105491577860641
1.369,1.0911553312113473
1.3691,0.9899854345268277
1.3692,0.8270514338512137
1.3693,0.8997580504609151
1.3694000000000002,1.0185144756537525
1.3695000000000002,0.7147059249972095
1.3696000000000002,0.8497571134239014
1.3697000000000001,0.8655333341156527
1.3698000000000001,0.926945029
1.3699000000000001,0.8720490026925444
1.37,0.8859911527358946
1.3701,0.9403984531356752
1.3702,1.2015616296554705
1.3703,1.0491404862265468
1.3704,1.1044064246075087
1.3705,1.3105358788580872
1.3706,1.0614493552149795
1.3707,1.1068061876775324
1.3708,1.1077352253953965
1.3709,1.0354377844362186
1.371,0.7730062840004394
1.3711,0.7476794593779765
1.3712,0.7600757249308033
1.3713,0.8327390466153078
1.3714000000000002,0.5757618539406337
1.3715000000000002,0.5739842067599323
1.3716000000000002,0.6433240256460854
1.3717000000000001,0.6741621822579676
1.3718000000000001,0.7096175773199587
1.3719000000000001,0.6295519644882913
1.372,0.7027678270380644
1.3721,0.8106113849080505
1.3722,0.936324328
1.3723,0.84670955
1.3724,0.8786121500655285
1.3725,0.7943178841248306
1.3726,1.0018850558969103
1.3727,0.8230088369111218
1.3728,0.8389248503176605
1.3729,0.6856684969496172
1.373,0.6146719413766731
1.3731,0.4124593189494674
1.3732,0.2911739060843968
1.3733,0.5057208230587794
1.3734000000000002,0.3700680428704882
1.3735000000000002,0.3573021307270631
1.3736000000000002,0.23750285370382138
1.3737000000000001,0.28054470928040565
1.3738000000000001,0.4690859138458895
1.3739000000000001,0.5662495510833144
1.374,0.4264452925698068
1.3741,0.5791039304442082
1.3742,0.583909951
1.3743,0.591020624
1.3744,0.7650807298940338
1.3745,0.578458915
1.3746,0.6923392383908608
1.3747,0.5835016716059136
1.3748,0.49586517714083955
1.3749,0.539863774
1.375,0.3803175410605139
1.3751,0.2765678991964179
1.3752,0.32803607435890136
1.3753,0.26270340732555547
1.3754,0.22001748229690432
1.3755000000000002,-0.207267218
1.3756000000000002,0.13862627879366568
1.3757000000000001,0.13883776622774308
1.3758000000000001,0.15355683647263402
1.3759000000000001,0.25129640718166835
1.3760000000000001,0.27576002138946326
1.3761,0.36172497517044294
1.3762,0.33278171362935755
1.3763,0.5094665482977823
1.3764,0.4716641652167134
1.3765,0.4540484084911983
1.3766,0.4320417996905873
1.3767,0.4485848624555698
1.3768,0.3855309735894066
1.3769,0.23123324785579905
1.377,0.2500593821743446
1.3771,0.11550569585291706
1.3772,0.1918967494551474
1.3773,0.07499031
1.3774,-0.098251178
1.3775000000000002,0.12165291410580262
1.3776000000000002,-0.229841425
1.3777000000000001,0.011200671
1.3778000000000001,-0.057617313
1.3779000000000001,0.19817097403848535
1.3780000000000001,0.12351664129609563
1.3781,0.095610905
1.3782,0.18768920127748345
1.3783,0.1903974366344923
1.3784,0.24582524620263915
1.3785,0.24825687967590215
1.3786,0.19923932311172343
1.3787,0.24719403743592436
1.3788,0.20739270467721801
1.3789,0.035469716
1.379,-0.084382984
1.3791,0.006327462
1.3792,-0.036711633
1.3793,-0.070001881
1.3794,-0.1175925
1.3795000000000002,-0.050475625
1.3796000000000002,-0.091521985
1.3797000000000001,0.066751398
1.3798000000000001,0.13992880253095008
1.3799000000000001,-0.197738054
1.3800000000000001,-0.17577109
1.3801,0.056498543
1.3802,0.1484615676059918
1.3803,0.14156405710635178
1.3804,0.22757385116184148
1.3805,0.15467360100435962
1.3806,0.10617038897241055
1.3807,0.084987953
1.3808,0.063251808
1.3809,0.086030042
1.381,-0.087217773
1.3811,-0.138291723
1.3812,-0.130477424
1.3813,-0.241492644
1.3814,-0.169994949
1.3815000000000002,-0.348109188
1.3816000000000002,-0.361196505
1.3817000000000002,-0.223141631
1.3818000000000001,-0.176665701
1.3819000000000001,-0.228311301
1.3820000000000001,0.004195476
1.3821,0.10639839423701616
1.3822,-0.04831081
1.3823,0.15877176177745222
1.3824,-0.128892336
1.3825,0.15089292238764046
1.3826,-0.020418589
1.3827,0.090913729
1.3828,-0.115444685
1.3829,-0.107060519
1.383,-0.235643799
1.3831,-0.257365468
1.3832,-0.157402028
1.3833,-0.364637382
1.3834,-0.223721251
1.3835000000000002,-0.441511286
1.3836000000000002,-0.290007454
1.3837000000000002,-0.519667506
1.3838000000000001,-0.377139383
1.3839000000000001,-0.350389181
1.3840000000000001,-0.131899024
1.3841,-0.187694134
1.3842,-0.32339255
1.3843,-0.226678763
1.3844,-0.184425129
1.3845,-0.029033106
1.3846,-0.059459818
1.3847,-0.186794382
1.3848,-0.261561484
1.3849,-0.226971042
1.385,-0.447468629
1.3851,-0.393488882
1.3852,-0.467414883
1.3853,-0.574954974
1.3854,-0.56126799
1.3855000000000002,-0.606547498
1.3856000000000002,-0.577130449
1.3857000000000002,-0.707391124
1.3858000000000001,-0.519547798
1.3859000000000001,-0.443257161
1.3860000000000001,-0.4504711
1.3861,-0.378940781
1.3862,-0.392895299
1.3863,-0.281483238
1.3864,-0.332207384
1.3865,-0.432623183
1.3866,-0.298206093
1.3867,-0.536300106
1.3868,-0.440612476
1.3869,-0.563221858
1.387,-0.643700636
1.3871,-0.66951762
1.3872,-0.809447523
1.3873,-0.76969132
1.3874,-0.848283179
1.3875,-0.925775675
1.3876000000000002,-0.773341936
1.3877000000000002,-0.849405668
1.3878000000000001,-0.784875348
1.3879000000000001,-0.680044191
1.3880000000000001,-0.633317395
1.3881000000000001,-0.650877597
1.3882,-0.679409913
1.3883,-0.738965827
1.3884,-0.593222816
1.3885,-0.5259065
1.3886,-0.608337521
1.3887,-0.953984374
1.3888,-0.666281634
1.3889,-0.730227723
1.389,-0.903630168
1.3891,-0.875111235
1.3892,-0.972393058
1.3893,-1.134254763
1.3894,-1.018485718
1.3895,-1.243563425
1.3896000000000002,-1.148950974
1.3897000000000002,-1.140315549
1.3898000000000001,-1.161121981
1.3899000000000001,-1.026382756
1.3900000000000001,-0.895170488
1.3901000000000001,-0.84924765
1.3902,-0.846033055
1.3903,-1.005698186
1.3904,-0.958558241
1.3905,-0.838375867
1.3906,-0.873672925
1.3907,-0.948354077
1.3908,-0.809173256
1.3909,-1.017398334
1.391,-1.052451269
1.3911,-1.086439487
1.3912,-1.224291219
1.3913,-1.072742998
1.3914,-1.390380601
1.3915,-1.379752322
1.3916000000000002,-1.402834308
1.3917000000000002,-1.17951265
1.3918000000000001,-1.201223244
1.3919000000000001,-1.257857749
1.3920000000000001,-1.225891465
1.3921000000000001,-0.988008189
1.3922,-1.017487098
1.3923,-0.892266347
1.3924,-0.983968618
1.3925,-0.93044408
1.3926,-0.95866413
1.3927,-1.062067659
1.3928,-1.06848117
1.3929,-1.207522699
1.393,-1.134633926
1.3931,-1.17414733
1.3932,-1.210165608
1.3933,-1.278371031
1.3934,-1.367917479
1.3935,-1.240334796
1.3936000000000002,-1.279844018
1.3937000000000002,-1.207741175
1.3938000000000001,-1.153956458
1.3939000000000001,-1.219309358
1.3940000000000001,-1.110856419
1.3941000000000001,-1.012018835
1.3942,-1.103533411
1.3943,-1.050355729
1.3944,-1.028047409
1.3945,-0.914744892
1.3946,-0.933805277
1.3947,-1.041128034
1.3948,-0.948772274
1.3949,-1.013799708
1.395,-0.962527568
1.3951,-0.946505165
1.3952,-1.114897484
1.3953,-1.238993042
1.3954,-1.147025364
1.3955,-1.194394734
1.3956000000000002,-1.190645851
1.3957000000000002,-1.197545012
1.3958000000000002,-1.106605814
1.3959000000000001,-1.012549695
1.3960000000000001,-0.856327322
1.3961000000000001,-0.801628076
1.3962,-0.623902006
1.3963,-0.654486492
1.3964,-0.628361366
1.3965,-0.658849277
1.3966,-0.708534489
1.3967,-0.680506454
1.3968,-0.715698491
1.3969,-0.900477162
1.397,-0.81783699
1.3971,-0.650120042
1.3972,-0.78352796
1.3973,-0.86597854
1.3974,-0.810619828
1.3975,-0.986443168
1.3976000000000002,-0.775359526
1.3977000000000002,-0.644538014
1.3978000000000002,-0.689082643
1.3979000000000001,-0.741997448
1.3980000000000001,-0.547857075
1.3981000000000001,-0.326625149
1.3982,-0.328283061
1.3983,-0.393698954
1.3984,-0.037682036
1.3985,-0.29264672
1.3986,-0.196388657
1.3987,-0.262976538
1.3988,-0.281548019
1.3989,-0.264856063
1.399,-0.2136984
1.3991,-0.197109002
1.3992,-0.360825198
1.3993,-0.428699329
1.3994,-0.311611931
1.3995,-0.292574072
1.3996000000000002,-0.277638348
1.3997000000000002,-0.219788574
1.3998000000000002,-0.179949807
1.3999000000000001,-0.080652413
1.4000000000000001,-0.01453209
1.4001000000000001,0.1741239800270738
1.4002000000000001,0.34922125142838323
1.4003,0.25622001138273753
1.4004,0.2963426746981322
1.4005,0.3536800677471475
1.4006,0.29726933260390087
1.4007,0.409086114
1.4008,0.3652258572571239
1.4009,0.26671390128298944
1.401,0.33675575859491363
1.4011,0.2302031549579025
1.4012,0.12106332648901899
1.4013,0.20811401383756878
1.4014,0.19591409045726513
1.4015,0.2691754904536022
1.4016,0.293616126
1.4017000000000002,0.2714960401527877
1.4018000000000002,0.31120647891027076
1.4019000000000001,0.4291056086102197
1.4020000000000001,0.5438065430508731
1.4021000000000001,0.6389386360729818
1.4022000000000001,0.7035063437666824
1.4023,0.7394764400397804
1.4024,0.877672705
1.4025,0.7762266542529557
1.4026,1.0408504896637434
1.4027,0.8969022622631004
1.4028,0.7228171447414985
1.4029,0.7931151695374382
1.403,0.7989611292134331
1.4031,0.6676550879401709
1.4032,0.5400998737628064
1.4033,0.5517898636809762
1.4034,0.6689048860543652
1.4035,0.49398153037639725
1.4036,0.5463573943353124
1.4037000000000002,0.7513803178673046
1.4038000000000002,0.7521441601068655
1.4039000000000001,0.7868476911338426
1.4040000000000001,0.8810764612099651
1.4041000000000001,0.8806613091602842
1.4042000000000001,1.108224484942967
1.4043,1.0640934374878384
1.4044,1.1285756559960582
1.4045,1.2228817784654675
1.4046,1.178233111206459
1.4047,1.1268903352251463
1.4048,0.9922584373592186
1.4049,1.1369375592647497
1.405,1.0634262185953685
1.4051,0.964759198
1.4052,0.8777290034755076
1.4053,0.9272953820069821
1.4054,0.9455776526735957
1.4055,0.9139175953142772
1.4056,1.0551477189111518
1.4057000000000002,1.0165798353503015
1.4058000000000002,1.003019421138317
1.4059000000000001,1.133046350086832
1.4060000000000001,1.1457797573494737
1.4061000000000001,1.212876805795782
1.4062000000000001,1.3737684985788408
1.4063,1.2469802489814468
1.4064,1.3530934689685246
1.4065,1.4596692480319895
1.4066,1.3823799129323218
1.4067,1.3021703839351424
1.4068,1.1528857231982084
1.4069,1.053419474584333
1.407,1.3402569674004687
1.4071,1.1374593769173238
1.4072,1.0102237858522356
1.4073,1.040095303
1.4074,0.9068684109581824
1.4075,0.9448708037348778
1.4076,0.9038814382647906
1.4077000000000002,0.8920378980529465
1.4078000000000002,0.878023319
1.4079000000000002,0.9709868373527977
1.4080000000000001,1.2384843757125672
1.4081000000000001,1.1353750390246806
1.4082000000000001,1.3081814833222825
1.4083,1.3810571040330268
1.4084,1.3287346251398648
1.4085,1.3073812183208255
1.4086,1.3257926508877778
1.4087,1.2466983418970015
1.4088,1.3250006355914696
1.4089,1.3155937070472623
1.409,1.2118292350560982
1.4091,0.8537420871734245
1.4092,0.9266369706549985
1.4093,0.9088404221715418
1.4094,0.9079787582828847
1.4095,0.7134842334810385
1.4096,0.7122065640871764
1.4097000000000002,0.9745675657185099
1.4098000000000002,0.8591966462537839
1.4099000000000002,0.8300744922077136
1.4100000000000001,0.9117087353821447
1.4101000000000001,1.0819242371443083
1.4102000000000001,1.0292831140717977
1.4103,1.1470854155501637
1.4104,1.0660732109200666
1.4105,1.0026292607783223
1.4106,1.2341402208148233
1.4107,1.1112694127445146
1.4108,0.9959302223662236
1.4109,0.9124712317434267
1.411,0.9967244220900332
1.4111,0.8520700588362976
1.4112,0.827631649
1.4113,0.6317222358255534
1.4114,0.6407360298463406
1.4115,0.6456491587685596
1.4116,0.5657525431888896
1.4117000000000002,0.6169469553498567
1.4118000000000002,0.6085084297851512
1.4119000000000002,0.7291851694753376
1.4120000000000001,0.6396201448846779
1.4121000000000001,0.8391288904637427
1.4122000000000001,0.8601964791401367
1.4123,0.8495235945609075
1.4124,0.9163576737243683
1.4125,0.8471969219973392
1.4126,0.7992164500393126
1.4127,0.8541658935229238
1.4128,0.7996655883653876
1.4129,0.6426951011994142
1.413,0.5604063927778359
1.4131,0.5178461515168717
1.4132,0.41907440343459756
1.4133,0.5275779349024222
1.4134,0.38914144286515634
1.4135,0.3419558995719528
1.4136,0.26280915598472326
1.4137000000000002,0.4119089992667705
1.4138000000000002,0.3351733617596092
1.4139000000000002,0.3748182645296016
1.4140000000000001,0.5379563867178507
1.4141000000000001,0.5563710850544281
1.4142000000000001,0.3684321477082929
1.4143000000000001,0.5880412784336183
1.4144,0.6269655779235459
1.4145,0.5875473539292341
1.4146,0.6059113206846116
1.4147,0.4082127660097676
1.4148,0.27073467498283177
1.4149,0.35206494144060907
1.415,0.3796865509279431
1.4151,0.026285603307806382
1.4152,0.15019701514124317
1.4153,0.008941549
1.4154,0.10445048280205221
1.4155,0.2603890697583524
1.4156,0.086038069
1.4157,0.11326816315563894
1.4158000000000002,0.22348437206245744
1.4159000000000002,0.20421856108878672
1.4160000000000001,0.2377161299740455
1.4161000000000001,0.38163205571595576
1.4162000000000001,0.39196963029062776
1.4163000000000001,0.4127021588090316
1.4164,0.3982462176695159
1.4165,0.3829611048718424
1.4166,0.46591905181259424
1.4167,0.32908534826569114
1.4168,0.4022961809829677
1.4169,0.1564833028364381
1.417,0.2855372680688442
1.4171,0.13934472329653275
1.4172,-0.038940188
1.4173,0.027890376
1.4174,-0.100226664
1.4175,-0.062129697
1.4176,-0.100608409
1.4177,-0.050420681
1.4178000000000002,0.073396937
1.4179000000000002,0.089077483
1.4180000000000001,0.013262924731039447
1.4181000000000001,0.073666827
1.4182000000000001,0.2306708270763516
1.4183000000000001,0.2749669234793486
1.4184,0.21633180613730477
1.4185,0.4018539275856231
1.4186,0.3244113875893998
1.4187,0.1755428232785889
1.4188,0.11831434633932034
1.4189,0.09694917
1.419,0.021730164
1.4191,0.081943545
1.4192,-0.00050344
1.4193,-0.125613661
1.4194,-0.107454005
1.4195,-0.110454949
1.4196,-0.166626557
1.4197,-0.115425363
1.4198000000000002,-0.060587969
1.4199000000000002,-0.018081389
1.4200000000000002,-0.062304306
1.4201000000000001,0.002873067
1.4202000000000001,0.0850354
1.4203000000000001,0.091101716
1.4204,0.05343937
1.4205,0.2303691239121508
1.4206,0.18939910019502887
1.4207,0.021269896
1.4208,0.05999194
1.4209,0.003806189
1.421,-0.033722963
1.4211,-0.201728023
1.4212,-0.28441431
1.4213,-0.184010973
1.4214,-0.382048754
1.4215,-0.293161768
1.4216,-0.296373579
1.4217,-0.257374699
1.4218000000000002,-0.188791369
1.4219000000000002,-0.031228892
1.4220000000000002,-0.231251532
1.4221000000000001,0.022529976
1.4222000000000001,-0.199055106
1.4223000000000001,0.1512845998643958
1.4224,-0.10175131
1.4225,0.2597155120929788
1.4226,0.017021005863578548
1.4227,0.11605855950237819
1.4228,0.048189876
1.4229,-0.136500644
1.423,-0.199614489
1.4231,-0.307227729
1.4232,-0.240806337
1.4233,-0.389879806
1.4234,-0.458064063
1.4235,-0.3676642
1.4236,-0.481122745
1.4237,-0.415930681
1.4238000000000002,-0.345650189
1.4239000000000002,-0.358894741
1.4240000000000002,-0.294239366
1.4241000000000001,-0.07971538
1.4242000000000001,-0.172684713
1.4243000000000001,-0.150638548
1.4244,-0.11742216
1.4245,-0.06740073
1.4246,-0.206569511
1.4247,-0.128585195
1.4248,-0.197215085
1.4249,-0.427374532
1.425,-0.213566333
1.4251,-0.313237316
1.4252,-0.561261358
1.4253,-0.642781929
1.4254,-0.574838108
1.4255,-0.728784109
1.4256,-0.507781372
1.4257,-0.638139238
1.4258000000000002,-0.438963402
1.4259000000000002,-0.591337537
1.4260000000000002,-0.485123381
1.4261000000000001,-0.325661041
1.4262000000000001,-0.409960912
1.4263000000000001,-0.331022504
1.4264000000000001,-0.250014453
1.4265,-0.385271677
1.4266,-0.464762513
1.4267,-0.522265254
1.4268,-0.416560236
1.4269,-0.501381759
1.427,-0.522917522
1.4271,-0.705200298
1.4272,-0.867163449
1.4273,-0.998887986
1.4274,-0.623389907
1.4275,-0.834238318
1.4276,-0.869452962
1.4277,-0.843497096
1.4278,-0.949846539
1.4279000000000002,-0.856961048
1.4280000000000002,-0.605865268
1.4281000000000001,-0.644592651
1.4282000000000001,-0.71628507
1.4283000000000001,-0.72273475
1.4284000000000001,-0.651013601
1.4285,-0.638707697
1.4286,-0.472751024
1.4287,-0.69347904
1.4288,-0.83105075
1.4289,-0.809435844
1.429,-0.858385315
1.4291,-1.056623896
1.4292,-0.990457049
1.4293,-0.982700944
1.4294,-1.109096105
1.4295,-1.205930483
1.4296,-1.186681035
1.4297,-1.260462242
1.4298,-1.105793748
1.4299000000000002,-1.025823869
1.4300000000000002,-1.071730607
1.4301000000000001,-0.793890987
1.4302000000000001,-0.840543832
1.4303000000000001,-1.013446573
1.4304000000000001,-0.993463062
1.4305,-0.930391301
1.4306,-0.745079289
1.4307,-0.837233954
1.4308,-0.831702136
1.4309,-1.025050403
1.431,-1.112603435
1.4311,-1.265271756
1.4312,-1.200713181
1.4313,-1.295721425
1.4314,-1.333924592
1.4315,-1.201822528
1.4316,-1.337515899
1.4317,-1.198046797
1.4318,-1.392436087
1.4319000000000002,-0.999276617
1.4320000000000002,-1.186642992
1.4321000000000002,-1.042224707
1.4322000000000001,-0.977120282
1.4323000000000001,-1.044888323
1.4324000000000001,-0.913634262
1.4325,-0.901686652
1.4326,-1.039733902
1.4327,-1.06824277
1.4328,-1.053325091
1.4329,-1.122017947
1.433,-1.062712065
1.4331,-1.178833775
1.4332,-1.29501239
1.4333,-1.283208386
1.4334,-1.521392915
1.4335,-1.413717326
1.4336,-1.328203016
1.4337,-1.229595639
1.4338,-1.254077848
1.4339000000000002,-1.092602265
1.4340000000000002,-1.072451586
1.4341000000000002,-1.113050404
1.4342000000000001,-1.02280452
1.4343000000000001,-0.92752414
1.4344000000000001,-0.959993322
1.4345,-0.783593671
1.4346,-0.995838003
1.4347,-0.900985868
1.4348,-0.901885187
1.4349,-1.031225954
1.435,-1.100210728
1.4351,-1.113629995
1.4352,-1.08645363
1.4353,-1.22325044
1.4354,-1.284277009
1.4355,-1.103092185
1.4356,-1.139492113
1.4357,-1.047988327
1.4358,-1.008721672
1.4359000000000002,-0.82393527
1.4360000000000002,-0.83145727
1.4361000000000002,-0.900436487
1.4362000000000001,-0.73232666
1.4363000000000001,-0.753032636
1.4364000000000001,-0.698635053
1.4365,-0.74735088
1.4366,-0.648426505
1.4367,-0.591312236
1.4368,-0.664993134
1.4369,-0.783554089
1.437,-0.858987994
1.4371,-0.609349148
1.4372,-0.787003117
1.4373,-0.901782165
1.4374,-0.805555537
1.4375,-0.65503592
1.4376,-0.748290354
1.4377,-0.969702825
1.4378,-0.467210032
1.4379000000000002,-0.748178004
1.4380000000000002,-0.531222788
1.4381000000000002,-0.519638453
1.4382000000000001,-0.408173603
1.4383000000000001,-0.257481372
1.4384000000000001,-0.392774251
1.4385000000000001,-0.199561686
1.4386,-0.085167296
1.4387,-0.247444884
1.4388,-0.309890662
1.4389,-0.239828382
1.439,-0.291657732
1.4391,-0.347969732
1.4392,-0.424999431
1.4393,-0.306353078
1.4394,-0.302281996
1.4395,-0.418462897
1.4396,-0.371048746
1.4397,-0.2309284
1.4398,-0.248142224
1.4399000000000002,-0.074211523
1.4400000000000002,0.11744372228930579
1.4401000000000002,0.083718667
1.4402000000000001,0.073855182
1.4403000000000001,0.2732160390318629
1.4404000000000001,0.28265607617431293
1.4405000000000001,0.32119859549264845
1.4406,0.3879289065129055
1.4407,0.4031708366771416
1.4408,0.33277191776843207
1.4409,0.2954970925895824
1.441,0.42967373230948425
1.4411,0.32472829340294873
1.4412,0.26535154701211633
1.4413,0.19048213387410254
1.4414,0.096495231
1.4415,0.28253294963948267
1.4416,0.23863590157885617
1.4417,0.2340606254970465
1.4418,0.32952219753623446
1.4419,0.35167150330638525
1.4420000000000002,0.5993281561161736
1.4421000000000002,0.654881253
1.4422000000000001,0.6939239640381486
1.4423000000000001,0.7433145496275667
1.4424000000000001,0.7434738328387548
1.4425000000000001,0.6597649942797457
1.4426,0.7294640617585324
1.4427,0.776445005
1.4428,0.741578666
1.4429,0.8014456730317284
1.443,0.8020659471286415
1.4431,0.6853294788697556
1.4432,0.7724247523787362
1.4433,0.5722831614419095
1.4434,0.6146944803668375
1.4435,0.6302718738396674
1.4436,0.7496798663897849
1.4437,0.7169045046790588
1.4438,0.7806336106190218
1.4439,0.7101226731014878
1.4440000000000002,0.848662496
1.4441000000000002,1.086002596083561
1.4442000000000002,0.9034408294187336
1.4443000000000001,1.2360563340837467
1.4444000000000001,1.211408989879142
1.4445000000000001,1.1353372612693986
1.4446,1.1321993959301897
1.4447,1.3349390239837073
1.4448,1.2643259758553924
1.4449,1.097988229871932
1.445,1.0678741195427959
1.4451,0.9544556861433937
1.4452,0.97150365
1.4453,0.8723620886292116
1.4454,0.9008564698975743
1.4455,1.050923235189516
1.4456,0.9164533535477224
1.4457,0.8763561246399482
1.4458,0.902292304
1.4459,1.0841534701879902
1.4460000000000002,1.0810151627188624
1.4461000000000002,1.2289896367926658
1.4462000000000002,1.1404991473436072
1.4463000000000001,1.3740448899987097
1.4464000000000001,1.2664155073807186
1.4465000000000001,1.3681962285622096
1.4466,1.3305964108831605
1.4467,1.469165739746899
1.4468,1.3030976383024275
1.4469,1.3906849858089068
1.447,1.2190218642246893
1.4471,1.2268109050021665
1.4472,1.0402457804652248
1.4473,1.0397789960904291
1.4474,1.0801738291439928
1.4475,1.043763701813302
1.4476,1.0216361319590217
1.4477,0.9788649981950462
1.4478,1.0337199954031386
1.4479,1.1898123848592959
1.4480000000000002,1.2644542544960538
1.4481000000000002,1.1668965775791982
1.4482000000000002,1.2058893964297301
1.4483000000000001,1.2321946097837393
1.4484000000000001,1.3937842995816514
1.4485000000000001,1.2569085935415072
1.4486,1.380559089727272
1.4487,1.3236831986686592
1.4488,1.1850805470775962
1.4489,1.2905797422237102
1.449,0.9788635759782245
1.4491,1.1586297539360733
1.4492,0.987109981
1.4493,0.7426303825362937
1.4494,0.998284492
1.4495,0.9294463968348146
1.4496,0.8174251222436757
1.4497,0.7928467405291301
1.4498,0.778400852
1.4499,1.142302692228736
1.4500000000000002,0.9261294500671249
1.4501000000000002,0.9495991807191704
1.4502000000000002,1.1165204589369617
1.4503000000000001,0.9967238868346018
1.4504000000000001,1.0658475280641904
1.4505000000000001,1.2217628065018762
1.4506000000000001,1.1573266553426549
1.4507,1.0485046230621842
1.4508,1.0240948250998474
1.4509,0.9187825270618586
1.451,0.874572568
1.4511,0.7438027445891309
1.4512,0.6894674612684549
1.4513,0.6295633990209928
1.4514,0.5786138384834787
1.4515,0.6969861252021495
1.4516,0.6713674632950087
1.4517,0.5500004625988645
1.4518,0.559645754
1.4519,0.6846783022244747
1.4520000000000002,0.9177546858559776
1.4521000000000002,0.7111548726283392
1.4522000000000002,0.822441472
1.4523000000000001,0.8728859099389816
1.4524000000000001,0.871704928
1.4525000000000001,0.8397353691584123
1.4526000000000001,0.9452333071214005
1.4527,0.8470244909752438
1.4528,0.8203688938525605
1.4529,0.7304271162775196
1.453,0.6793664419016578
1.4531,0.6592364968555365
1.4532,0.5697183730027023
1.4533,0.5915527228795587
1.4534,0.46121068824215977
1.4535,0.2872321387659693
1.4536,0.40521211722427947
1.4537,0.409624658
1.4538,0.5377253461736854
1.4539,0.3496653680819173
1.454,0.5207833001829081
1.4541000000000002,0.47089963979380517
1.4542000000000002,0.6097115647672202
1.4543000000000001,0.5834832063667295
1.4544000000000001,0.6552815126150318
1.4545000000000001,0.5018879915052077
1.4546000000000001,0.6565403459539205
1.4547,0.569472567
1.4548,0.5093917534717598
1.4549,0.5861206644979213
1.455,0.32650810932522656
1.4551,0.3116633355711403
1.4552,0.22570235644346215
1.4553,0.17860555984294094
1.4554,0.30160472897600454
1.4555,0.10886169651497984
1.4556,0.058029765
1.4557,0.271540614
1.4558,0.1317307955642429
1.4559,0.074099785
1.456,0.1956479750748111
1.4561000000000002,0.20777338226084097
1.4562000000000002,0.21022142094460064
1.4563000000000001,0.360570898
1.4564000000000001,0.40373135265300814
1.4565000000000001,0.5050885144603163
1.4566000000000001,0.44289750995899324
1.4567,0.4027091025063655
1.4568,0.2323391502187354
1.4569,0.3110496730966156
1.457,0.2821331786201955
1.4571,0.13314718797323094
1.4572,0.072344009
1.4573,-0.114003299
1.4574,0.036152432
1.4575,0.077662503
1.4576,-0.035842046
1.4577,-0.08733629
1.4578,-0.014877115
1.4579,0.013962893343478534
1.458,0.074456184
1.4581000000000002,0.2109531869545157
1.4582000000000002,0.23136590718867997
1.4583000000000002,0.3278268818054497
1.4584000000000001,0.2999596080705574
1.4585000000000001,0.2054216510288031
1.4586000000000001,0.21927643069984903
1.4587,0.18056164668628533
1.4588,0.1611771654751911
1.4589,0.25875132238177734
1.459,0.20467048434083546
1.4591,0.048379042
1.4592,-0.069764174
1.4593,-0.2373514
1.4594,-0.144085786
1.4595,-0.239493551
1.4596,-0.040845664
1.4597,-0.276123313
1.4598,-0.077364227
1.4599,-0.127028997
1.46,-0.000761215
1.4601000000000002,0.1103753024654634
1.4602000000000002,0.18988046831813735
1.4603000000000002,0.14277964175228447
1.4604000000000001,0.23218473949175034
1.4605000000000001,0.12329535914725724
1.4606000000000001,0.1813295208273909
1.4607,0.20859581542777283
1.4608,0.10583323565307137
1.4609,-0.023798442
1.461,-0.070601906
1.4611,-0.033921742
1.4612,-0.263442341
1.4613,-0.301134143
1.4614,-0.211204692
1.4615,-0.309680177
1.4616,-0.38653206
1.4617,-0.13944646
1.4618,-0.296976801
1.4619,-0.175068943
1.462,-0.152853808
1.4621000000000002,-0.071411229
1.4622000000000002,-0.06885203
1.4623000000000002,0.096930047
1.4624000000000001,0.07054412
1.4625000000000001,0.14349622866706388
1.4626000000000001,-0.000531025
1.4627000000000001,0.18346965623651984
1.4628,-0.190914509
1.4629,-0.228392309
1.463,-0.030587764
1.4631,-0.202331679
1.4632,-0.276485064
1.4633,-0.321500333
1.4634,-0.346848799
1.4635,-0.386664864
1.4636,-0.486620989
1.4637,-0.324156825
1.4638,-0.301364401
1.4639,-0.19322589
1.464,-0.113776185
1.4641000000000002,-0.17607595
1.4642000000000002,-0.254549818
1.4643000000000002,0.019933443714041155
1.4644000000000001,-0.184864144
1.4645000000000001,-0.076719994
1.4646000000000001,-0.144399131
1.4647000000000001,-0.197212455
1.4648,-0.156536691
1.4649,-0.264725334
1.465,-0.316047462
1.4651,-0.495357304
1.4652,-0.51114232
1.4653,-0.614550605
1.4654,-0.609007954
1.4655,-0.624216024
1.4656,-0.469379674
1.4657,-0.621414021
1.4658,-0.738755822
1.4659,-0.413777944
1.466,-0.440206464
1.4661000000000002,-0.437518884
1.4662000000000002,-0.419078983
1.4663000000000002,-0.428543896
1.4664000000000001,-0.182383306
1.4665000000000001,-0.33664029
1.4666000000000001,-0.502843477
1.4667000000000001,-0.379349203
1.4668,-0.366741119
1.4669,-0.519969257
1.467,-0.679978054
1.4671,-0.762562663
1.4672,-0.826089982
1.4673,-0.688935161
1.4674,-0.858560034
1.4675,-1.010690112
1.4676,-0.849665588
1.4677,-0.854505334
1.4678,-0.87125106
1.4679,-0.875003829
1.468,-0.83044327
1.4681,-0.610329728
1.4682000000000002,-0.635396229
1.4683000000000002,-0.586298031
1.4684000000000001,-0.590177367
1.4685000000000001,-0.587258149
1.4686000000000001,-0.67415428
1.4687000000000001,-0.694883998
1.4688,-0.642693662
1.4689,-0.691580442
1.469,-0.977299752
1.4691,-0.970840876
1.4692,-0.955487463
1.4693,-0.928847841
1.4694,-0.977633041
1.4695,-1.205825896
1.4696,-1.04236771
1.4697,-1.12306446
1.4698,-1.011533598
1.4699,-0.987623971
1.47,-1.101117123
1.4701,-0.905069083
1.4702000000000002,-0.823470464
1.4703000000000002,-0.871636806
1.4704000000000002,-0.871387371
1.4705000000000001,-0.977402509
1.4706000000000001,-0.81624472
1.4707000000000001,-0.891807822
1.4708,-1.035373825
1.4709,-1.051934346
1.471,-1.083484029
1.4711,-1.21016186
1.4712,-1.228473724
1.4713,-1.420022583
1.4714,-1.207197081
1.4715,-1.329993853
1.4716,-1.415356531
1.4717,-1.501302021
1.4718,-1.183059319
1.4719,-1.169678272
1.472,-1.139926498
1.4721,-1.029707589
1.4722000000000002,-0.977550243
1.4723000000000002,-0.989544739
1.4724000000000002,-0.999493807
1.4725000000000001,-1.004738234
1.4726000000000001,-0.94900698
1.4727000000000001,-0.900376242
1.4728,-1.065181891
1.4729,-0.994660239
1.473,-1.144310274
1.4731,-1.204591952
1.4732,-1.096969747
1.4733,-1.199480365
1.4734,-1.223371929
1.4735,-1.42830154
1.4736,-1.175854097
1.4737,-1.325402223
1.4738,-1.288258689
1.4739,-1.382001259
1.474,-1.115783509
1.4741,-1.160652366
1.4742000000000002,-0.978941762
1.4743000000000002,-1.053123086
1.4744000000000002,-0.78028649
1.4745000000000001,-0.861970968
1.4746000000000001,-0.724750186
1.4747000000000001,-1.008116306
1.4748,-0.836786592
1.4749,-1.150367188
1.475,-1.040460743
1.4751,-1.158073341
1.4752,-1.187250034
1.4753,-1.224582313
1.4754,-1.271940609
1.4755,-1.295914032
1.4756,-1.206829975
1.4757,-1.11933465
1.4758,-0.976372662
1.4759,-0.974698382
1.476,-0.827331817
1.4761,-0.960764272
1.4762000000000002,-0.80458565
1.4763000000000002,-0.651553145
1.4764000000000002,-0.6348497
1.4765000000000001,-0.703244857
1.4766000000000001,-0.550811939
1.4767000000000001,-0.677416834
1.4768000000000001,-0.721900482
1.4769,-0.656648796
1.477,-0.736652899
1.4771,-0.82012981
1.4772,-0.857565459
1.4773,-0.921440376
1.4774,-0.874158073
1.4775,-0.742170051
1.4776,-0.778363306
1.4777,-0.670049869
1.4778,-0.638107884
1.4779,-0.649217982
1.478,-0.646673135
1.4781,-0.503114458
1.4782000000000002,-0.402672299
1.4783000000000002,-0.340120776
1.4784000000000002,-0.148610776
1.4785000000000001,-0.114694961
1.4786000000000001,-4.32E-06
1.4787000000000001,-0.241083352
1.4788000000000001,-0.070871993
1.4789,-0.101382597
1.479,-0.283171514
1.4791,-0.262467086
1.4792,-0.230673085
1.4793,-0.352601814
1.4794,-0.360814419
1.4795,-0.383398152
1.4796,-0.485671536
1.4797,-0.23621003
1.4798,-0.227734038
1.4799,-0.174532372
1.48,0.033775332
1.4801,-0.027600497
1.4802,0.23543088267414974
1.4803000000000002,0.2805357044670326
1.4804000000000002,0.2648529976001432
1.4805000000000001,0.3281463382644085
1.4806000000000001,0.25468538915024497
1.4807000000000001,0.4079149327240609
1.4808000000000001,0.344920884
1.4809,0.32129951429358206
1.481,0.304741643
1.4811,0.17729074037894726
1.4812,0.077143196
1.4813,0.2565711281967592
1.4814,0.23205216327433079
1.4815,0.14951333450309937
1.4816,0.2598211857718019
1.4817,0.3808720217004002
1.4818,0.44006949807005324
1.4819,0.383801402
1.482,0.3956409490424026
1.4821,0.4948610746838515
1.4822,0.6544552860793699
1.4823000000000002,0.8637227661805202
1.4824000000000002,0.7396517100474722
1.4825000000000002,0.7824645775396887
1.4826000000000001,0.7931453256419084
1.4827000000000001,0.7933181681477198
1.4828000000000001,0.812117829
1.4829,0.6758928090982208
1.483,0.8238952442770271
1.4831,0.6840189301409483
1.4832,0.8580421635469795
1.4833,0.5410292991248978
1.4834,0.7527267442527271
1.4835,0.74565848
1.4836,0.6293702393754169
1.4837,0.6768286890314918
1.4838,0.6962442721640648
1.4839,0.7697244082830552
1.484,0.9206065570137734
1.4841,0.999982093
1.4842,0.941279789
1.4843000000000002,1.3120973477553215
1.4844000000000002,1.1506744821897383
1.4845000000000002,1.2003879497158803
1.4846000000000001,1.148664319369673
1.4847000000000001,1.161901836868552
1.4848000000000001,1.122783262437577
1.4849,1.107309057529305
1.485,1.0559395883522658
1.4851,1.0705395028995877
1.4852,0.9788985268807587
1.4853,0.9826170253466633
1.4854,0.9063550460871046
1.4855,0.9245970892168116
1.4856,0.9047980226571276
1.4857,1.0404468138889098
1.4858,1.0374118626733682
1.4859,1.061338061237893
1.486,1.1268539643140754
1.4861,1.2005222381342138
1.4862,1.2724949086879773
1.4863000000000002,1.3143159911351838
1.4864000000000002,1.3065213647072254
1.4865000000000002,1.4256844922414846
1.4866000000000001,1.4239067476821836
1.4867000000000001,1.4744031697965938
1.4868000000000001,1.2410881275765548
1.4869,1.2883623279719905
1.487,1.0214314869169854
1.4871,1.1791018764188281
1.4872,0.9404230677785534
1.4873,0.9333922638453639
1.4874,1.0092603683437118
1.4875,0.9216469830927925
1.4876,0.9184883889039959
1.4877,0.9663145030182517
1.4878,1.1047921942612402
1.4879,1.0241681970175243
1.488,1.1524489654595989
1.4881,1.1840330931583494
1.4882,1.3309813760843854
1.4883000000000002,1.372359053172038
1.4884000000000002,1.180585706528377
1.4885000000000002,1.414875348807651
1.4886000000000001,1.266290344728851
1.4887000000000001,1.298931347106653
1.4888000000000001,1.1535751953961146
1.4889000000000001,1.195161765332484
1.489,1.2999522049160934
1.4891,1.0360403908580964
1.4892,0.9248112939519365
1.4893,0.8899347922949924
1.4894,0.7534117248700286
1.4895,0.9675864593903679
1.4896,0.8767127055244167
1.4897,0.786112553
1.4898,0.8226207285321363
1.4899,0.9502895896158972
1.49,1.0745596314669181
1.4901,0.9586070729802405
1.4902,1.1841596763382696
1.4903000000000002,1.1204246800188826
1.4904000000000002,1.0699519291392117
1.4905000000000002,1.104750036843195
1.4906000000000001,1.2600741179275026
1.4907000000000001,0.9683571529177528
1.4908000000000001,0.9640788547895626
1.4909000000000001,1.0303868562485559
1.491,0.8968489560402845
1.4911,0.7414483897333353
1.4912,0.8130700657397519
1.4913,0.7594013086780999
1.4914,0.6631939601134063
1.4915,0.5644815184821441
1.4916,0.5730937023472394
1.4917,0.6473636092939558
1.4918,0.5502429320786387
1.4919,0.803483224
1.492,0.8813484050868137
1.4921,0.7744949009366051
1.4922,0.8638277823950419
1.4923000000000002,0.9606524402695649
1.4924000000000002,1.0368411691576074
1.4925000000000002,1.0009506659352212
1.4926000000000001,0.7139839082767773
1.4927000000000001,0.7854235060736106
1.4928000000000001,0.7927595280716758
1.4929000000000001,0.6437393365519615
1.493,0.7504719157603065
1.4931,0.6628340440418982
1.4932,0.3979604443590012
1.4933,0.39257640451936554
1.4934,0.3038590548343779
1.4935,0.3251776053596705
1.4936,0.31939256593316634
1.4937,0.4291304766836056
1.4938,0.3130245806563281
1.4939,0.2176980810194716
1.494,0.3477837670927777
1.4941,0.4431211383585811
1.4942,0.5162526293192661
1.4943,0.615636892
1.4944000000000002,0.5305404958374761
1.4945000000000002,0.5178269991709218
1.4946000000000002,0.5187264340172452
1.4947000000000001,0.4637354861496903
1.4948000000000001,0.4528568233864206
1.4949000000000001,0.3823194088386067
1.495,0.4122313265444569
1.4951,0.20511975078371628
1.4952,0.1890729702540051
1.4953,0.11916061263040612
1.4954,0.18857121468755356
1.4955,0.091414787
1.4956,0.18746788660650965
1.4957,0.029678777
1.4958,0.15239656812464739
1.4959,0.15644275510140832
1.496,0.15683178375818058
1.4961,0.3020994985053953
1.4962,0.4928528789085171
1.4963,0.3213793936495315
1.4964000000000002,0.3991522313279028
1.4965000000000002,0.305667752
1.4966000000000002,0.2758071592417304
1.4967000000000001,0.2930221715085804
1.4968000000000001,0.2677973097041377
1.4969000000000001,0.2078083688650731
1.497,0.15275255050204153
1.4971,-0.030285095
1.4972,-0.011533091
1.4973,0.027312763
1.4974,-0.156862038
1.4975,-0.093215597
1.4976,-0.038250737
1.4977,-0.102369062
1.4978,0.025404425
1.4979,-0.074093552
1.498,0.17436812190697532
1.4981,0.18837860050641272
1.4982,0.21346201053575867
1.4983,0.33749739543216456
1.4984000000000002,0.2439394797493414
1.4985000000000002,0.22512019995010235
1.4986000000000002,0.369135335
1.4987000000000001,0.3728501966881458
1.4988000000000001,0.12061975511516657
1.4989000000000001,0.10607476809989176
1.499,0.13188192047002556
1.4991,-0.024800654
1.4992,-0.031698197
1.4993,-0.065986934
1.4994,-0.206670816
1.4995,-0.142750994
1.4996,-0.171782831
1.4997,-0.244984345
1.4998,-0.187295185
1.4999,-0.109283201
1.5,0.074281588
1.5001,0.13399850022539653
1.5002,0.16811600668123566
1.5003,0.1828437140880162
1.5004000000000002,0.20431352004971445
1.5005000000000002,0.19849780300060976
1.5006000000000002,0.19429421447923234
1.5007000000000001,0.16644822896582145
1.5008000000000001,-0.033088496
1.5009000000000001,-0.044670718
1.5010000000000001,-0.130592247
1.5011,-0.026602626
1.5012,-0.043766763
1.5013,-0.399112766
1.5014,-0.134146624
1.5015,-0.267610979
1.5016,-0.189269819
1.5017,-0.206994581
1.5018,-0.093777174
1.5019,-0.142335147
1.502,-0.212368513
1.5021,-0.056050541
1.5022,0.043170010313633794
1.5023,0.022510819836177975
1.5024000000000002,0.11429677542161482
1.5025000000000002,0.05954815
1.5026000000000002,0.000561687
1.5027000000000001,-0.074050356
1.5028000000000001,-0.069887837
1.5029000000000001,-0.085215785
1.5030000000000001,-0.327585896
1.5031,-0.302661125
1.5032,-0.463531314
1.5033,-0.405368346
1.5034,-0.296760202
1.5035,-0.505535592
1.5036,-0.35309585
1.5037,-0.161706088
1.5038,-0.237935608
1.5039,-0.296819311
1.504,-0.186240715
1.5041,-0.312088661
1.5042,-0.282219069
1.5043,-0.119572542
1.5044000000000002,-0.071523304
1.5045000000000002,-0.016204786
1.5046000000000002,-0.169361388
1.5047000000000001,-0.147290788
1.5048000000000001,-0.204951776
1.5049000000000001,-0.29479363
1.5050000000000001,-0.362904771
1.5051,-0.498478761
1.5052,-0.47483973
1.5053,-0.537383808
1.5054,-0.628283169
1.5055,-0.561453105
1.5056,-0.534697481
1.5057,-0.546472836
1.5058,-0.652103422
1.5059,-0.517413606
1.506,-0.549061739
1.5061,-0.41931367
1.5062,-0.45670469
1.5063,-0.250616777
1.5064,-0.274760636
1.5065000000000002,-0.248548736
1.5066000000000002,-0.279685619
1.5067000000000002,-0.427216383
1.5068000000000001,-0.497283635
1.5069000000000001,-0.393146124
1.5070000000000001,-0.621060148
1.5071,-0.791643172
1.5072,-0.672107129
1.5073,-0.799165748
1.5074,-0.732351379
1.5075,-0.856954585
1.5076,-0.881996421
1.5077,-0.743698612
1.5078,-0.958416731
1.5079,-0.840200273
1.508,-0.816320716
1.5081,-0.872866816
1.5082,-0.585343143
1.5083,-0.669182997
1.5084,-0.537328629
1.5085000000000002,-0.582346326
1.5086000000000002,-0.588111309
1.5087000000000002,-0.714849608
1.5088000000000001,-0.797026458
1.5089000000000001,-0.797566785
1.5090000000000001,-0.805998938
1.5091,-0.95821073
1.5092,-1.078785197
1.5093,-1.175335667
1.5094,-1.103856767
1.5095,-1.186490674
1.5096,-1.150110647
1.5097,-1.146857667
1.5098,-1.130641407
1.5099,-1.027181981
1.51,-0.955639673
1.5101,-0.791844684
1.5102,-0.843288775
1.5103,-0.742529799
1.5104,-0.917170087
1.5105000000000002,-0.979744978
1.5106000000000002,-0.872088542
1.5107000000000002,-0.839865512
1.5108000000000001,-0.905506174
1.5109000000000001,-0.92895662
1.5110000000000001,-1.298767917
1.5111,-1.065232846
1.5112,-1.201850885
1.5113,-1.403549039
1.5114,-1.25726851
1.5115,-1.317707989
1.5116,-1.296909906
1.5117,-1.224596581
1.5118,-1.230968085
1.5119,-1.332151604
1.512,-1.168223456
1.5121,-1.228211042
1.5122,-0.994497164
1.5123,-0.893262165
1.5124,-1.078472827
1.5125000000000002,-1.025084007
1.5126000000000002,-1.053271888
1.5127000000000002,-1.048451174
1.5128000000000001,-1.023955784
1.5129000000000001,-1.148223961
1.5130000000000001,-1.121960058
1.5131000000000001,-1.149816848
1.5132,-1.201237764
1.5133,-1.42114911
1.5134,-1.246786353
1.5135,-1.247206665
1.5136,-1.227014303
1.5137,-1.331450065
1.5138,-1.330206793
1.5139,-1.288000681
1.514,-1.230029166
1.5141,-1.073048817
1.5142,-0.94377392
1.5143,-0.8556732
1.5144,-0.962947047
1.5145000000000002,-0.909191946
1.5146000000000002,-0.915474916
1.5147000000000002,-0.977096804
1.5148000000000001,-0.90186097
1.5149000000000001,-0.977122335
1.5150000000000001,-1.045760927
1.5151000000000001,-1.078879056
1.5152,-1.102177412
1.5153,-1.134827638
1.5154,-1.265842511
1.5155,-1.123432684
1.5156,-1.151006541
1.5157,-1.163386217
1.5158,-1.050729835
1.5159,-0.970768216
1.516,-0.83411234
1.5161,-0.926202573
1.5162,-0.663949349
1.5163,-0.70658023
1.5164,-0.70279722
1.5165000000000002,-0.677291496
1.5166000000000002,-0.705646871
1.5167000000000002,-0.77418817
1.5168000000000001,-0.605519407
1.5169000000000001,-0.537133704
1.5170000000000001,-0.866555676
1.5171000000000001,-0.854331056
1.5172,-0.752889322
1.5173,-0.839507585
1.5174,-0.775744674
1.5175,-0.838308448
1.5176,-0.844377543
1.5177,-0.764804764
1.5178,-0.869960521
1.5179,-0.691717034
1.518,-0.438879483
1.5181,-0.333614121
1.5182,-0.236480149
1.5183,-0.244964599
1.5184,-0.40757788
1.5185000000000002,-0.243142561
1.5186000000000002,-0.070982236
1.5187000000000002,-0.050141319
1.5188000000000001,-0.089656038
1.5189000000000001,-0.247584171
1.5190000000000001,-0.369116482
1.5191000000000001,-0.303602045
1.5192,-0.328747183
1.5193,-0.222642659
1.5194,-0.331679773
1.5195,-0.331876664
1.5196,-0.290988843
1.5197,-0.209859053
1.5198,-0.120829284
1.5199,-0.146467477
1.52,-0.084609632
1.5201,0.19814916357639345
1.5202,0.039661188
1.5203,0.37286755598243726
1.5204,0.14401415875550802
1.5205,0.28644786786544707
1.5206000000000002,0.42765139432924215
1.5207000000000002,0.34791519558115486
1.5208000000000002,0.22461360022958826
1.5209000000000001,0.33446577025641866
1.5210000000000001,0.2699507604154828
1.5211000000000001,0.21140011041502024
1.5212,0.14875407430428506
1.5213,0.17721717824125555
1.5214,0.1304009612291417
1.5215,0.38710465227271773
1.5216,0.20789099769609726
1.5217,0.2503335902975023
1.5218,0.30564254218425585
1.5219,0.5711221760325226
1.522,0.38361648244560326
1.5221,0.6289928796036465
1.5222,0.6602501693656069
1.5223,0.6328653871461044
1.5224,0.7324012367896746
1.5225,0.8555271252928329
1.5226000000000002,0.7733467559188669
1.5227000000000002,0.8566217461083698
1.5228000000000002,0.9513482352900975
1.5229000000000001,0.7919448772398392
1.5230000000000001,0.6208654494888246
1.5231000000000001,0.6278609154338867
1.5232,0.636878938
1.5233,0.6067361694892786
1.5234,0.6376985581159866
1.5235,0.6593462835481365
1.5236,0.8007471964925587
1.5237,0.7081359649054736
1.5238,0.6777725417044684
1.5239,0.9348146127220303
1.524,1.0216969991381646
1.5241,1.0169218617082265
1.5242,1.0497566588897573
1.5243,1.1784206340930798
1.5244,1.1545494456683747
1.5245,1.0306822532362878
1.5246000000000002,1.2438412566805785
1.5247000000000002,1.2546427181538145
1.5248000000000002,1.2667004897673881
1.5249000000000001,1.0490828161592078
1.5250000000000001,1.0752000064555078
1.5251000000000001,1.0259741596444543
1.5252000000000001,0.9675515366890886
1.5253,0.9354628667776552
1.5254,0.9101107930616708
1.5255,0.9230368369349693
1.5256,0.9833569599913945
1.5257,1.0578208771085955
1.5258,0.9510954746566836
1.5259,1.0601999412159646
1.526,1.1080781254870844
1.5261,1.1640075968578796
1.5262,1.1407768815694121
1.5263,1.3207626757008777
1.5264,1.3895743266877252
1.5265,1.3520844676681099
1.5266000000000002,1.3569440365665908
1.5267000000000002,1.3651695769973164
1.5268000000000002,1.4022680800411496
1.5269000000000001,1.2014660675978885
1.5270000000000001,1.0804335030729755
1.5271000000000001,1.105543219
1.5272000000000001,1.207634538048647
1.5273,0.919266707
1.5274,1.0346931976688951
1.5275,1.063999964269386
1.5276,0.7899139321527163
1.5277,1.0379175867067465
1.5278,1.0946949658735348
1.5279,1.077412612620645
1.528,1.1050662697103182
1.5281,1.167072607719494
1.5282,1.2391046347079429
1.5283,1.2803576303103545
1.5284,1.2881460869027161
1.5285,1.3037085750919186
1.5286000000000002,1.4104141631532539
1.5287000000000002,1.1828736689056487
1.5288000000000002,1.0887632207651174
1.5289000000000001,1.2620138056943522
1.5290000000000001,1.0804828678790597
1.5291000000000001,0.9948085625567694
1.5292000000000001,0.9527017414650975
1.5293,0.9252498271313059
1.5294,0.8290100232795672
1.5295,0.8921438867089916
1.5296,0.7747010510120015
1.5297,0.8458782915205035
1.5298,0.726750491
1.5299,1.0428459700730064
1.53,0.9859129842751599
1.5301,1.1042945930182568
1.5302,1.133212895730121
1.5303,1.1717404666051063
1.5304,1.1437493576538211
1.5305,1.1732234623881839
1.5306000000000002,1.0432870547481352
1.5307000000000002,0.9857199353429398
1.5308000000000002,1.014541816584751
1.5309000000000001,0.8997980590461776
1.5310000000000001,0.9935695264238464
1.5311000000000001,0.8347592095384515
1.5312000000000001,0.6785680956209869
1.5313,0.6566944149441638
1.5314,0.6473232331909724
1.5315,0.6080330089969058
1.5316,0.6314977545686967
1.5317,0.6300818876271187
1.5318,0.543944717
1.5319,0.5251880682746081
1.532,0.7154429544012951
1.5321,0.8382107053317803
1.5322,0.8063499002355623
1.5323,0.964713406
1.5324,0.8766453661282977
1.5325,0.9849678442361673
1.5326000000000002,0.9449791844866458
1.5327000000000002,0.8947707503537072
1.5328000000000002,0.6564235372163748
1.5329000000000002,0.6846479737418752
1.5330000000000001,0.7056724551557427
1.5331000000000001,0.5542716081982336
1.5332000000000001,0.5075836480595336
1.5333,0.29453742170261865
1.5334,0.5173265801782152
1.5335,0.277477929
1.5336,0.17787314253986877
1.5337,0.32469978447779513
1.5338,0.18830304563342135
1.5339,0.34022803783272487
1.534,0.6808281603198272
1.5341,0.4949820051747744
1.5342,0.4544849830007206
1.5343,0.6026867704600133
1.5344,0.5450997086771606
1.5345,0.6838765823656472
1.5346,0.5219186450785736
1.5347000000000002,0.5746465030533521
1.5348000000000002,0.4054515999801931
1.5349000000000002,0.6380246520933603
1.5350000000000001,0.39739667878863666
1.5351000000000001,0.272641638
1.5352000000000001,0.19424404046980193
1.5353,0.11847442836373759
1.5354,0.062987338
1.5355,0.040685391
1.5356,0.23767845677155547
1.5357,0.077659274
1.5358,-0.014007616
1.5359,0.10923661879349822
1.536,0.3291334411890514
1.5361,0.2873144572569799
1.5362,0.3434921302387159
1.5363,0.483197254
1.5364,0.34717530274112496
1.5365,0.4612396990204992
1.5366,0.3391147290110817
1.5367000000000002,0.40207248879613944
1.5368000000000002,0.27250513057296577
1.5369000000000002,0.2209310781510155
1.5370000000000001,0.23644524430918284
1.5371000000000001,0.1614235012639497
1.5372000000000001,0.025308367
1.5373,-0.050557808
1.5374,0.079729375
1.5375,-0.017657476
1.5376,-0.092969582
1.5377,-0.092034457
1.5378,0.080074274
1.5379,0.056828557428741856
1.538,0.090207916
1.5381,0.16831255590401292
1.5382,0.23603252822603546
1.5383,0.2429768215331927
1.5384,0.36658235383569115
1.5385,0.3752957670440218
1.5386,0.3018828421440025
1.5387000000000002,0.33556645174895394
1.5388000000000002,0.17677451305556574
1.5389000000000002,0.17040070746896605
1.5390000000000001,0.12863502251876668
1.5391000000000001,0.062974008
1.5392000000000001,-0.005985346
1.5393000000000001,-0.077924087
1.5394,-0.005116201
1.5395,-0.21946863
1.5396,-0.183705078
1.5397,-0.164795696
1.5398,-0.137568345
1.5399,-0.216191611
1.54,0.10998918445652438
1.5401,-0.024993389
1.5402,0.12170816591526938
1.5403,0.033885964
1.5404,0.22094467393475825
1.5405,0.11346128416102279
1.5406,0.070809496
1.5407000000000002,0.14396669943127033
1.5408000000000002,0.023206511
1.5409000000000002,-0.027383674
1.5410000000000001,-0.034535348
1.5411000000000001,-0.051175071
1.5412000000000001,-0.241566811
1.5413000000000001,-0.30488433
1.5414,-0.257453099
1.5415,-0.231408483
1.5416,-0.153266989
1.5417,-0.333218321
1.5418,-0.234446146
1.5419,-0.06505166
1.542,0.054555407
1.5421,-0.12704383
1.5422,-0.057187427
1.5423,0.070275716
1.5424,0.015458786273936584
1.5425,0.004065401
1.5426,0.067760081
1.5427000000000002,0.1367815109397535
1.5428000000000002,-0.14330119
1.5429000000000002,0.018285211972891735
1.5430000000000001,-0.216816089
1.5431000000000001,-0.212591658
1.5432000000000001,-0.176527893
1.5433000000000001,-0.32997647
1.5434,-0.416344665
1.5435,-0.353192231
1.5436,-0.423201926
1.5437,-0.347904014
1.5438,-0.370593138
1.5439,-0.23860815
1.544,-0.366454007
1.5441,-0.283595766
1.5442,-0.269060171
1.5443,-0.126382745
1.5444,-0.225775206
1.5445,-0.159103655
1.5446,-0.212461105
1.5447000000000002,-0.044388329
1.5448000000000002,-0.296935129
1.5449000000000002,-0.387205758
1.5450000000000002,-0.337239698
1.5451000000000001,-0.295156708
1.5452000000000001,-0.506501689
1.5453000000000001,-0.556085351
1.5454,-0.489821631
1.5455,-0.544456699
1.5456,-0.58289081
1.5457,-0.647250198
1.5458,-0.532231324
1.5459,-0.634247995
1.546,-0.526041258
1.5461,-0.312521037
1.5462,-0.279942339
1.5463,-0.317791068
1.5464,-0.491775452
1.5465,-0.437445603
1.5466,-0.41818118
1.5467,-0.419304329
1.5468000000000002,-0.563267748
1.5469000000000002,-0.552189128
1.5470000000000002,-0.466466957
1.5471000000000001,-0.65120985
1.5472000000000001,-0.735198338
1.5473000000000001,-0.892072235
1.5474,-0.983945692
1.5475,-0.974647873
1.5476,-1.014747434
1.5477,-0.859785456
1.5478,-0.804628559
1.5479,-0.870594485
1.548,-0.733498131
1.5481,-0.579740928
1.5482,-0.49858147
1.5483,-0.562956696
1.5484,-0.623745312
1.5485,-0.554424906
1.5486,-0.528537908
1.5487,-0.838995901
1.5488000000000002,-0.617321084
1.5489000000000002,-0.848314601
1.5490000000000002,-0.922329429
1.5491000000000001,-0.982574407
1.5492000000000001,-0.99702356
1.5493000000000001,-1.16831456
1.5494,-1.142974931
1.5495,-1.100143094
1.5496,-1.1268857
1.5497,-1.097290203
1.5498,-1.121004426
1.5499,-0.995189469
1.55,-0.91548671
1.5501,-0.869351854
1.5502,-0.869717373
1.5503,-0.794912977
1.5504,-0.78199721
1.5505,-0.637548764
1.5506,-0.773488756
1.5507,-0.915607222
1.5508000000000002,-1.034533454
1.5509000000000002,-1.046758366
1.5510000000000002,-1.122387077
1.5511000000000001,-1.124557192
1.5512000000000001,-1.284708394
1.5513000000000001,-1.184653797
1.5514000000000001,-1.426315858
1.5515,-1.461868606
1.5516,-1.338217531
1.5517,-1.371930037
1.5518,-1.366048823
1.5519,-1.265291192
1.552,-1.217700221
1.5521,-1.097988682
1.5522,-1.096059778
1.5523,-1.048230533
1.5524,-0.979545927
1.5525,-0.89022758
1.5526,-0.865022705
1.5527,-1.000317347
1.5528000000000002,-1.038906187
1.5529000000000002,-1.127433393
1.5530000000000002,-1.135662583
1.5531000000000001,-1.203829681
1.5532000000000001,-1.18331069
1.5533000000000001,-1.482790993
1.5534000000000001,-1.376420488
1.5535,-1.337357258
1.5536,-1.353331414
1.5537,-1.393958722
1.5538,-1.374008729
1.5539,-1.144755591
1.554,-1.202440843
1.5541,-1.214376089
1.5542,-0.94307624
1.5543,-0.923479243
1.5544,-0.933372405
1.5545,-0.979261012
1.5546,-0.916215227
1.5547,-0.829027376
1.5548000000000002,-1.089896875
1.5549000000000002,-1.131268404
1.5550000000000002,-1.107328007
1.5551000000000001,-1.109674987
1.5552000000000001,-1.191116863
1.5553000000000001,-1.131837274
1.5554000000000001,-1.111656598
1.5555,-1.172837466
1.5556,-1.126601243
1.5557,-1.106848958
1.5558,-1.068707563
1.5559,-1.10181111
1.556,-1.00289437
1.5561,-0.9505836
1.5562,-0.781828481
1.5563,-0.689851296
1.5564,-0.778245951
1.5565,-0.628543244
1.5566,-0.695554757
1.5567,-0.720450926
1.5568000000000002,-0.709739351
1.5569000000000002,-0.785242736
1.5570000000000002,-0.688613718
1.5571000000000002,-0.791737177
1.5572000000000001,-0.747798852
1.5573000000000001,-0.87133634
1.5574000000000001,-0.874953098
1.5575,-0.680300195
1.5576,-0.927772181
1.5577,-0.643978896
1.5578,-0.547031444
1.5579,-0.538972886
1.558,-0.54117947
1.5581,-0.314813943
1.5582,-0.374714343
1.5583,-0.336696993
1.5584,-0.258153837
1.5585,-0.237957538
1.5586,-0.25268454
1.5587,-0.091185031
1.5588000000000002,-0.260543726
1.5589000000000002,-0.231055733
1.5590000000000002,-0.380092164
1.5591000000000002,-0.297886663
1.5592000000000001,-0.422405828
1.5593000000000001,-0.44232671
1.5594000000000001,-0.358646109
1.5595,-0.248653377
1.5596,-0.26163536
1.5597,-0.201118128
1.5598,-0.181337866
1.5599,-0.115355703
1.56,0.063291251
1.5601,0.043450308878456044
1.5602,0.23769922372769406
1.5603,0.34072351436074116
1.5604,0.22955751189778303
1.5605,0.27765551884128375
1.5606,0.3062474361694446
1.5607,0.23053083439463445
1.5608,0.2923795259998607
1.5609000000000002,0.4044674969039928
1.5610000000000002,0.18094436968471417
1.5611000000000002,0.33469966218261465
1.5612000000000001,0.16399230093060535
1.5613000000000001,0.34910850917198566
1.5614000000000001,0.12240964496007739
1.5615,0.18082348277902321
1.5616,0.1542777246260875
1.5617,0.2252180847161252
1.5618,0.4560277671720383
1.5619,0.46692904341668695
1.562,0.5970472550113688
1.5621,0.4949911417724187
1.5622,0.731779643
1.5623,0.66902193
1.5624,0.6909418619760791
1.5625,0.8492720968886606
1.5626,0.8607812801642238
1.5627,0.8401242947548264
1.5628,0.8704206500054431
1.5629000000000002,0.8481821284730647
1.5630000000000002,0.8547247949063755
1.5631000000000002,0.6003771765172617
1.5632000000000001,0.7798726972049801
1.5633000000000001,0.7854998981844497
1.5634000000000001,0.5962390491905852
1.5635000000000001,0.500871514
1.5636,0.551625047
1.5637,0.6714854276378721
1.5638,0.9310794246790728
1.5639,0.8438765223184975
1.564,0.8712803036556405
1.5641,0.9434942335190899
1.5642,0.963650425
1.5643,1.198583004263649
1.5644,1.1640703311852205
1.5645,1.363125328319487
1.5646,1.2490200657569057
1.5647,1.249657505280463
1.5648,1.1320451248778278
1.5649000000000002,1.0202610645414478
1.5650000000000002,0.9872203027601805
1.5651000000000002,0.8966104395051757
1.5652000000000001,1.033552509498305
1.5653000000000001,0.895481169
1.5654000000000001,0.9833399549988532
1.5655000000000001,0.9169700369929374
1.5656,0.9006770088101637
1.5657,0.8666296483444258
1.5658,1.0357326869492691
1.5659,1.0564934082831963
1.566,1.214061489314629
1.5661,1.1520285313639294
1.5662,1.3193480166735891
1.5663,1.450092752530395
1.5664,1.373033170296911
1.5665,1.4273157640393714
1.5666,1.403411887972582
1.5667,1.4835419415260314
1.5668,1.319103338163633
1.5669000000000002,1.2910439380986547
1.5670000000000002,1.1712603899383145
1.5671000000000002,1.0508273483624475
1.5672000000000001,0.9602955821246274
1.5673000000000001,1.1134926773820744
1.5674000000000001,0.9020135923150392
1.5675000000000001,1.0310360659092506
1.5676,1.0124380001349305
1.5677,1.0785226124097815
1.5678,1.0052451531011055
1.5679,1.035541035572466
1.568,1.1870511016453884
1.5681,1.190938262
1.5682,1.1669078474495658
1.5683,1.4596073562325516
1.5684,1.2640955970462249
1.5685,1.2517759783477105
1.5686,1.2957799557912089
1.5687,1.3802566567516599
1.5688,1.0553490911770351
1.5689000000000002,1.2590616862815487
1.5690000000000002,1.0229264085098848
1.5691000000000002,1.0470291651639378
1.5692000000000002,0.9075185544257258
1.5693000000000001,1.067861039389183
1.5694000000000001,0.8809037283804473
1.5695000000000001,0.7950220724699042
1.5696,0.827594751
1.5697,0.8771953517405182
1.5698,0.91814032
1.5699,0.9841679979656964
1.57,0.9998876313854359
1.5701,0.9405132723504999
1.5702,1.067865515316781
1.5703,1.1762880341627202
1.5704,1.090780775429417
1.5705,1.195987773344915
1.5706,1.1227272583937593
1.5707,1.0619950073000894
1.5708,1.1181618026685958
1.5709000000000002,0.8151296539269998
1.5710000000000002,0.8255067207026191
1.5711000000000002,0.9033419519682611
1.5712000000000002,0.8822905398828297
1.5713000000000001,0.8612970487983084
1.5714000000000001,0.6407111490590096
1.5715000000000001,0.6501050358580569
1.5716,0.6751522981128325
1.5717,0.7265955458428471
1.5718,0.6802446117496856
1.5719,0.771352348
1.572,0.7821135820283058
1.5721,0.8351492042766668
1.5722,0.7618698840485665
1.5723,0.8394511792914324
1.5724,0.8385747662260075
1.5725,0.7812805228097214
1.5726,0.7206984914086736
1.5727,0.7767776012524475
1.5728,0.7315938818381226
1.5729,0.6916796863865202
1.5730000000000002,0.652309603
1.5731000000000002,0.5475338097059596
1.5732000000000002,0.44268196145723404
1.5733000000000001,0.3323583008496561
1.5734000000000001,0.43398891352963187
1.5735000000000001,0.33264210350500045
1.5736,0.3027239702792995
1.5737,0.3378735009107896
1.5738,0.3254822059668018
1.5739,0.38458413554304194
1.574,0.4311505486083466
1.5741,0.502398274
1.5742,0.6211683529846231
1.5743,0.6332319050179165
1.5744,0.7406630008622056
1.5745,0.7116533737606883
1.5746,0.7495959692882445
1.5747,0.5977204846162723
1.5748,0.5406647407199785
1.5749,0.3911091382992428
1.5750000000000002,0.4231879729861728
1.5751000000000002,0.23179274718582044
1.5752000000000002,0.10004425856969637
1.5753000000000001,0.28486829840355316
1.5754000000000001,0.023925889
1.5755000000000001,0.1388652722895144
1.5756000000000001,0.032985639
1.5757,0.21200180060544888
1.5758,0.2573818956610878
1.5759,0.24484826105783142
1.576,0.3546246483471261
1.5761,0.30808734785069075
1.5762,0.532952633
1.5763,0.4493053165631596
1.5764,0.3373045051049834
1.5765,0.4162148179495543
1.5766,0.38034521889686546
1.5767,0.3359684331811085
1.5768,0.1712248124026825
1.5769,0.27120417569504013
1.5770000000000002,0.059974313
1.5771000000000002,-0.100451066
1.5772000000000002,0.011021514845148392
1.5773000000000001,-0.073299407
1.5774000000000001,-0.117125393
1.5775000000000001,-0.313051617
1.5776000000000001,-0.129745668
1.5777,-0.053679057
1.5778,-0.052649842
1.5779,0.078584045
1.578,0.2147050079506299
1.5781,0.20042393707933484
1.5782,0.2911203217831626
1.5783,0.33624208849958404
1.5784,0.1887785431229418
1.5785,0.309677864
1.5786,0.3389443808770639
1.5787,0.19071209426548336
1.5788,0.11284463960231811
1.5789,0.15760674380601059
1.5790000000000002,-0.070251793
1.5791000000000002,-0.105589421
1.5792000000000002,-0.132605785
1.5793000000000001,-0.092378085
1.5794000000000001,-0.144173448
1.5795000000000001,-0.093703297
1.5796000000000001,-0.24503702
1.5797,-0.225672696
1.5798,-0.066210016
1.5799,-0.1209832
1.58,-0.048280313
1.5801,-0.09145134
1.5802,0.13139065332859673
1.5803,0.2709380955720616
1.5804,0.088944302
1.5805,0.25802925597384563
1.5806,0.1569345635663721
1.5807,-0.012813949
1.5808,0.007687129
1.5809,-0.057968333
1.5810000000000002,-0.07360074
1.5811000000000002,-0.081613084
1.5812000000000002,-0.028180945
1.5813000000000001,-0.340080596
1.5814000000000001,-0.298113984
1.5815000000000001,-0.346227157
1.5816000000000001,-0.371725761
1.5817,-0.239876138
1.5818,-0.208890379
1.5819,-0.30421873
1.582,-0.101840114
1.5821,-0.14402823
1.5822,0.002863744
1.5823,0.14134742741541373
1.5824,0.098723675
1.5825,0.079005309
1.5826,0.005901172
1.5827,0.018177326708213586
1.5828,0.006517732
1.5829,-0.064448209
1.5830000000000002,-0.178772053
1.5831000000000002,-0.222864906
1.5832000000000002,-0.409120896
1.5833000000000002,-0.4147493
1.5834000000000001,-0.335940601
1.5835000000000001,-0.343283645
1.5836000000000001,-0.401860743
1.5837,-0.271294839
1.5838,-0.313577105
1.5839,-0.326150583
1.584,-0.352495692
1.5841,-0.087415376
1.5842,-0.0947205
1.5843,0.021996523052271455
1.5844,0.069935648
1.5845,-0.206712354
1.5846,-0.226607116
1.5847,-0.39181842
1.5848,-0.14421173
1.5849,-0.231763487
1.5850000000000002,-0.349284461
1.5851000000000002,-0.528193059
1.5852000000000002,-0.504339018
1.5853000000000002,-0.538211367
1.5854000000000001,-0.530464174
1.5855000000000001,-0.592876093
1.5856000000000001,-0.563819905
1.5857,-0.610593409
1.5858,-0.474189405
1.5859,-0.474846861
1.586,-0.571101859
1.5861,-0.31590042
1.5862,-0.286056032
1.5863,-0.315551865
1.5864,-0.314969737
1.5865,-0.208098955
1.5866,-0.494488415
1.5867,-0.306270444
1.5868,-0.501331392
1.5869,-0.444869835
1.587,-0.598220508
1.5871000000000002,-0.782710802
1.5872000000000002,-0.792426053
1.5873000000000002,-0.728929475
1.5874000000000001,-0.86964354
1.5875000000000001,-0.926110992
1.5876000000000001,-0.930650067
1.5877000000000001,-0.814408483
1.5878,-0.695288621
1.5879,-0.964641959
1.588,-0.521276922
1.5881,-0.680960735
1.5882,-0.608779326
1.5883,-0.659490464
1.5884,-0.610039282
1.5885,-0.598072205
1.5886,-0.720610386
1.5887,-0.742872165
1.5888,-0.641121204
1.5889,-0.928935403
1.589,-0.844249264
1.5891000000000002,-0.983821522
1.5892000000000002,-1.099486863
1.5893000000000002,-0.921659672
1.5894000000000001,-1.196550013
1.5895000000000001,-1.232573431
1.5896000000000001,-1.159329216
1.5897000000000001,-1.189240055
1.5898,-1.094576476
1.5899,-1.038254322
1.59,-0.981227355
1.5901,-0.958978267
1.5902,-0.960099128
1.5903,-0.818552142
1.5904,-0.860617478
1.5905,-0.891318781
1.5906,-0.752534626
1.5907,-0.918212648
1.5908,-0.874240183
1.5909,-0.92772007
1.591,-0.992830462
1.5911000000000002,-1.110178372
1.5912000000000002,-1.228738574
1.5913000000000002,-1.285151306
1.5914000000000001,-1.334680427
1.5915000000000001,-1.504618249
1.5916000000000001,-1.269903706
1.5917000000000001,-1.284968068
1.5918,-1.199348173
1.5919,-1.22368572
1.592,-1.103595342
1.5921,-1.208999994
1.5922,-1.139963364
1.5923,-1.203196713
1.5924,-0.989904605
1.5925,-1.033168953
1.5926,-1.054952892
1.5927,-0.985366562
1.5928,-1.090990213
1.5929,-1.227425712
1.593,-0.97058113
1.5931000000000002,-1.23800808
1.5932000000000002,-1.376031549
1.5933000000000002,-1.38528146
1.5934000000000001,-1.371512106
1.5935000000000001,-1.378512125
1.5936000000000001,-1.247055555
1.5937000000000001,-1.325179276
1.5938,-1.121642741
1.5939,-1.243855221
1.594,-1.107771892
1.5941,-0.992225634
1.5942,-0.915989884
1.5943,-0.855248098
1.5944,-0.945863417
1.5945,-0.906536026
1.5946,-1.105493717
1.5947,-0.941955187
1.5948,-0.873420598
1.5949,-0.934403277
1.595,-1.064025751
1.5951000000000002,-0.971612336
1.5952000000000002,-1.182133934
1.5953000000000002,-1.240553786
1.5954000000000002,-1.236216253
1.5955000000000001,-1.28493617
1.5956000000000001,-1.121644228
1.5957000000000001,-1.105538377
1.5958,-1.020669855
1.5959,-1.031476106
1.596,-0.925300871
1.5961,-1.01678362
1.5962,-0.739850053
1.5963,-0.700526222
1.5964,-0.750347173
1.5965,-0.642723451
1.5966,-0.646165395
1.5967,-0.493770024
1.5968,-0.744601555
1.5969,-0.669090522
1.597,-0.824407916
1.5971000000000002,-0.822926699
1.5972000000000002,-0.790870461
1.5973000000000002,-0.852765671
1.5974000000000002,-0.842977482
1.5975000000000001,-0.803553037
1.5976000000000001,-0.837422509
1.5977000000000001,-0.676005673
1.5978,-0.703831747
1.5979,-0.608042723
1.598,-0.485836931
1.5981,-0.410806093
1.5982,-0.2974352
1.5983,-0.254876994
1.5984,-0.189569917
1.5985,-0.21837184
1.5986,-0.262456378
1.5987,-0.29419677
1.5988,-0.332324669
1.5989,-0.087665836
1.599,-0.441612286
1.5991,-0.204853638
1.5992000000000002,-0.395601265
1.5993000000000002,-0.252972567
1.5994000000000002,-0.526106279
1.5995000000000001,-0.352018671
1.5996000000000001,-0.180546502
1.5997000000000001,-0.184790994
1.5998,-0.197925728
1.5999,-0.243942666
1.6,-0.105799082
1.6001,0.19963624958880016
1.6002,0.14308519527152225
1.6003,0.2361018309730091
1.6004,0.3195512629120968
1.6005,0.22898404544494744
1.6006,0.38248629106980925
1.6007,0.31431860600134226
1.6008,0.3534279673765466
1.6009,0.2541074442834686
1.601,0.13874112826669996
1.6011,0.19449417094538402
1.6012000000000002,0.24993006693557257
1.6013000000000002,0.21151046532988318
1.6014000000000002,0.17942915957207123
1.6015000000000001,0.2641925870056344
1.6016000000000001,0.2108048488379256
1.6017000000000001,0.28473625172427564
1.6018000000000001,0.31059208344795697
1.6019,0.5054955467457735
1.602,0.538064116
1.6021,0.5556816370378101
1.6022,0.5602709873935228
1.6023,0.8351342975093571
1.6024,0.7384021389239755
1.6025,0.8359359539795496
1.6026,1.0307061881429127
1.6027,0.8999773951894732
1.6028,0.941907944
1.6029,0.735246838
1.603,0.8228245595165542
1.6031,0.6977381358179343
1.6032000000000002,0.6889927512304915
1.6033000000000002,0.7965823160520275
1.6034000000000002,0.6032457845747503
1.6035000000000001,0.635891204
1.6036000000000001,0.5900477879624316
1.6037000000000001,0.7795110225851721
1.6038000000000001,0.725097946
1.6039,0.9243269555678516
1.604,0.7886619736561182
1.6041,1.0422174599344602
1.6042,1.0179727460214507
1.6043,1.1870583330355902
1.6044,1.1703510969343887
1.6045,1.152311854349035
1.6046,1.1678385446926862
1.6047,1.1152315359912466
1.6048,1.2184365317628387
1.6049,1.0236525036413389
1.605,1.0357404900879421
1.6051,1.0337693613925678
1.6052000000000002,1.0898004939486663
1.6053000000000002,0.9255304956434155
1.6054000000000002,0.887739065
1.6055000000000001,0.9279876740176182
1.6056000000000001,0.7582253400178779
1.6057000000000001,0.8643062190866048
1.6058000000000001,0.9815727484019121
1.6059,1.0169465175404213
1.606,1.0138201119388208
1.6061,1.2778836775273046
1.6062,1.2908399331584919
1.6063,1.3300460990152507
1.6064,1.2957094050317584
1.6065,1.3708438849931155
1.6066,1.3988166250336322
1.6067,1.310502938452312
1.6068,1.3249442835674263
1.6069,1.1713623914138853
1.607,1.1819612972588538
1.6071,1.2041782938512382
1.6072000000000002,1.1555112132651266
1.6073000000000002,1.1183458565270568
1.6074000000000002,1.0055278152571019
1.6075000000000002,0.9738960223151947
1.6076000000000001,0.9432535564115052
1.6077000000000001,0.8605010042967847
1.6078000000000001,0.9388301391956524
1.6079,1.0853550309738182
1.608,1.1481182786672273
1.6081,1.3273034382261095
1.6082,1.3705740447280461
1.6083,1.2496064215264509
1.6084,1.392874307530377
1.6085,1.2931010861406074
1.6086,1.369760124685887
1.6087,1.344509389467507
1.6088,1.328055319598663
1.6089,1.1260595287331625
1.609,1.1769885836009746
1.6091,0.8760420230656843
1.6092000000000002,1.0652963658868049
1.6093000000000002,0.906506353
1.6094000000000002,0.8706358816101696
1.6095000000000002,0.6886744760419626
1.6096000000000001,0.820588786
1.6097000000000001,0.9784627377175192
1.6098000000000001,0.8697900404062827
1.6099,1.0061440201619207
1.61,1.0027644102170588
1.6101,1.135699796847259
1.6102,1.1104070062053164
1.6103,1.0532104416875474
1.6104,1.148887454327677
1.6105,1.2702626232651364
1.6106,1.1600014140000519
1.6107,1.070098515257961
1.6108,1.2030897967960101
1.6109,1.0469174256827394
1.611,0.9448711057959538
1.6111,0.8301350524136089
1.6112000000000002,0.7943085136105524
1.6113000000000002,0.7394362158792444
1.6114000000000002,0.46205747898773886
1.6115000000000002,0.6450681425151633
1.6116000000000001,0.596893603
1.6117000000000001,0.5846074222192017
1.6118000000000001,0.6395622745722372
1.6119,0.5727925387293397
1.612,0.6009628699896774
1.6121,0.8930914823197885
1.6122,0.8723120485773584
1.6123,0.6727473066645981
1.6124,0.8342855387600611
1.6125,0.9468362977677196
1.6126,0.8304257594478607
1.6127,0.910268197
1.6128,0.836684612
1.6129,0.5747398235593388
1.613,0.596384648
1.6131,0.49663687623309544
1.6132,0.35209579211160036
1.6133000000000002,0.2892264601233224
1.6134000000000002,0.29934166203021706
1.6135000000000002,0.2895138481271357
1.6136000000000001,0.360085536
1.6137000000000001,0.4363269213609483
1.6138000000000001,0.4251933502200927
1.6139000000000001,0.48706782863848186
1.614,0.4548177879540224
1.6141,0.5736252831040611
1.6142,0.5568379579118798
1.6143,0.565345149
1.6144,0.7686920841914172
1.6145,0.4282769698679225
1.6146,0.4432178836448547
1.6147,0.5836037865732331
1.6148,0.4760177350475648
1.6149,0.3151436524969574
1.615,0.27273790509353285
1.6151,0.21032963784042208
1.6152,0.2890676234909274
1.6153000000000002,0.2597552615088271
1.6154000000000002,0.2550254218229515
1.6155000000000002,-0.023363769
1.6156000000000001,-0.005957734
1.6157000000000001,0.007018273
1.6158000000000001,0.25945445726095895
1.6159000000000001,0.23589199281745274
1.616,0.2613314089067163
1.6161,0.3258706772920836
1.6162,0.34967639607852585
1.6163,0.2999207340911521
1.6164,0.450402453
1.6165,0.3957552007977245
1.6166,0.2965196599157504
1.6167,0.40194519348470625
1.6168,0.26973293973273116
1.6169,0.25845369108695215
1.617,0.16083621880461818
1.6171,0.17289181842751872
1.6172,0.056155644073420746
1.6173000000000002,-0.083523929
1.6174000000000002,-0.022442174
1.6175000000000002,-0.036428843
1.6176000000000001,-0.0207716
1.6177000000000001,0.043082232
1.6178000000000001,-0.051196149
1.6179000000000001,0.10103140391893524
1.618,-0.034693223
1.6181,0.14951575663594463
1.6182,0.18703598747046732
1.6183,0.36333957094207736
1.6184,0.2577805701701308
1.6185,0.32318779120078683
1.6186,0.11838950277799021
1.6187,0.19744829533432354
1.6188,0.10838598220997542
1.6189,0.3132151169322439
1.619,-0.005065224
1.6191,-0.012686728
1.6192,-0.069139213
1.6193000000000002,-0.255577486
1.6194000000000002,-0.203769283
1.6195000000000002,-0.143911646
1.6196000000000002,-0.164429633
1.6197000000000001,-0.331667736
1.6198000000000001,-0.153482289
1.6199000000000001,0.024575885675244047
1.62,0.047057834184904654
1.6201,0.1545325153864404
1.6202,0.029271186
1.6203,0.2501092206491469
1.6204,0.16773493161404338
1.6205,0.30367076711134955
1.6206,0.16195080477223836
1.6207,-0.035378817
1.6208,0.14720564310657608
1.6209,-0.01693204
1.621,-0.078376886
1.6211,-0.231421942
1.6212,-0.046318812
1.6213000000000002,-0.267277026
1.6214000000000002,-0.133328931
1.6215000000000002,-0.309048142
1.6216000000000002,-0.344507021
1.6217000000000001,-0.141949619
1.6218000000000001,-0.214875558
1.6219000000000001,-0.164200302
1.622,-0.205822231
1.6221,-0.084206419
1.6222,0.036213193
1.6223,-0.064146692
1.6224,0.018551222
1.6225,0.031168226057596386
1.6226,0.053517697
1.6227,0.13119268629163347
1.6228,-0.062538857
1.6229,-0.15682157
1.623,0.048875098853775195
1.6231,-0.27490984
1.6232,-0.319048604
1.6233000000000002,-0.384630067
1.6234000000000002,-0.414686909
1.6235000000000002,-0.404425892
1.6236000000000002,-0.335684912
1.6237000000000001,-0.35729308
1.6238000000000001,-0.268051013
1.6239000000000001,-0.223978088
1.624,-0.238231303
1.6241,-0.172409079
1.6242,-0.067646963
1.6243,-0.210765185
1.6244,0.096444747
1.6245,-0.14476394
1.6246,-0.15193761
1.6247,-0.259714505
1.6248,-0.312252765
1.6249,-0.206359376
1.625,-0.175491319
1.6251,-0.475481609
1.6252,-0.469431001
1.6253,-0.535374479
1.6254000000000002,-0.513062662
1.6255000000000002,-0.437217889
1.6256000000000002,-0.495246135
1.6257000000000001,-0.619755682
1.6258000000000001,-0.526406546
1.6259000000000001,-0.47514064
1.6260000000000001,-0.477754464
1.6261,-0.51471294
1.6262,-0.448003851
1.6263,-0.260937631
1.6264,-0.237322514
1.6265,-0.35739327
1.6266,-0.342938954
1.6267,-0.3097873
1.6268,-0.599576365
1.6269,-0.568192225
1.627,-0.446420866
1.6271,-0.659332103
1.6272,-0.843041755
1.6273,-0.801285218
1.6274000000000002,-0.771112062
1.6275000000000002,-1.080114794
1.6276000000000002,-0.866293437
1.6277000000000001,-0.895581441
1.6278000000000001,-0.966699273
1.6279000000000001,-0.786817109
1.6280000000000001,-0.756250097
1.6281,-0.699187654
1.6282,-0.683058107
1.6283,-0.706296528
1.6284,-0.726142299
1.6285,-0.668728441
1.6286,-0.567942538
1.6287,-0.659772027
1.6288,-0.741420473
1.6289,-0.887929107
1.629,-0.909445587
1.6291,-0.895207565
1.6292,-0.98224759
1.6293,-1.117590129
1.6294000000000002,-1.32910198
1.6295000000000002,-1.196153081
1.6296000000000002,-1.182986961
1.6297000000000001,-1.200323839
1.6298000000000001,-1.128140992
1.6299000000000001,-0.985362255
1.6300000000000001,-1.002983716
1.6301,-0.869891315
1.6302,-1.024595959
1.6303,-0.89442951
1.6304,-1.006803826
1.6305,-0.885795599
1.6306,-0.954586718
1.6307,-0.806007464
1.6308,-0.928822151
1.6309,-0.944680786
1.631,-1.130192115
1.6311,-1.247048445
1.6312,-1.312812934
1.6313,-1.258792829
1.6314000000000002,-1.170337898
1.6315000000000002,-1.298276012
1.6316000000000002,-1.357389669
1.6317000000000002,-1.319626981
1.6318000000000001,-1.267894141
1.6319000000000001,-1.052194191
1.6320000000000001,-1.058092669
1.6321,-1.078002708
1.6322,-1.037643557
1.6323,-0.981151514
1.6324,-0.939614616
1.6325,-1.004422742
1.6326,-1.050208658
1.6327,-0.929561131
1.6328,-1.055191019
1.6329,-1.036880196
1.633,-1.042469772
1.6331,-1.193398051
1.6332,-1.260694626
1.6333,-1.075675184
1.6334000000000002,-1.341099058
1.6335000000000002,-1.451736192
1.6336000000000002,-1.373726716
1.6337000000000002,-1.194690102
1.6338000000000001,-1.373592783
1.6339000000000001,-1.269458154
1.6340000000000001,-1.053372631
1.6341,-1.095713701
1.6342,-1.020421731
1.6343,-0.87432805
1.6344,-0.981448171
1.6345,-1.023585081
1.6346,-1.01825079
1.6347,-0.879731948
1.6348,-0.939990364
1.6349,-1.061555516
1.635,-1.149810111
1.6351,-1.129189342
1.6352,-1.062092128
1.6353,-1.250128036
1.6354000000000002,-1.251778036
1.6355000000000002,-1.290380693
1.6356000000000002,-1.200828862
1.6357000000000002,-1.101570603
1.6358000000000001,-0.900254678
1.6359000000000001,-0.980903893
1.6360000000000001,-0.924949281
1.6361,-0.773475194
1.6362,-0.714250853
1.6363,-0.754646403
1.6364,-0.478140154
1.6365,-0.636301516
1.6366,-0.606627425
1.6367,-0.590807092
1.6368,-0.632041608
1.6369,-0.573572803
1.637,-0.784339147
1.6371,-0.715626243
1.6372,-0.799850501
1.6373,-0.757238776
1.6374000000000002,-0.859697049
1.6375000000000002,-0.858204034
1.6376000000000002,-0.739361464
1.6377000000000002,-0.718097935
1.6378000000000001,-0.745016911
1.6379000000000001,-0.492589303
1.6380000000000001,-0.456141083
1.6381000000000001,-0.434902444
1.6382,-0.386431923
1.6383,-0.251103675
1.6384,-0.174253552
1.6385,-0.319868045
1.6386,-0.146900216
1.6387,-0.127781282
1.6388,-0.386863746
1.6389,-0.212988801
1.639,-0.209021682
1.6391,-0.253881253
1.6392,-0.265735876
1.6393,-0.374093172
1.6394,-0.433095591
1.6395000000000002,-0.477190705
1.6396000000000002,-0.209490595
1.6397000000000002,-0.18560252
1.6398000000000001,-0.077465377
1.6399000000000001,-0.146515791
1.6400000000000001,0.064306914
1.6401000000000001,-0.031709994
1.6402,0.1013850066751244
1.6403,0.2519259365667203
1.6404,0.34992506492193687
1.6405,0.46753215432372547
1.6406,0.33069795145065667
1.6407,0.27862786671179984
1.6408,0.2565598343041178
1.6409,0.2453238423244083
1.641,0.44227255678951777
1.6411,0.2892338599811486
1.6412,0.28767040559596374
1.6413,0.1608668112292984
1.6414,0.1768227955934415
1.6415000000000002,0.24828319924145445
1.6416000000000002,0.18662846937902894
1.6417000000000002,0.25692951567923966
1.6418000000000001,0.2949970885222886
1.6419000000000001,0.39316669262507303
1.6420000000000001,0.5186601216776507
1.6421000000000001,0.5345014757585339
1.6422,0.7022716854461435
1.6423,0.7695039351616466
1.6424,0.7835874515901944
1.6425,0.7639740173353217
1.6426,0.8508952574075157
1.6427,0.7954642668146185
1.6428,0.8167435103637236
1.6429,0.8661470204547522
1.643,0.6369112384025283
1.6431,0.8694835233332071
1.6432,0.6539095102260285
1.6433,0.6678621209213605
1.6434,0.5653174432873467
1.6435000000000002,0.7257277721452139
1.6436000000000002,0.6522548425270525
1.6437000000000002,0.6769040733286875
1.6438000000000001,0.7239068957524247
1.6439000000000001,0.82103076
1.6440000000000001,0.9541228188320124
1.6441000000000001,1.0121512694383155
1.6442,1.0662794318576376
1.6443,1.0717032084532505
1.6444,1.1099019528487901
1.6445,1.158269024932101
1.6446,1.2355853710156555
1.6447,1.2362433900574965
1.6448,1.2151770470889396
1.6449,1.1074261401123755
1.645,1.0877917364600829
1.6451,0.9926741386256506
1.6452,0.821337093
1.6453,0.9090002405516466
1.6454,0.8771137818028963
1.6455000000000002,0.822973268
1.6456000000000002,0.8787109432115703
1.6457000000000002,0.971005188
1.6458000000000002,0.9209423254574501
1.6459000000000001,1.0171212118856896
1.6460000000000001,1.2657189363224377
1.6461000000000001,1.0810448793635665
1.6462,1.255404822025417
1.6463,1.2255201299714669
1.6464,1.2910977532980505
1.6465,1.3486734694505687
1.6466,1.2786545784680738
1.6467,1.377609071993944
1.6468,1.3974705540099102
1.6469,1.3023814808480223
1.647,1.2561315216374314
1.6471,1.002399576894927
1.6472,1.0375039552335825
1.6473,1.0495324375194117
1.6474,1.0523776151516597
1.6475000000000002,1.1116351453353603
1.6476000000000002,1.0646798370346067
1.6477000000000002,1.0768188747120369
1.6478000000000002,1.257109761350911
1.6479000000000001,1.1065041552597186
1.6480000000000001,1.133656679538088
1.6481000000000001,1.2285142282143504
1.6482,1.1921858939231271
1.6483,1.3099360157068465
1.6484,1.1892600748210278
1.6485,1.288905072381082
1.6486,1.305924106680315
1.6487,1.3559987944872587
1.6488,1.3175751381778327
1.6489,1.0883816319355972
1.649,1.2619269633434744
1.6491,1.037737024230625
1.6492,0.9808027086462392
1.6493,0.7790922122699753
1.6494,0.8213295302394603
1.6495000000000002,0.9356553014197929
1.6496000000000002,0.8652643339337804
1.6497000000000002,0.8786495638487352
1.6498000000000002,0.9220999653884719
1.6499000000000001,0.8336106548771257
1.6500000000000001,0.9922713157279018
1.6501000000000001,1.1633526941029857
1.6502000000000001,1.1820235387541511
1.6503,1.117739408806199
1.6504,1.269464893888732
1.6505,1.0414373904275627
1.6506,1.0424539945685976
1.6507,1.2285040100139768
1.6508,1.0688681407300689
1.6509,0.9310691821097562
1.651,0.8751069072811558
1.6511,0.7402171661438113
1.6512,0.7580140149752944
1.6513,0.6942087257295797
1.6514,0.6382734834209942
1.6515000000000002,0.5206927482719385
1.6516000000000002,0.6309385608194831
1.6517000000000002,0.5822286094763909
1.6518000000000002,0.5763190761367125
1.6519000000000001,0.7985998329979919
1.6520000000000001,0.9189093866195872
1.6521000000000001,0.9487808992295644
1.6522000000000001,0.8873492441015761
1.6523,0.8445414705151886
1.6524,0.8747678554638292
1.6525,0.9088403401729733
1.6526,0.8192070891486367
1.6527,0.9161726059496185
1.6528,0.5898462684067208
1.6529,0.6596186759853021
1.653,0.6719362955226514
1.6531,0.46487125843528476
1.6532,0.4440229443654828
1.6533,0.4530598794113764
1.6534,0.48528491429264803
1.6535,0.2372728183148653
1.6536000000000002,0.22798119485945476
1.6537000000000002,0.277107428
1.6538000000000002,0.26109888571454526
1.6539000000000001,0.3097277729831837
1.6540000000000001,0.3983343178560068
1.6541000000000001,0.6240647512347949
1.6542000000000001,0.5437418109936497
1.6543,0.6031729480272134
1.6544,0.540486868
1.6545,0.6653980123969053
1.6546,0.7431433496560308
1.6547,0.4819774155194157
1.6548,0.6351961926160572
1.6549,0.4592563511636225
1.655,0.3584558611298328
1.6551,0.3162920081754611
1.6552,0.24892282043775296
1.6553,0.31133078054879665
1.6554,0.16547807515033708
1.6555,0.1470457028131724
1.6556000000000002,0.069692163
1.6557000000000002,0.18899456169925138
1.6558000000000002,0.079798139
1.6559000000000001,0.21123435563034473
1.6560000000000001,0.4855781560516796
1.6561000000000001,0.10716518821251508
1.6562000000000001,0.37287041795653497
1.6563,0.4113419315540525
1.6564,0.391101506
1.6565,0.3942847403646061
1.6566,0.39985816284697934
1.6567,0.3358420958188394
1.6568,0.32155432894029906
1.6569,0.2012461556741957
1.657,0.33262597720811393
1.6571,0.081420417
1.6572,0.084111519
1.6573,-0.066350803
1.6574,0.026449010210362098
1.6575,-0.006126518
1.6576000000000002,-0.028137419
1.6577000000000002,-0.121974536
1.6578000000000002,-0.06210977
1.6579000000000002,0.18249038940428655
1.6580000000000001,0.042214259455734676
1.6581000000000001,0.21038671547608723
1.6582000000000001,0.13343507184050218
1.6583,0.32818261217583994
1.6584,0.21537561588849613
1.6585,0.1974936579438557
1.6586,0.2023443944720767
1.6587,0.18128472477646967
1.6588,0.20846863999851029
1.6589,0.12072492355970438
1.659,-0.039333969
1.6591,-0.020784815
1.6592,-0.17074539
1.6593,-0.076934633
1.6594,-0.095534218
1.6595,-0.178208754
1.6596000000000002,-0.149555143
1.6597000000000002,-0.007464929
1.6598000000000002,-0.120731213
1.6599000000000002,-0.132630483
1.6600000000000001,0.046335618874986675
1.6601000000000001,-0.033522454
1.6602000000000001,0.091277456
1.6603,0.099715654
1.6604,0.11514182882050439
1.6605,0.15628595938467146
1.6606,0.23367775614267886
1.6607,0.21687272533872518
1.6608,0.15336174644917866
1.6609,0.045457381
1.661,-0.068895842
1.6611,-0.303800227
1.6612,-0.146681892
1.6613,-0.40793547
1.6614,-0.413201175
1.6615,-0.287482101
1.6616000000000002,-0.249121225
1.6617000000000002,-0.283598746
1.6618000000000002,-0.086166286
1.6619000000000002,-0.122146409
1.6620000000000001,-0.123244789
1.6621000000000001,0.063308245
1.6622000000000001,0.12712659443035657
1.6623,0.080792403
1.6624,-0.000342375
1.6625,0.020782307
1.6626,-0.067536665
1.6627,0.009434564
1.6628,-0.122545921
1.6629,-0.127907498
1.663,-0.149986527
1.6631,-0.398951703
1.6632,-0.404895252
1.6633,-0.396550202
1.6634,-0.39674757
1.6635,-0.450157545
1.6636000000000002,-0.430990064
1.6637000000000002,-0.446107074
1.6638000000000002,-0.470170646
1.6639000000000002,-0.350280444
1.6640000000000001,-0.271968954
1.6641000000000001,-0.227345245
1.6642000000000001,-0.147402223
1.6643000000000001,-0.088356825
1.6644,-0.048874051
1.6645,-0.154441196
1.6646,-0.249924161
1.6647,-0.061034718
1.6648,-0.186845027
1.6649,-0.36065509
1.665,-0.334890377
1.6651,-0.344662822
1.6652,-0.358882201
1.6653,-0.532938984
1.6654,-0.508308576
1.6655,-0.711483212
1.6656,-0.619796228
1.6657000000000002,-0.627463951
1.6658000000000002,-0.541302368
1.6659000000000002,-0.396489753
1.6660000000000001,-0.456156062
1.6661000000000001,-0.502053309
1.6662000000000001,-0.48517684
1.6663000000000001,-0.221127438
1.6664,-0.296323681
1.6665,-0.304941373
1.6666,-0.391321897
1.6667,-0.384139463
1.6668,-0.542191648
1.6669,-0.501508162
1.667,-0.701840187
1.6671,-0.712019796
1.6672,-0.80413592
1.6673,-1.071257213
1.6674,-0.880568399
1.6675,-0.948301473
1.6676,-0.897227493
1.6677000000000002,-0.865650453
1.6678000000000002,-0.693904868
1.6679000000000002,-0.768994569
1.6680000000000001,-0.718602667
1.6681000000000001,-0.657611327
1.6682000000000001,-0.585452576
1.6683000000000001,-0.588247168
1.6684,-0.58722103
1.6685,-0.556573492
1.6686,-0.83081346
1.6687,-0.511293523
1.6688,-0.608708219
1.6689,-0.787376795
1.669,-0.992572909
1.6691,-0.857352135
1.6692,-1.078140411
1.6693,-1.036706939
1.6694,-1.222822256
1.6695,-0.964052719
1.6696,-1.259748741
1.6697000000000002,-1.122236479
1.6698000000000002,-1.264861906
1.6699000000000002,-1.053984062
1.6700000000000002,-1.034022816
1.6701000000000001,-0.858092328
1.6702000000000001,-0.937956546
1.6703000000000001,-0.778934499
1.6704,-0.933611702
1.6705,-0.874226325
1.6706,-0.891887089
1.6707,-0.868860631
1.6708,-0.932129157
1.6709,-0.968089134
1.671,-1.07449784
1.6711,-1.112565811
1.6712,-1.300517009
1.6713,-1.248924078
1.6714,-1.186494343
1.6715,-1.465666017
1.6716,-1.288287614
1.6717000000000002,-1.250382931
1.6718000000000002,-1.148495204
1.6719000000000002,-1.156241841
1.6720000000000002,-1.148756079
1.6721000000000001,-1.064393573
1.6722000000000001,-1.105225142
1.6723000000000001,-1.036137231
1.6724,-1.086012897
1.6725,-0.852404545
1.6726,-0.946669757
1.6727,-1.085427749
1.6728,-1.03524108
1.6729,-1.020030614
1.673,-1.094739086
1.6731,-1.309258319
1.6732,-1.54008561
1.6733,-1.300063736
1.6734,-1.428610239
1.6735,-1.314706247
1.6736,-1.275207066
1.6737000000000002,-1.22973423
1.6738000000000002,-1.130480156
1.6739000000000002,-1.110352832
1.6740000000000002,-1.001922869
1.6741000000000001,-0.963659222
1.6742000000000001,-0.894304662
1.6743000000000001,-0.963467326
1.6744,-1.027248592
1.6745,-0.707515264
1.6746,-0.902103677
1.6747,-0.827977739
1.6748,-1.004742918
1.6749,-0.9290364
1.675,-1.252703847
1.6751,-1.140378963
1.6752,-1.159286398
1.6753,-1.146253899
1.6754,-1.11300134
1.6755,-1.282670401
1.6756,-1.118638376
1.6757000000000002,-1.030483564
1.6758000000000002,-0.881795284
1.6759000000000002,-0.941796175
1.6760000000000002,-0.957415512
1.6761000000000001,-0.944251295
1.6762000000000001,-0.623611914
1.6763000000000001,-0.649446183
1.6764000000000001,-0.664063011
1.6765,-0.763936312
1.6766,-0.700032167
1.6767,-0.584409356
1.6768,-0.631404756
1.6769,-0.851311141
1.677,-0.686537443
1.6771,-0.903771739
1.6772,-0.704695252
1.6773,-0.819172159
1.6774,-0.879571929
1.6775,-0.750958459
1.6776,-0.7696474
1.6777000000000002,-0.640743187
1.6778000000000002,-0.672955318
1.6779000000000002,-0.589132737
1.6780000000000002,-0.537561867
1.6781000000000001,-0.407928737
1.6782000000000001,-0.213137363
1.6783000000000001,-0.32045528
1.6784000000000001,-0.175255958
1.6785,-0.262777525
1.6786,-0.34229326
1.6787,-0.163388959
1.6788,-0.169035424
1.6789,-0.237488075
1.679,-0.384269211
1.6791,-0.276007432
1.6792,-0.308626654
1.6793,-0.418990295
1.6794,-0.458182402
1.6795,-0.353402193
1.6796,-0.244634115
1.6797,-0.208515381
1.6798000000000002,-0.241411451
1.6799000000000002,-0.077550475
1.6800000000000002,0.070970112
1.6801000000000001,-0.005308775
1.6802000000000001,0.175996921
1.6803000000000001,0.34901903765978287
1.6804000000000001,0.19487388211240064
1.6805,0.42565326177588786
1.6806,0.4794380728684059
1.6807,0.3301114024411617
1.6808,0.30249105500921625
1.6809,0.38299907144805717
1.681,0.24969998306919725
1.6811,0.040433837
1.6812,0.19076428999168804
1.6813,0.21761797565936286
1.6814,0.2361613984719659
1.6815,0.12189170558458433
1.6816,0.20550828028357848
1.6817,0.3583867277350732
1.6818000000000002,0.34417354411037276
1.6819000000000002,0.306667069
1.6820000000000002,0.6137528734469823
1.6821000000000002,0.583109404
1.6822000000000001,0.7666908692904326
1.6823000000000001,0.63510086
1.6824000000000001,0.7882484032116427
1.6825,0.8709496876746243
1.6826,0.8355266245712281
1.6827,0.7412161356651814
1.6828,0.6220717124476532
1.6829,0.900158033
1.683,0.7569895039230151
1.6831,0.7889487006050828
1.6832,0.7340049255178505
1.6833,0.6826627250983706
1.6834,0.599830462
1.6835,0.673532202
1.6836,0.7769079157927127
1.6837,0.715074412
1.6838000000000002,0.9220841810065215
1.6839000000000002,0.7225563713849863
1.6840000000000002,0.7921023440947339
1.6841000000000002,1.0773724313493174
1.6842000000000001,1.003968775584846
1.6843000000000001,1.2920838755236275
1.6844000000000001,1.2784231404613775
1.6845,1.3221446880791536
1.6846,1.2695182184868505
1.6847,1.1095359101022126
1.6848,1.0186661833263357
1.6849,1.227167065130495
1.685,0.9371413247056216
1.6851,1.1329410500345527
1.6852,1.0142901127312633
1.6853,0.920174171
1.6854,0.9425037265783321
1.6855,0.9433201596442715
1.6856,0.9079096461847906
1.6857,1.0742528539354061
1.6858000000000002,1.1229141371601647
1.6859000000000002,1.086436793744712
1.6860000000000002,1.0938872241422835
1.6861000000000002,1.3137377089862643
1.6862000000000001,1.1082545643828037
1.6863000000000001,1.3543362877935652
1.6864000000000001,1.4103947057808779
1.6865,1.298224301037784
1.6866,1.4355635072733637
1.6867,1.3295837538592403
1.6868,1.2457224946721142
1.6869,1.312105097132978
1.687,1.0873077179238477
1.6871,1.1823138981422512
1.6872,0.8983619398736429
1.6873,1.034995107869682
1.6874,0.9861898585195487
1.6875,0.9281912445773159
1.6876,1.010326659135332
1.6877,0.9987341744686559
1.6878000000000002,1.1307977650922876
1.6879000000000002,1.1436115078353195
1.6880000000000002,1.192996893227463
1.6881000000000002,1.2376744922064116
1.6882000000000001,1.227616797854245
1.6883000000000001,1.2803810288473227
1.6884000000000001,1.347265517540914
1.6885000000000001,1.317397836337944
1.6886,1.404067043680214
1.6887,1.2875039863824689
1.6888,1.2587652232528403
1.6889,1.053256282403931
1.689,1.1713027103913145
1.6891,0.9793732584614073
1.6892,0.8781868247799751
1.6893,1.0402025717980778
1.6894,0.9267438432437117
1.6895,0.9298370540085498
1.6896,0.8880417515493048
1.6897,0.8625723220760648
1.6898000000000002,0.8815578710980242
1.6899000000000002,1.0113958141206103
1.6900000000000002,1.0906015233789734
1.6901000000000002,1.0452315658452147
1.6902000000000001,1.2608903581650275
1.6903000000000001,1.1119698801985474
1.6904000000000001,1.0328507243485563
1.6905000000000001,1.0044434516895324
1.6906,0.9851677783267396
1.6907,1.0463092764356154
1.6908,1.0040688495763044
1.6909,1.0087881404922132
1.691,0.87724375
1.6911,0.8722173379647733
1.6912,0.7394780334404657
1.6913,0.6794993641147732
1.6914,0.5904815167112999
1.6915,0.7272803223206696
1.6916,0.48723932820772253
1.6917,0.6486943473272813
1.6918,0.6406652200357106
1.6919000000000002,0.7598008014754728
1.6920000000000002,0.7436653259003633
1.6921000000000002,0.7940627853732025
1.6922000000000001,0.814008253
1.6923000000000001,0.9772487891721587
1.6924000000000001,0.8805887728770144
1.6925000000000001,1.033964256025038
1.6926,0.874606676
1.6927,0.8124085884035258
1.6928,0.7410783111647372
1.6929,0.7284164722789892
1.693,0.5607791063245632
1.6931,0.544143422
1.6932,0.4638858167883745
1.6933,0.43158822205309755
1.6934,0.39182581183050524
1.6935,0.372947471
1.6936,0.34501953357369824
1.6937,0.4783053228917623
1.6938,0.41790725904974474
1.6939000000000002,0.6355169524847831
1.6940000000000002,0.48013532635691997
1.6941000000000002,0.6020983307715924
1.6942000000000002,0.5106240197691231
1.6943000000000001,0.7127260799596179
1.6944000000000001,0.5605812933378239
1.6945000000000001,0.6511852878281995
1.6946,0.5719280513043214
1.6947,0.5891484300118797
1.6948,0.47843262398025604
1.6949,0.36696216899659506
1.695,0.3353793980027925
1.6951,0.4076085115206976
1.6952,0.25506280200070197
1.6953,0.059654425
1.6954,0.21149103270378866
1.6955,0.032435995
1.6956,0.1628808917792199
1.6957,0.1661216025897344
1.6958,0.2056507340995007
1.6959000000000002,0.3507691697573282
1.6960000000000002,0.18862419759697863
1.6961000000000002,0.35636396385523517
1.6962000000000002,0.45498574724437946
1.6963000000000001,0.3381447617536806
1.6964000000000001,0.34968834343368493
1.6965000000000001,0.3876712781482174
1.6966,0.41852402385983434
1.6967,0.2431642559391875
1.6968,0.34790810990318904
1.6969,0.1275840727998091
1.697,0.2743010177730399
1.6971,0.1426828628967151
1.6972,0.1915937959059399
1.6973,0.040674786208196034
1.6974,-0.072583268
1.6975,-0.128698112
1.6976,-0.042566953
1.6977,-0.042207755
1.6978,0.092973596
1.6979000000000002,-0.026692955
1.6980000000000002,0.2649643161093894
1.6981000000000002,0.2610966971962125
1.6982000000000002,0.1927268878344992
1.6983000000000001,0.391337625
1.6984000000000001,0.2076371568836659
1.6985000000000001,0.29099587214028144
1.6986,0.15721410848221484
1.6987,0.3733144730135223
1.6988,0.044303827
1.6989,-6.11E-05
1.699,-0.002498532
1.6991,0.08723684
1.6992,-0.002877687
1.6993,-0.118655172
1.6994,-0.080172353
1.6995,-0.185526065
1.6996,-0.137493113
1.6997,-0.015496772
1.6998,-0.127852483
1.6999000000000002,-0.118399657
1.7000000000000002,0.037629737146207765
1.7001000000000002,0.11631179183976148
1.7002000000000002,0.11695879218721085
1.7003000000000001,0.22790536292331487
1.7004000000000001,0.1551866845785519
1.7005000000000001,0.1864966478029009
1.7006000000000001,0.19165244065061815
1.7007,0.15140810531571866
1.7008,0.20832700774510954
1.7009,0.048113554
1.701,-0.072590688
1.7011,-0.072935691
1.7012,-0.095386704
1.7013,-0.163650097
1.7014,-0.201827187
1.7015,-0.3943927
1.7016,-0.469688414
1.7017,-0.14549079
1.7018,-0.173900183
1.7019000000000002,-0.160840735
1.7020000000000002,-0.047747114
1.7021000000000002,0.10658824430870775
1.7022000000000002,0.11500001989288093
1.7023000000000001,0.1167653537831248
1.7024000000000001,-0.009259813
1.7025000000000001,0.004260677
1.7026000000000001,-0.142709942
1.7027,0.063508993
1.7028,0.05014757
1.7029,-0.006367273
1.703,-0.116800114
1.7031,-0.252580361
1.7032,-0.348938148
1.7033,-0.422031542
1.7034,-0.405619369
1.7035,-0.488872382
1.7036,-0.268872305
1.7037,-0.493801822
1.7038,-0.36998292
1.7039000000000002,-0.462397855
1.7040000000000002,-0.231191083
1.7041000000000002,-0.202704733
1.7042000000000002,-0.184889125
1.7043000000000001,-0.196491052
1.7044000000000001,-0.103215202
1.7045000000000001,-0.147314
1.7046000000000001,-0.134809848
1.7047,-0.006168027
1.7048,-0.203906523
1.7049,-0.241652725
1.705,-0.394263963
1.7051,-0.492857241
1.7052,-0.49905294
1.7053,-0.352673726
1.7054,-0.616076443
1.7055,-0.585800022
1.7056,-0.683195889
1.7057,-0.821084703
1.7058,-0.631894463
1.7059,-0.334928505
1.7060000000000002,-0.42851599
1.7061000000000002,-0.295764113
1.7062000000000002,-0.411919533
1.7063000000000001,-0.541336332
1.7064000000000001,-0.426123874
1.7065000000000001,-0.3090259
1.7066000000000001,-0.344814277
1.7067,-0.40640231
1.7068,-0.505654777
1.7069,-0.457306775
1.707,-0.64795831
1.7071,-0.658651371
1.7072,-0.737078215
1.7073,-0.840147997
1.7074,-0.923330593
1.7075,-0.910578566
1.7076,-0.730506559
1.7077,-0.776792448
1.7078,-0.753708324
1.7079,-0.856288385
1.7080000000000002,-0.86034682
1.7081000000000002,-0.609540896
1.7082000000000002,-0.582815876
1.7083000000000002,-0.613609606
1.7084000000000001,-0.639401263
1.7085000000000001,-0.730588818
1.7086000000000001,-0.567290671
1.7087,-0.583526841
1.7088,-0.790214001
1.7089,-0.865755623
1.709,-0.780247439
1.7091,-1.005529327
1.7092,-0.880305475
1.7093,-1.08813836
1.7094,-1.151114744
1.7095,-1.138556631
1.7096,-1.175301939
1.7097,-1.037658373
1.7098,-1.024222118
1.7099,-0.963637762
1.7100000000000002,-0.985238421
1.7101000000000002,-0.985575359
1.7102000000000002,-0.904651312
1.7103000000000002,-0.904080129
1.7104000000000001,-0.734354336
1.7105000000000001,-0.771487499
1.7106000000000001,-0.878255967
1.7107,-0.982625688
1.7108,-0.838331936
1.7109,-1.014932415
1.711,-1.106257685
1.7111,-1.04149878
1.7112,-1.2694838
1.7113,-1.305542123
1.7114,-1.333611533
1.7115,-1.436592129
1.7116,-1.302149421
1.7117,-1.365512892
1.7118,-1.311047853
1.7119,-1.270680434
1.7120000000000002,-1.203746971
1.7121000000000002,-1.165912586
1.7122000000000002,-1.026644981
1.7123000000000002,-1.017547232
1.7124000000000001,-0.975316019
1.7125000000000001,-0.78306386
1.7126000000000001,-0.995127237
1.7127000000000001,-0.963742942
1.7128,-0.999449669
1.7129,-1.117806961
1.713,-1.152258542
1.7131,-1.233391375
1.7132,-1.273173833
1.7133,-1.378615966
1.7134,-1.397197573
1.7135,-1.363138668
1.7136,-1.508980989
1.7137,-1.199139056
1.7138,-1.097190753
1.7139,-1.195633365
1.7140000000000002,-1.088649241
1.7141000000000002,-0.987499436
1.7142000000000002,-1.117575647
1.7143000000000002,-0.88593564
1.7144000000000001,-0.958217661
1.7145000000000001,-0.722838946
1.7146000000000001,-0.922200677
1.7147000000000001,-0.853619806
1.7148,-0.974993966
1.7149,-0.830414775
1.715,-1.098094799
1.7151,-1.014336389
1.7152,-1.101279281
1.7153,-1.150917803
1.7154,-1.180442722
1.7155,-1.248499969
1.7156,-1.378320336
1.7157,-1.042665553
1.7158,-1.108575339
1.7159,-0.904758403
1.7160000000000002,-0.892519212
1.7161000000000002,-0.74648958
1.7162000000000002,-0.705796696
1.7163000000000002,-0.905609153
1.7164000000000001,-0.613113311
1.7165000000000001,-0.661844887
1.7166000000000001,-0.532336556
1.7167000000000001,-0.587618379
1.7168,-0.611473875
1.7169,-0.71738404
1.717,-0.810154943
1.7171,-0.81292778
1.7172,-0.957007358
1.7173,-0.883084131
1.7174,-0.959630941
1.7175,-0.94519007
1.7176,-0.788609035
1.7177,-0.70401348
1.7178,-0.681936846
1.7179,-0.640141526
1.718,-0.590534486
1.7181000000000002,-0.454341548
1.7182000000000002,-0.414751277
1.7183000000000002,-0.285260606
1.7184000000000001,-0.348814912
1.7185000000000001,-0.136236633
1.7186000000000001,-0.22231718
1.7187000000000001,-0.149885106
1.7188,-0.127690098
1.7189,-0.202454303
1.719,-0.20066027
1.7191,-0.465682659
1.7192,-0.369360278
1.7193,-0.259641711
1.7194,-0.309164714
1.7195,-0.185334097
1.7196,-0.160518016
1.7197,-0.217880388
1.7198,-0.191102781
1.7199,-0.165179579
1.72,-0.038064685
1.7201000000000002,0.055844729
1.7202000000000002,0.12348455598140304
1.7203000000000002,0.16838073942694537
1.7204000000000002,0.32899458153761296
1.7205000000000001,0.46894233274336544
1.7206000000000001,0.424563618
1.7207000000000001,0.3220942397932097
1.7208,0.41105405233870407
1.7209,0.3280835872734762
1.721,0.2613340649965741
1.7211,0.22043415543861325
1.7212,0.18267264652792067
1.7213,0.23207094802268824
1.7214,0.1881282967674179
1.7215,0.13406821495863525
1.7216,0.16494420111335448
1.7217,0.3047064651055342
1.7218,0.3832655310779986
1.7219,0.40391549706006924
1.722,0.42418138285744744
1.7221000000000002,0.7003154952184909
1.7222000000000002,0.7624817358779886
1.7223000000000002,0.5877472754397028
1.7224000000000002,0.9050939768838503
1.7225000000000001,0.8134527419937738
1.7226000000000001,0.8576971798935544
1.7227000000000001,0.9269144766549852
1.7228,0.9452190799254288
1.7229,0.8585260458661291
1.723,0.7564288876869041
1.7231,0.5855533614774332
1.7232,0.49761285165027835
1.7233,0.7051676941308584
1.7234,0.7328998781662652
1.7235,0.5691792593148541
1.7236,0.6407225629039052
1.7237,0.6638522670416357
1.7238,0.7232360915753728
1.7239,0.9285070170135872
1.724,0.9381248836159127
1.7241000000000002,0.9799921492762383
1.7242000000000002,1.2820698121472553
1.7243000000000002,1.0138632499686495
1.7244000000000002,1.2152687172824663
1.7245000000000001,1.111220704724716
1.7246000000000001,1.1861683642832677
1.7247000000000001,1.1951536707528838
1.7248,1.2189811689079082
1.7249,1.0866489399824264
1.725,1.027750933
1.7251,0.9838233871912032
1.7252,0.8743247170087297
1.7253,0.976859168
1.7254,0.929646661
1.7255,0.940910379
1.7256,0.9185390370691581
1.7257,0.9447676383505925
1.7258,1.1056500953705908
1.7259,1.155726967211507
1.726,1.2550708219729647
1.7261000000000002,1.2390689335536742
1.7262000000000002,1.378272522366431
1.7263000000000002,1.2855382680549698
1.7264000000000002,1.3351605542328393
1.7265000000000001,1.4601005081145775
1.7266000000000001,1.4251343913391377
1.7267000000000001,1.3084585902114345
1.7268000000000001,1.2056778455465342
1.7269,1.2187300934003982
1.727,1.1193729969174087
1.7271,1.2507387098163174
1.7272,1.1177528884606853
1.7273,0.9508649459401897
1.7274,0.8990830651692918
1.7275,0.9091018440238148
1.7276,0.9344506506269287
1.7277,0.9917637533143633
1.7278,1.1355858341781022
1.7279,1.0214780774227274
1.728,1.3399443341851582
1.7281000000000002,1.1388615769752273
1.7282000000000002,1.1526662958905067
1.7283000000000002,1.4395896988713006
1.7284000000000002,1.4331086983101808
1.7285000000000001,1.3166786914859983
1.7286000000000001,1.3456574024555157
1.7287000000000001,1.3125535007470577
1.7288000000000001,1.239624888926394
1.7289,1.0617526340380303
1.729,0.8972869140130704
1.7291,0.9582890513694019
1.7292,1.1068914642734382
1.7293,1.0569407712871608
1.7294,0.8499871642896694
1.7295,0.7750322586953273
1.7296,0.8739317544950569
1.7297,0.905142881
1.7298,0.9519837532859945
1.7299,0.7469047046568285
1.73,1.2526204947058917
1.7301000000000002,1.1412842391228386
1.7302000000000002,1.079257832689736
1.7303000000000002,1.070277153762574
1.7304000000000002,1.2233558554661683
1.7305000000000001,1.1817968401717869
1.7306000000000001,1.1275616067998901
1.7307000000000001,1.1160809905326408
1.7308000000000001,1.013612722927252
1.7309,0.9863291507353055
1.731,0.9376414206402353
1.7311,0.8322130051205278
1.7312,0.7591603586962861
1.7313,0.7898464606815394
1.7314,0.508914137
1.7315,0.5496426632041399
1.7316,0.6118829268124358
1.7317,0.5662001174357502
1.7318,0.6235146539162303
1.7319,0.800279776
1.732,0.7334140000759639
1.7321,0.6470344067067495
1.7322000000000002,0.8014720846539939
1.7323000000000002,0.8704373307722271
1.7324000000000002,0.8835714646686961
1.7325000000000002,0.9208751544036923
1.7326000000000001,0.8907779953259548
1.7327000000000001,0.7995617132577304
1.7328000000000001,0.6572612872933496
1.7329,0.6479855801730978
1.733,0.5580284516275007
1.7331,0.5096757260027495
1.7332,0.518528338
1.7333,0.4378966260768962
1.7334,0.42974384282894457
1.7335,0.3100612245999299
1.7336,0.45809601534261374
1.7337,0.40661692451151726
1.7338,0.393080528
1.7339,0.4753057761662099
1.734,0.4220863805010988
1.7341,0.3566849300981521
1.7342000000000002,0.5201722469135648
1.7343000000000002,0.6604594961141601
1.7344000000000002,0.6233412914548446
1.7345000000000002,0.6037682885774985
1.7346000000000001,0.5252550217671774
1.7347000000000001,0.39652174016923086
1.7348000000000001,0.6112039725952441
1.7349,0.4134708211652475
1.735,0.3227437426347596
1.7351,0.23055040022207363
1.7352,0.31804249873050505
1.7353,0.23327049201407318
1.7354,0.046481259467654676
1.7355,0.19692056632536853
1.7356,0.091806515
1.7357,0.073025016
1.7358,0.13285690585549673
1.7359,0.13985025642264748
1.736,0.1492453033691633
1.7361,0.3695908590249065
1.7362000000000002,0.33656226952718116
1.7363000000000002,0.4389888605753603
1.7364000000000002,0.4323256963652896
1.7365000000000002,0.45452957015825246
1.7366000000000001,0.22886643656148367
1.7367000000000001,0.286661538
1.7368000000000001,0.34934513106675213
1.7369,0.1382685566086545
1.737,0.20067975841333735
1.7371,-0.00967485
1.7372,0.039858125
1.7373,0.11597131687439716
1.7374,0.013765577004791384
1.7375,-0.212863217
1.7376,0.006191475
1.7377,0.10599135017928335
1.7378,0.2218437541876482
1.7379,0.08560261
1.738,-0.005861438
1.7381,0.1938887801008934
1.7382000000000002,0.33669146612232614
1.7383000000000002,0.2325448989476747
1.7384000000000002,0.35373611831888957
1.7385000000000002,0.20738044903683583
1.7386000000000001,0.28912005285796927
1.7387000000000001,0.026422571295731168
1.7388000000000001,0.10006794105762305
1.7389000000000001,0.1146845752861198
1.739,0.019209978562962044
1.7391,-0.122598454
1.7392,-0.119237773
1.7393,-0.102046818
1.7394,-0.168584657
1.7395,-0.171417961
1.7396,-0.112729911
1.7397,-0.175087874
1.7398,0.000611257
1.7399,-0.136231533
1.74,0.15424020424454835
1.7401,0.14613293767990287
1.7402000000000002,0.079643151
1.7403000000000002,0.12448936148828448
1.7404000000000002,0.18782626280615164
1.7405000000000002,0.22418664142598627
1.7406000000000001,0.24925031206416548
1.7407000000000001,0.021171922
1.7408000000000001,0.11426068716681287
1.7409000000000001,-0.150772086
1.741,-0.062462556
1.7411,0.001138773
1.7412,-0.289503494
1.7413,-0.353527955
1.7414,-0.241668185
1.7415,-0.163554356
1.7416,-0.244255768
1.7417,-0.399881385
1.7418,-0.343659051
1.7419,-0.151294827
1.742,-0.19763155
1.7421,-0.036661647
1.7422000000000002,0.017597136
1.7423000000000002,0.000607107
1.7424000000000002,0.20685858116525344
1.7425000000000002,0.11204131744493967
1.7426000000000001,0.14512970252526183
1.7427000000000001,0.086474455
1.7428000000000001,-0.050548491
1.7429000000000001,-0.117137297
1.743,-0.194644155
1.7431,-0.185766832
1.7432,-0.355825165
1.7433,-0.217999722
1.7434,-0.452214925
1.7435,-0.393488275
1.7436,-0.427675095
1.7437,-0.425675563
1.7438,-0.18043091
1.7439,-0.342624729
1.744,-0.279293166
1.7441,-0.255644724
1.7442,-0.153062648
1.7443000000000002,-0.1299729
1.7444000000000002,-0.192952399
1.7445000000000002,-0.137706718
1.7446000000000002,-0.075085493
1.7447000000000001,-0.080603479
1.7448000000000001,-0.215760651
1.7449000000000001,-0.279562518
1.745,-0.385986387
1.7451,-0.470297737
1.7452,-0.570782165
1.7453,-0.677519763
1.7454,-0.649277961
1.7455,-0.542390817
1.7456,-0.650877364
1.7457,-0.628344434
1.7458,-0.597946772
1.7459,-0.425808654
1.746,-0.550417819
1.7461,-0.404873782
1.7462,-0.389579044
1.7463000000000002,-0.347355697
1.7464000000000002,-0.317879121
1.7465000000000002,-0.336214686
1.7466000000000002,-0.300381635
1.7467000000000001,-0.407908992
1.7468000000000001,-0.323684744
1.7469000000000001,-0.528925635
1.747,-0.744127927
1.7471,-0.632211892
1.7472,-0.721336724
1.7473,-0.808064199
1.7474,-0.873592615
1.7475,-1.045561684
1.7476,-1.036143827
1.7477,-0.733986739
1.7478,-0.882179631
1.7479,-0.716121655
1.748,-0.87357434
1.7481,-0.781009097
1.7482,-0.600905981
1.7483000000000002,-0.632789607
1.7484000000000002,-0.566744698
1.7485000000000002,-0.614563851
1.7486000000000002,-0.653296464
1.7487000000000001,-0.732821156
1.7488000000000001,-0.831406819
1.7489000000000001,-0.692531552
1.749,-0.754147664
1.7491,-1.037276406
1.7492,-1.110956619
1.7493,-1.107236071
1.7494,-1.092955007
1.7495,-1.156710728
1.7496,-1.104409795
1.7497,-1.13169528
1.7498,-1.10425742
1.7499,-0.857639967
1.75,-1.04201626
1.7501,-0.817871248
1.7502,-0.788177146
1.7503000000000002,-0.829696905
1.7504000000000002,-1.005772604
1.7505000000000002,-0.849184797
1.7506000000000002,-0.912109702
1.7507000000000001,-0.906900436
1.7508000000000001,-1.046636455
1.7509000000000001,-0.96536651
1.7510000000000001,-1.017045486
1.7511,-1.071869053
1.7512,-1.259262192
1.7513,-1.364781979
1.7514,-1.287016304
1.7515,-1.19078065
1.7516,-1.32185708
1.7517,-1.268341546
1.7518,-1.28418399
1.7519,-1.254603212
1.752,-1.10411928
1.7521,-1.10728477
1.7522,-1.014140282
1.7523000000000002,-0.964499236
1.7524000000000002,-0.951355323
1.7525000000000002,-0.92673848
1.7526000000000002,-1.050922801
1.7527000000000001,-1.085261101
1.7528000000000001,-1.060359366
1.7529000000000001,-1.114263337
1.7530000000000001,-1.215948298
1.7531,-1.215767206
1.7532,-1.21672111
1.7533,-1.236693673
1.7534,-1.244679718
1.7535,-1.469676581
1.7536,-1.444268583
1.7537,-1.341996511
1.7538,-1.263636472
1.7539,-1.228334826
1.754,-1.186097921
1.7541,-1.098337509
1.7542,-0.972936963
1.7543000000000002,-1.066567671
1.7544000000000002,-0.736633903
1.7545000000000002,-0.904417401
1.7546000000000002,-0.82307212
1.7547000000000001,-0.972674775
1.7548000000000001,-0.914772965
1.7549000000000001,-0.998142909
1.7550000000000001,-0.98856211
1.7551,-1.123435245
1.7552,-1.027288426
1.7553,-1.302627068
1.7554,-1.122813408
1.7555,-1.185641387
1.7556,-1.252901967
1.7557,-0.972451652
1.7558,-0.921572392
1.7559,-1.164236074
1.756,-0.906512282
1.7561,-0.786057118
1.7562,-0.734611713
1.7563000000000002,-0.587191169
1.7564000000000002,-0.557694343
1.7565000000000002,-0.61313586
1.7566000000000002,-0.443369162
1.7567000000000002,-0.559967257
1.7568000000000001,-0.687824557
1.7569000000000001,-0.739792424
1.7570000000000001,-0.637679128
1.7571,-0.841733161
1.7572,-0.845795039
1.7573,-0.855022383
1.7574,-0.814045942
1.7575,-0.845647475
1.7576,-0.903285015
1.7577,-0.653771016
1.7578,-0.711745259
1.7579,-0.438643464
1.758,-0.490422632
1.7581,-0.32758951
1.7582,-0.298504513
1.7583,-0.175029645
1.7584000000000002,-0.18146525
1.7585000000000002,-0.173528532
1.7586000000000002,-0.089495963
1.7587000000000002,0.018892111
1.7588000000000001,-0.220251613
1.7589000000000001,-0.165089814
1.7590000000000001,-0.265010007
1.7591,-0.259866796
1.7592,-0.32655906
1.7593,-0.520507275
1.7594,-0.365918014
1.7595,-0.253246753
1.7596,-0.358084984
1.7597,-0.168172044
1.7598,-0.156255758
1.7599,-0.103823724
1.76,0.072465231
1.7601,0.14298700534915873
1.7602,0.20458825706767667
1.7603,0.3231197754683717
1.7604000000000002,0.3131163201030251
1.7605000000000002,0.20163787585282836
1.7606000000000002,0.3196534068320498
1.7607000000000002,0.20353565063246085
1.7608000000000001,0.3825209306272247
1.7609000000000001,0.3720475050697707
1.7610000000000001,0.33992659244221546
1.7611,0.26781154942875685
1.7612,0.2761018679180131
1.7613,0.053857391
1.7614,0.16834933644175318
1.7615,0.07914876
1.7616,0.19842600081699688
1.7617,0.4095342854775369
1.7618,0.43643240841169706
1.7619,0.4819489411234237
1.762,0.5002122143892449
1.7621,0.5207507030959195
1.7622,0.6943555818184731
1.7623,0.8355914620632852
1.7624000000000002,0.8307170621595307
1.7625000000000002,0.7033155426456192
1.7626000000000002,0.8508670852605901
1.7627000000000002,0.6827903764855664
1.7628000000000001,0.8773506836436259
1.7629000000000001,0.7228562032171052
1.7630000000000001,0.6392967357825009
1.7631000000000001,0.7610390694003765
1.7632,0.704461625
1.7633,0.6535068960019524
1.7634,0.8008740862788599
1.7635,0.6851508350823492
1.7636,0.6107084056888838
1.7637,0.7499698475112997
1.7638,0.7470619099826845
1.7639,0.9438508280539453
1.764,0.9431332095421292
1.7641,1.0287202771318242
1.7642,0.9540787376907114
1.7643,1.1335250514494197
1.7644000000000002,1.1669345624215368
1.7645000000000002,1.113201891121678
1.7646000000000002,1.1810431951316516
1.7647000000000002,1.2181227954825682
1.7648000000000001,1.1510655433896329
1.7649000000000001,0.9945755162686519
1.7650000000000001,1.0352494345308312
1.7651000000000001,0.9687082118929883
1.7652,0.9762020137554106
1.7653,0.9331169886662856
1.7654,0.8742108668625643
1.7655,0.8700438093344829
1.7656,0.929480284
1.7657,1.037236015540798
1.7658,1.0338933101288452
1.7659,1.1878295956221352
1.766,1.2325420533854707
1.7661,1.3289959851306477
1.7662,1.3795496069381654
1.7663,1.4438608405718039
1.7664000000000002,1.2589772722864716
1.7665000000000002,1.4162865500528654
1.7666000000000002,1.4551263125074627
1.7667000000000002,1.4436168085130965
1.7668000000000001,1.2277209993869216
1.7669000000000001,1.2876376719543916
1.7670000000000001,1.1801787174156924
1.7671000000000001,1.2605432498577411
1.7672,0.9459663070274723
1.7673,0.9505955856173505
1.7674,0.8378316360254774
1.7675,0.9829362088892218
1.7676,1.1602638912457843
1.7677,1.001552455335419
1.7678,1.0545047807096533
1.7679,1.14281853
1.768,1.1474781157967553
1.7681,1.2436076774529699
1.7682,1.2967670479242366
1.7683,1.2368807806779165
1.7684000000000002,1.3198845133992674
1.7685000000000002,1.3906212294257292
1.7686000000000002,1.3894369065705572
1.7687000000000002,1.383908103714499
1.7688000000000001,1.2555227799694393
1.7689000000000001,1.193933854015143
1.7690000000000001,1.155859077843638
1.7691000000000001,0.9782855288696339
1.7692,0.9107367872045639
1.7693,0.8985238624565997
1.7694,0.768932705
1.7695,0.884221458
1.7696,0.9356086198101748
1.7697,0.813220894
1.7698,0.9387381269331984
1.7699,0.8987365152085827
1.77,0.9186739598403554
1.7701,1.2151311491799226
1.7702,1.0149082781074759
1.7703,1.0254098187283798
1.7704000000000002,1.1615486317041717
1.7705000000000002,1.1636469892459016
1.7706000000000002,1.1735683790522675
1.7707000000000002,1.2395124641220843
1.7708000000000002,0.9604599060497381
1.7709000000000001,0.9079052224398897
1.7710000000000001,1.0082368323484256
1.7711000000000001,0.879877556
1.7712,0.7998931138515589
1.7713,0.6312281543840215
1.7714,0.726753764
1.7715,0.6777278711033157
1.7716,0.6249210533835023
1.7717,0.5777952992514849
1.7718,0.6637329013267207
1.7719,0.8291393847535984
1.772,0.6578142577844021
1.7721,0.7293873634788499
1.7722,0.785115228
1.7723,0.8329225843607059
1.7724,0.8791373671505498
1.7725000000000002,0.9530778413521007
1.7726000000000002,0.8897400384989033
1.7727000000000002,0.8155350851799964
1.7728000000000002,0.7748639459593534
1.7729000000000001,0.7331959971332087
1.7730000000000001,0.47331410045875066
1.7731000000000001,0.6182107655579454
1.7732,0.3971218202288175
1.7733,0.37008757641766604
1.7734,0.39105821146583725
1.7735,0.334755415
1.7736,0.3763815891672935
1.7737,0.364136077
1.7738,0.3609551707902126
1.7739,0.5493387029659642
1.774,0.5327924562323232
1.7741,0.5495546533858983
1.7742,0.6241095437078884
1.7743,0.5442365801180461
1.7744,0.7909057476250523
1.7745000000000002,0.5277040703050505
1.7746000000000002,0.6021357200929107
1.7747000000000002,0.530073704
1.7748000000000002,0.4712631728957939
1.7749000000000001,0.3937618600049198
1.7750000000000001,0.2953699811067161
1.7751000000000001,0.379349478
1.7752000000000001,0.12130447695364244
1.7753,0.24144753891849327
1.7754,0.1757434353822504
1.7755,0.073285839
1.7756,0.14602073143812633
1.7757,0.1092364693663328
1.7758,0.06826539
1.7759,0.11527934409023638
1.776,0.3073507929067165
1.7761,0.3557860076789517
1.7762,0.3735795713951787
1.7763,0.3582907747364594
1.7764,0.39411410718437306
1.7765000000000002,0.3846020286768828
1.7766000000000002,0.2527898501798532
1.7767000000000002,0.3609026178765534
1.7768000000000002,0.3455923395312693
1.7769000000000001,0.245663716
1.7770000000000001,0.3123664854697825
1.7771000000000001,0.021216545
1.7772000000000001,-0.014345691
1.7773,-0.002186395
1.7774,-0.028701087
1.7775,-0.216900631
1.7776,-0.013462398
1.7777,-0.019922361
1.7778,-0.171468962
1.7779,0.038259809
1.778,0.038608834
1.7781,0.12284868071393493
1.7782,0.1019607154807181
1.7783,0.2808070476215419
1.7784,0.41122951493388404
1.7785000000000002,0.295750575
1.7786000000000002,0.086581064
1.7787000000000002,0.24843661549591628
1.7788000000000002,0.1605236682287146
1.7789000000000001,0.027093224288237558
1.7790000000000001,0.076568424
1.7791000000000001,0.051832124198992774
1.7792000000000001,-0.132744756
1.7793,-0.259917847
1.7794,-0.322620229
1.7795,-0.229547775
1.7796,-0.183727693
1.7797,-0.188915303
1.7798,-0.162785541
1.7799,-0.011657885
1.78,0.037026084
1.7801,0.073057319
1.7802,0.17344199596313764
1.7803,0.09513027
1.7804,0.083722677
1.7805000000000002,0.13450627309804497
1.7806000000000002,0.11438222831098058
1.7807000000000002,-0.035683934
1.7808000000000002,0.035619786
1.7809000000000001,0.10693709846578556
1.7810000000000001,0.015789757440472396
1.7811000000000001,-0.073159519
1.7812000000000001,-0.165565328
1.7813,-0.10967705
1.7814,-0.344145224
1.7815,-0.351734859
1.7816,-0.180343783
1.7817,-0.245303562
1.7818,-0.262703043
1.7819,-0.114960572
1.782,-0.138369513
1.7821,-0.11459859
1.7822,-0.067310618
1.7823,0.065511657
1.7824,0.078143477
1.7825000000000002,0.1861436823826573
1.7826000000000002,0.024995292
1.7827000000000002,-0.011744041
1.7828000000000002,0.076628076
1.7829000000000002,-0.022729773
1.7830000000000001,-0.159242687
1.7831000000000001,-0.36513603
1.7832000000000001,-0.368744333
1.7833,-0.440329942
1.7834,-0.389629239
1.7835,-0.45131357
1.7836,-0.281116238
1.7837,-0.515327075
1.7838,-0.447125836
1.7839,-0.287930079
1.784,-0.213200588
1.7841,-0.409484935
1.7842,-0.29517871
1.7843,-0.142956686
1.7844,0.005071342
1.7845,0.047263742
1.7846000000000002,-0.157020216
1.7847000000000002,-0.176414185
1.7848000000000002,-0.284629961
1.7849000000000002,-0.23362559
1.7850000000000001,-0.234824414
1.7851000000000001,-0.329620742
1.7852000000000001,-0.499536372
1.7853,-0.620070343
1.7854,-0.592426467
1.7855,-0.50425211
1.7856,-0.648965376
1.7857,-0.745897262
1.7858,-0.597508697
1.7859,-0.547707328
1.786,-0.621851067
1.7861,-0.408475063
1.7862,-0.343621381
1.7863,-0.203998434
1.7864,-0.44401731
1.7865,-0.282346166
1.7866000000000002,-0.286476494
1.7867000000000002,-0.363998732
1.7868000000000002,-0.543778986
1.7869000000000002,-0.617678165
1.7870000000000001,-0.600074836
1.7871000000000001,-0.676062508
1.7872000000000001,-0.797459174
1.7873,-0.70733684
1.7874,-0.884887036
1.7875,-1.027888219
1.7876,-0.898320823
1.7877,-0.827366409
1.7878,-0.807982531
1.7879,-0.766633482
1.788,-0.625812557
1.7881,-0.786443679
1.7882,-0.689093925
1.7883,-0.500985201
1.7884,-0.767146063
1.7885,-0.617768801
1.7886000000000002,-0.538369017
1.7887000000000002,-0.58129635
1.7888000000000002,-0.683077297
1.7889000000000002,-0.749912511
1.7890000000000001,-0.962814242
1.7891000000000001,-0.844326003
1.7892000000000001,-1.118635228
1.7893000000000001,-1.170647261
1.7894,-1.089159877
1.7895,-1.181606431
1.7896,-1.127835664
1.7897,-1.093293998
1.7898,-0.95283815
1.7899,-1.015988299
1.79,-1.049482744
1.7901,-0.894947963
1.7902,-0.970466528
1.7903,-0.796971944
1.7904,-0.846511823
1.7905,-0.819625891
1.7906000000000002,-1.01338644
1.7907000000000002,-1.088567339
1.7908000000000002,-1.08171305
1.7909000000000002,-0.886205477
1.7910000000000001,-1.187696674
1.7911000000000001,-1.106886213
1.7912000000000001,-1.280040519
1.7913000000000001,-1.299230379
1.7914,-1.318728438
1.7915,-1.199764321
1.7916,-1.280647808
1.7917,-1.273722662
1.7918,-1.16165424
1.7919,-1.264981345
1.792,-1.071313916
1.7921,-1.026695221
1.7922,-0.975230166
1.7923,-1.017501121
1.7924,-1.014141861
1.7925,-1.040952798
1.7926000000000002,-1.047256931
1.7927000000000002,-1.085499804
1.7928000000000002,-1.027601816
1.7929000000000002,-1.131045336
1.7930000000000001,-1.139650456
1.7931000000000001,-1.196016668
1.7932000000000001,-1.374158989
1.7933000000000001,-1.418876105
1.7934,-1.375953499
1.7935,-1.426502106
1.7936,-1.421661668
1.7937,-1.183169919
1.7938,-1.392727777
1.7939,-1.047416231
1.794,-1.118776664
1.7941,-0.995084987
1.7942,-0.942135443
1.7943,-0.910841141
1.7944,-0.791155933
1.7945,-0.99269022
1.7946000000000002,-0.919650182
1.7947000000000002,-0.994502137
1.7948000000000002,-1.096407294
1.7949000000000002,-1.059049485
1.7950000000000002,-0.907302959
1.7951000000000001,-1.121420827
1.7952000000000001,-0.992732254
1.7953000000000001,-1.016396427
1.7954,-0.959152885
1.7955,-1.042699526
1.7956,-0.982785282
1.7957,-1.102603519
1.7958,-1.051201952
1.7959,-0.974739265
1.796,-0.920650057
1.7961,-0.830537071
1.7962,-0.709773492
1.7963,-0.745698967
1.7964,-0.772514899
1.7965,-0.605261344
1.7966000000000002,-0.680961837
1.7967000000000002,-0.682056859
1.7968000000000002,-0.671131656
1.7969000000000002,-0.725376074
1.7970000000000002,-0.648343048
1.7971000000000001,-0.791636146
1.7972000000000001,-0.720180006
1.7973000000000001,-0.819375332
1.7974,-0.849580534
1.7975,-0.817513167
1.7976,-0.901257732
1.7977,-0.71969122
1.7978,-0.611458223
1.7979,-0.520970252
1.798,-0.62291576
1.7981,-0.550484525
1.7982,-0.391918916
1.7983,-0.169461158
1.7984,-0.209414338
1.7985,-0.254317658
1.7986,-0.293189848
1.7987000000000002,-0.234704803
1.7988000000000002,-0.258791948
1.7989000000000002,-0.153834556
1.7990000000000002,-0.183586873
1.7991000000000001,-0.384343668
1.7992000000000001,-0.26967846
1.7993000000000001,-0.295827293
1.7994,-0.444277542
1.7995,-0.339916654
1.7996,-0.269602855
1.7997,-0.228788926
1.7998,-0.307787778
1.7999,-0.078009886
1.8,0.050901191
1.8001,0.2148720153735706
1.8002,0.11744119535995559
1.8003,0.1982115067237432
1.8004,0.2801591132660667
1.8005,0.3565084321972651
1.8006,0.3576644980924541
1.8007000000000002,0.3962324834922203
1.8008000000000002,0.23991682115335636
1.8009000000000002,0.3320998130701034
1.8010000000000002,0.20521318265348243
1.8011000000000001,0.21721726132579988
1.8012000000000001,0.3353089477474931
1.8013000000000001,0.068126234
1.8014000000000001,0.15459729271017372
1.8015,0.090370377
1.8016,0.239337808
1.8017,0.3640927798342292
1.8018,0.3625458433309071
1.8019,0.4196288403385889
1.802,0.6210140190013413
1.8021,0.6266784806333963
1.8022,0.7449586516207932
1.8023,0.8039579864650291
1.8024,0.5678281106861934
1.8025,0.824037301
1.8026,0.7562522559808679
1.8027000000000002,0.7695112803182393
1.8028000000000002,0.930982866
1.8029000000000002,0.7483123794366886
1.8030000000000002,0.8885519034353484
1.8031000000000001,0.5829895427600132
1.8032000000000001,0.5730177351467303
1.8033000000000001,0.695903032
1.8034000000000001,0.5982277289260399
1.8035,0.658937035
1.8036,0.6533204139734982
1.8037,0.6970274390752123
1.8038,0.7456092119559495
1.8039,0.8568695911348725
1.804,0.9719860959978771
1.8041,1.127480186265483
1.8042,1.053267207679021
1.8043,1.0971258582383494
1.8044,1.1296389062459806
1.8045,1.3127216759411036
1.8046,1.253989305811873
1.8047000000000002,1.0313399258808216
1.8048000000000002,0.9959638551133935
1.8049000000000002,1.0411388612354626
1.8050000000000002,1.0755184167110075
1.8051000000000001,1.0034725838787888
1.8052000000000001,1.0019032160603192
1.8053000000000001,0.9122389083400347
1.8054000000000001,1.0189334135418417
1.8055,0.9678657951102605
1.8056,0.9303086058410693
1.8057,1.0518250295846474
1.8058,0.8796895703669186
1.8059,1.0671780725857427
1.806,1.152887759568467
1.8061,1.2574243054300267
1.8062,1.1328461145675548
1.8063,1.2979923266826532
1.8064,1.3832655608322242
1.8065,1.4026654179318103
1.8066,1.4525510555947003
1.8067000000000002,1.3926150493570553
1.8068000000000002,1.284510820478342
1.8069000000000002,1.2890451298756882
1.8070000000000002,1.1580533813751916
1.8071000000000002,1.1245203474382428
1.8072000000000001,1.1205338249908876
1.8073000000000001,1.0085146886760814
1.8074000000000001,1.0116415163849795
1.8075,1.0482716074719387
1.8076,1.0361298585633607
1.8077,1.1037775332886515
1.8078,1.232697978744016
1.8079,1.155033650599529
1.808,1.1198779504850596
1.8081,1.2552714397471085
1.8082,1.302895587697182
1.8083,1.3536061683261666
1.8084,1.4470095501022326
1.8085,1.1965376745877974
1.8086,1.4362578565519801
1.8087000000000002,1.4280613206635342
1.8088000000000002,1.2741335476883657
1.8089000000000002,1.2128418036135034
1.8090000000000002,1.0765127040455944
1.8091000000000002,1.0263730651405956
1.8092000000000001,1.0174352840955996
1.8093000000000001,0.9591918824906407
1.8094000000000001,0.9285908998493139
1.8095,0.9018028822254753
1.8096,0.9235532548480904
1.8097,0.9329562793472435
1.8098,0.8219782985216579
1.8099,1.0156484427646393
1.81,1.1486869293131763
1.8101,1.0485561255227827
1.8102,1.215045324827505
1.8103,1.0543717401824457
1.8104,1.1419903903709014
1.8105,1.0908726188242681
1.8106,1.2305275079510196
1.8107,1.2106523441942196
1.8108000000000002,1.0146946016581975
1.8109000000000002,1.0478650912906762
1.8110000000000002,1.011582522796201
1.8111000000000002,0.8021141465570115
1.8112000000000001,0.7462667357742722
1.8113000000000001,0.7371068795947864
1.8114000000000001,0.569279668
1.8115,0.6222810531059674
1.8116,0.7811810404301563
1.8117,0.5845884424500593
1.8118,0.7235033562322623
1.8119,0.7391647893660075
1.812,0.732230405
1.8121,0.8111036963566157
1.8122,0.975549017
1.8123,0.9100760485679047
1.8124,0.9371817919330754
1.8125,1.0044611427961574
1.8126,0.8296740743856984
1.8127,0.7269146083527641
1.8128000000000002,0.894172259
1.8129000000000002,0.6941984629135564
1.8130000000000002,0.6793386441689625
1.8131000000000002,0.47149769536808017
1.8132000000000001,0.49431696
1.8133000000000001,0.3178137833228302
1.8134000000000001,0.3689225729078427
1.8135000000000001,0.2889540260738795
1.8136,0.26721480708686973
1.8137,0.3285400299546068
1.8138,0.20063050231758717
1.8139,0.3342458543937676
1.814,0.5387403461724058
1.8141,0.553198579
1.8142,0.4827730006820329
1.8143,0.6444928250918799
1.8144,0.5466669625076129
1.8145,0.6724721560247914
1.8146,0.5838311015525353
1.8147,0.5269779542111939
1.8148000000000002,0.4899312330318469
1.8149000000000002,0.6348646770434139
1.8150000000000002,0.29640265962472767
1.8151000000000002,0.3024067948905422
1.8152000000000001,0.2801901972797474
1.8153000000000001,0.085769399
1.8154000000000001,-0.00368021
1.8155000000000001,0.055669278
1.8156,0.16416920482327826
1.8157,0.094508115
1.8158,0.13785742229056522
1.8159,0.2753756085672063
1.816,0.19040802522947897
1.8161,0.300399957
1.8162,0.23311137494438525
1.8163,0.41526962274169316
1.8164,0.4277091958403689
1.8165,0.47428918510339374
1.8166,0.3009248904604156
1.8167,0.34065135139431946
1.8168000000000002,0.2015183217977877
1.8169000000000002,0.2205664772470524
1.8170000000000002,0.28937759774364086
1.8171000000000002,0.075921296
1.8172000000000001,-0.07073098
1.8173000000000001,-0.067218256
1.8174000000000001,-0.177078579
1.8175000000000001,-0.168465771
1.8176,-0.007999282
1.8177,-0.155490367
1.8178,0.023068761
1.8179,0.049655965
1.818,0.060769896144970525
1.8181,0.17730254026356496
1.8182,0.13399585750725207
1.8183,0.3147795053938839
1.8184,0.21442018060244025
1.8185,0.24363933785851502
1.8186,0.218903712
1.8187,0.28074681766207854
1.8188000000000002,0.2196502846852792
1.8189000000000002,-0.094561866
1.8190000000000002,0.068617952
1.8191000000000002,-0.158116481
1.8192000000000002,-0.106571014
1.8193000000000001,-0.137073144
1.8194000000000001,-0.189851108
1.8195000000000001,-0.136227429
1.8196,-0.11368129
1.8197,-0.209512121
1.8198,-0.172906733
1.8199,-0.059967412
1.82,-0.123498566
1.8201,0.018931609225352412
1.8202,0.21596919988651736
1.8203,0.027130812609932234
1.8204,0.14407802673213888
1.8205,0.12890890200183197
1.8206,0.32210788055657624
1.8207,0.085390326
1.8208000000000002,0.040880407
1.8209000000000002,-0.06391214
1.8210000000000002,-0.047532773
1.8211000000000002,-0.093560863
1.8212000000000002,-0.246960359
1.8213000000000001,-0.146491108
1.8214000000000001,-0.237646706
1.8215000000000001,-0.206396747
1.8216,-0.296538247
1.8217,-0.228057207
1.8218,-0.226056498
1.8219,-0.042500018
1.822,-0.093991025
1.8221,-0.046896235
1.8222,-0.034741833
1.8223,-0.001489382
1.8224,0.080696004
1.8225,0.13037093780000764
1.8226,-0.006562216
1.8227,0.022954256814699633
1.8228000000000002,-0.023809047
1.8229000000000002,-0.072912435
1.8230000000000002,-0.307434264
1.8231000000000002,-0.314233628
1.8232000000000002,-0.413063512
1.8233000000000001,-0.353371604
1.8234000000000001,-0.464623251
1.8235000000000001,-0.450345571
1.8236,-0.504891072
1.8237,-0.421871021
1.8238,-0.444146946
1.8239,-0.246867706
1.824,-0.216577234
1.8241,-0.190495694
1.8242,-0.180501251
1.8243,-0.284883332
1.8244,-0.140068679
1.8245,-0.164673653
1.8246,-0.104078479
1.8247,-0.113185854
1.8248,-0.191710088
1.8249000000000002,-0.183239037
1.8250000000000002,-0.40257192
1.8251000000000002,-0.478884471
1.8252000000000002,-0.414186065
1.8253000000000001,-0.539690495
1.8254000000000001,-0.612842127
1.8255000000000001,-0.466993355
1.8256000000000001,-0.570705564
1.8257,-0.615906473
1.8258,-0.623583542
1.8259,-0.419264254
1.826,-0.459587452
1.8261,-0.425076696
1.8262,-0.32999964
1.8263,-0.282382815
1.8264,-0.293437555
1.8265,-0.270069835
1.8266,-0.327713437
1.8267,-0.361177159
1.8268,-0.521765884
1.8269000000000002,-0.38765572
1.8270000000000002,-0.706544709
1.8271000000000002,-0.658526511
1.8272000000000002,-0.859645833
1.8273000000000001,-0.8185181
1.8274000000000001,-0.8985304
1.8275000000000001,-0.865531689
1.8276000000000001,-0.853055688
1.8277,-0.942294973
1.8278,-0.837692579
1.8279,-0.681877351
1.828,-0.850312886
1.8281,-0.765584735
1.8282,-0.586336885
1.8283,-0.618385139
1.8284,-0.597665678
1.8285,-0.531689058
1.8286,-0.700208203
1.8287,-0.719964468
1.8288,-0.787297956
1.8289000000000002,-0.832603899
1.8290000000000002,-0.772370626
1.8291000000000002,-1.090266577
1.8292000000000002,-1.118167796
1.8293000000000001,-1.188668865
1.8294000000000001,-1.008054292
1.8295000000000001,-1.191317266
1.8296000000000001,-1.170505292
1.8297,-1.256926098
1.8298,-1.116077812
1.8299,-0.981364528
1.83,-0.979763436
1.8301,-0.957696123
1.8302,-1.029117034
1.8303,-0.896260553
1.8304,-0.839928876
1.8305,-0.931015385
1.8306,-0.818542829
1.8307,-0.837702207
1.8308,-1.003891008
1.8309000000000002,-0.96780057
1.8310000000000002,-1.104623456
1.8311000000000002,-1.073699959
1.8312000000000002,-1.065955842
1.8313000000000001,-1.36752121
1.8314000000000001,-1.253592065
1.8315000000000001,-1.22686943
1.8316000000000001,-1.405062678
1.8317,-1.350534966
1.8318,-1.312300282
1.8319,-1.224948095
1.832,-1.185290595
1.8321,-1.114662196
1.8322,-0.979383049
1.8323,-1.156764723
1.8324,-1.057068143
1.8325,-0.91777266
1.8326,-0.93846025
1.8327,-1.096822128
1.8328,-1.012173481
1.8329000000000002,-1.006629075
1.8330000000000002,-1.178084593
1.8331000000000002,-1.315684112
1.8332000000000002,-1.219382164
1.8333000000000002,-1.193850988
1.8334000000000001,-1.428551893
1.8335000000000001,-1.361352282
1.8336000000000001,-1.264016246
1.8337,-1.309596182
1.8338,-1.409843101
1.8339,-1.173787968
1.834,-1.220191466
1.8341,-1.175641858
1.8342,-1.149821908
1.8343,-0.864965292
1.8344,-0.990879383
1.8345,-0.87942999
1.8346,-0.860823557
1.8347,-0.913328865
1.8348,-0.93699527
1.8349000000000002,-0.975666348
1.8350000000000002,-1.046058966
1.8351000000000002,-1.168356253
1.8352000000000002,-1.219360484
1.8353000000000002,-1.191661124
1.8354000000000001,-1.208856438
1.8355000000000001,-1.160793389
1.8356000000000001,-1.083303825
1.8357,-1.101104493
1.8358,-1.134338908
1.8359,-1.172818879
1.836,-0.982170009
1.8361,-0.950069351
1.8362,-0.828377874
1.8363,-0.689051379
1.8364,-0.655553719
1.8365,-0.485696639
1.8366,-0.586890926
1.8367,-0.482181596
1.8368,-0.602500245
1.8369,-0.608748077
1.8370000000000002,-0.76585863
1.8371000000000002,-0.864257566
1.8372000000000002,-0.848932768
1.8373000000000002,-0.836806194
1.8374000000000001,-0.892750924
1.8375000000000001,-0.9102622
1.8376000000000001,-0.764580328
1.8377000000000001,-0.827169169
1.8378,-0.802072723
1.8379,-0.690005175
1.838,-0.533490272
1.8381,-0.508239637
1.8382,-0.367220626
1.8383,-0.232198602
1.8384,-0.181136926
1.8385,-0.245208111
1.8386,-0.281270017
1.8387,-0.226035535
1.8388,-0.146216273
1.8389,-0.157548275
1.8390000000000002,-0.236359219
1.8391000000000002,-0.204236634
1.8392000000000002,-0.191595575
1.8393000000000002,-0.386546079
1.8394000000000001,-0.230978016
1.8395000000000001,-0.35405512
1.8396000000000001,-0.215280559
1.8397000000000001,-0.185161962
1.8398,-0.329109165
1.8399,-0.165802653
1.84,-0.097703033
1.8401,-0.054059281
1.8402,0.24128969004351725
1.8403,0.4073495076556795
1.8404,0.2762546541598881
1.8405,0.4015436917212838
1.8406,0.46867310209781937
1.8407,0.3645543804694883
1.8408,0.3279066993373983
1.8409,0.2806964837070583
1.8410000000000002,0.30759512364798325
1.8411000000000002,0.2986594974929926
1.8412000000000002,0.23561225005001843
1.8413000000000002,0.2141827042690737
1.8414000000000001,0.17285845808867897
1.8415000000000001,0.064905677
1.8416000000000001,0.29890968094202036
1.8417000000000001,0.1774641370338624
1.8418,0.3985242851902161
1.8419,0.48942504060493625
1.842,0.4235072643180683
1.8421,0.5516142226031832
1.8422,0.8491113312269264
1.8423,0.7403788164879758
1.8424,0.7003102489839713
1.8425,0.8942411449574471
1.8426,0.7806841970454619
1.8427,0.6822147100544819
1.8428,0.8545975408388735
1.8429,0.704967398
1.8430000000000002,0.7628415151485393
1.8431000000000002,0.6305894133336196
1.8432000000000002,0.7162877331106086
1.8433000000000002,0.6495948449773015
1.8434000000000001,0.41840076339001475
1.8435000000000001,0.6649118514382559
1.8436000000000001,0.6391264538086607
1.8437000000000001,0.8217709494877896
1.8438,0.8015647253758377
1.8439,0.90300275
1.844,0.8638117689140444
1.8441,0.9351209941223739
1.8442,1.0674162640215106
1.8443,1.0997676317456937
1.8444,1.278476554939528
1.8445,1.1828734428406185
1.8446,1.1007775740441257
1.8447,1.1170561269008157
1.8448,1.2286175981062775
1.8449,1.0941629040542995
1.8450000000000002,1.0394498397506062
1.8451000000000002,1.0909652005536024
1.8452000000000002,0.887539877
1.8453000000000002,0.7474602798405483
1.8454000000000002,0.8389105801229857
1.8455000000000001,0.9254640118920348
1.8456000000000001,0.9041415556447298
1.8457000000000001,0.8353635055351303
1.8458,1.0928868308203283
1.8459,1.0870638052858215
1.846,1.1730079506552133
1.8461,1.2428302062165986
1.8462,1.1661774551259414
1.8463,1.3430551925469147
1.8464,1.4238249997802805
1.8465,1.4557172662496713
1.8466,1.415361734279377
1.8467,1.3727449954520243
1.8468,1.1503848032465394
1.8469,1.233852457737671
1.8470000000000002,1.0976365242647346
1.8471000000000002,1.215351861772832
1.8472000000000002,1.1473799963691846
1.8473000000000002,0.9360964472735581
1.8474000000000002,0.9790040873259798
1.8475000000000001,0.9912476614071423
1.8476000000000001,1.051219970303392
1.8477000000000001,0.8710503248286892
1.8478,0.8696523298007072
1.8479,1.101851309598335
1.848,0.9542680088074921
1.8481,1.2270113887064138
1.8482,1.312766736264634
1.8483,1.4034117055116213
1.8484,1.277602790222724
1.8485,1.3441611269973388
1.8486,1.3672716044184066
1.8487,1.1859703705457967
1.8488,1.301915718447103
1.8489,1.187418383133957
1.8490000000000002,1.0474085821698047
1.8491000000000002,1.0371775917333699
1.8492000000000002,0.9504523525493026
1.8493000000000002,0.9709136070887674
1.8494000000000002,0.8420973142373278
1.8495000000000001,0.8698366359674998
1.8496000000000001,0.8020075274644789
1.8497000000000001,0.7949969586531233
1.8498,0.9176488150951629
1.8499,0.877325586
1.85,1.064046423315855
1.8501,1.0980648682534913
1.8502,1.0338777724813417
1.8503,1.1448577987252573
1.8504,1.0827954079130608
1.8505,1.0138202465048956
1.8506,1.072411794361396
1.8507,1.0753888734996104
1.8508,1.064342989258418
1.8509,0.9661385639156278
1.851,0.9521463617662965
1.8511000000000002,0.726254361
1.8512000000000002,0.7057507357976286
1.8513000000000002,0.8099669861658958
1.8514000000000002,0.48219630239582434
1.8515000000000001,0.5773169010147414
1.8516000000000001,0.5240385561129324
1.8517000000000001,0.6089576517298316
1.8518000000000001,0.6204414579808986
1.8519,0.7454328687221901
1.852,0.7657733307454544
1.8521,0.6889218831711019
1.8522,0.7882864571463539
1.8523,0.8657789129114241
1.8524,0.9395467727953439
1.8525,1.0710286618703801
1.8526,0.9090505724619808
1.8527,0.7296678074959024
1.8528,0.7451968475211175
1.8529,0.6977548159068876
1.853,0.5662993065298465
1.8531000000000002,0.5701046546923201
1.8532000000000002,0.2815246885875242
1.8533000000000002,0.44982037581808776
1.8534000000000002,0.3257123919350979
1.8535000000000001,0.332011462
1.8536000000000001,0.45468498900193793
1.8537000000000001,0.25186846945508706
1.8538000000000001,0.40591929604344523
1.8539,0.4905517757365482
1.854,0.48977413033441475
1.8541,0.39624988293343266
1.8542,0.676739687
1.8543,0.5837546155022391
1.8544,0.5747207402734675
1.8545,0.5898764158163008
1.8546,0.5625105161489787
1.8547,0.45777343242266455
1.8548,0.5104123698163141
1.8549,0.3823237598771755
1.855,0.4107778429586036
1.8551000000000002,0.3256897410785433
1.8552000000000002,0.34773425346136094
1.8553000000000002,0.14583177555385143
1.8554000000000002,0.059600437
1.8555000000000001,-0.013822258
1.8556000000000001,0.27887961962059715
1.8557000000000001,0.17483703050334642
1.8558000000000001,0.10095230310500736
1.8559,0.3379664436052804
1.856,0.36340846230005874
1.8561,0.19939818158773986
1.8562,0.29394066824292314
1.8563,0.3790261102708683
1.8564,0.32374182219474956
1.8565,0.40291992421715955
1.8566,0.4495023367092616
1.8567,0.24614148919025503
1.8568,0.3272359944725854
1.8569,0.33373485017422533
1.857,0.20285217085008123
1.8571000000000002,0.095532208
1.8572000000000002,-0.014905535
1.8573000000000002,0.053639435
1.8574000000000002,-0.142356041
1.8575000000000002,-0.045380596
1.8576000000000001,-0.059636979
1.8577000000000001,0.050261174
1.8578000000000001,-0.048537428
1.8579,0.007777686
1.858,0.003942966
1.8581,0.19409728382707464
1.8582,0.17510351081236974
1.8583,0.17854603514608913
1.8584,0.2089421031540814
1.8585,0.3175171286640863
1.8586,0.17109495263000252
1.8587,0.1444556553110145
1.8588,0.2478036856460348
1.8589,0.10188458100238613
1.859,0.12471412388790083
1.8591000000000002,-0.047297519
1.8592000000000002,-0.079355349
1.8593000000000002,-0.115915281
1.8594000000000002,-0.050703549
1.8595000000000002,-0.071823141
1.8596000000000001,-0.079028452
1.8597000000000001,-0.197940367
1.8598000000000001,-0.187069339
1.8599,0.00377347
1.86,0.11014077618395962
1.8601,0.15011534580994604
1.8602,0.10916691380228623
1.8603,0.2058595414166601
1.8604,0.23091842772400173
1.8605,0.1882083903465829
1.8606,0.17707634002449257
1.8607,0.13627484921705246
1.8608,0.016217554739665546
1.8609,-0.036335141
1.861,-0.104397746
1.8611000000000002,-0.243113169
1.8612000000000002,-0.164665977
1.8613000000000002,-0.228834802
1.8614000000000002,-0.198374662
1.8615000000000002,-0.173691306
1.8616000000000001,-0.164343855
1.8617000000000001,-0.134034717
1.8618000000000001,-0.26957526
1.8619,-0.273671284
1.862,-0.02883267
1.8621,0.062974125
1.8622,0.12639692240202927
1.8623,0.078587405
1.8624,-0.098058078
1.8625,0.094052698
1.8626,0.092637702
1.8627,0.11299391634124992
1.8628,0.075827689
1.8629,-0.028810844
1.863,-0.217816864
1.8631,-0.322584397
1.8632000000000002,-0.261079058
1.8633000000000002,-0.419395567
1.8634000000000002,-0.274534412
1.8635000000000002,-0.547010996
1.8636000000000001,-0.363997701
1.8637000000000001,-0.3640493
1.8638000000000001,-0.370759992
1.8639000000000001,-0.381509684
1.864,-0.419857576
1.8641,-0.245028331
1.8642,-0.197456551
1.8643,-0.032929458
1.8644,-0.1660406
1.8645,-0.06753548
1.8646,-0.227239601
1.8647,-0.124342571
1.8648,-0.396696729
1.8649,-0.116658407
1.865,-0.368392183
1.8651,-0.653662458
1.8652000000000002,-0.554636281
1.8653000000000002,-0.623040785
1.8654000000000002,-0.645547678
1.8655000000000002,-0.643886358
1.8656000000000001,-0.669933381
1.8657000000000001,-0.665975906
1.8658000000000001,-0.661402593
1.8659000000000001,-0.459642113
1.866,-0.380056364
1.8661,-0.447403955
1.8662,-0.385512686
1.8663,-0.442896312
1.8664,-0.331745498
1.8665,-0.32239078
1.8666,-0.381375275
1.8667,-0.373882408
1.8668,-0.438538153
1.8669,-0.616815181
1.867,-0.512406775
1.8671,-0.699888421
1.8672000000000002,-0.61865874
1.8673000000000002,-0.777034154
1.8674000000000002,-0.695152259
1.8675000000000002,-0.782370626
1.8676000000000001,-0.862221132
1.8677000000000001,-0.923636826
1.8678000000000001,-0.891464821
1.8679000000000001,-0.750728546
1.868,-0.733881591
1.8681,-0.744382533
1.8682,-0.588552461
1.8683,-0.621487818
1.8684,-0.542637287
1.8685,-0.691510851
1.8686,-0.556724973
1.8687,-0.638338004
1.8688,-0.640081034
1.8689,-0.726553215
1.869,-0.886328665
1.8691,-0.967410133
1.8692000000000002,-0.879987812
1.8693000000000002,-1.102659697
1.8694000000000002,-1.060315112
1.8695000000000002,-1.17267623
1.8696000000000002,-1.293322046
1.8697000000000001,-1.225942492
1.8698000000000001,-1.062613258
1.8699000000000001,-0.99459573
1.87,-0.967262927
1.8701,-0.857391039
1.8702,-0.872625379
1.8703,-0.932043162
1.8704,-0.804137882
1.8705,-0.83810076
1.8706,-0.916978762
1.8707,-0.870706147
1.8708,-0.955249498
1.8709,-1.07426719
1.871,-1.110073551
1.8711,-1.052385626
1.8712000000000002,-1.118216869
1.8713000000000002,-1.26497644
1.8714000000000002,-1.310569445
1.8715000000000002,-1.445910274
1.8716000000000002,-1.189859041
1.8717000000000001,-1.221617962
1.8718000000000001,-1.205233989
1.8719000000000001,-1.396304053
1.872,-1.153507543
1.8721,-1.108969725
1.8722,-0.99179688
1.8723,-1.04118225
1.8724,-0.997693487
1.8725,-0.921813871
1.8726,-1.044568611
1.8727,-1.058062167
1.8728,-1.041483506
1.8729,-1.005699575
1.873,-1.109484893
1.8731,-1.149014904
1.8732000000000002,-1.28431316
1.8733000000000002,-1.212088381
1.8734000000000002,-1.496955262
1.8735000000000002,-1.20271331
1.8736000000000002,-1.179087979
1.8737000000000001,-1.282295571
1.8738000000000001,-1.203478384
1.8739000000000001,-1.212301375
1.874,-1.158652244
1.8741,-1.12285368
1.8742,-1.01552303
1.8743,-0.915723197
1.8744,-0.890511769
1.8745,-0.747168639
1.8746,-0.899117948
1.8747,-1.045380669
1.8748,-0.829176082
1.8749,-1.103826537
1.875,-1.101858055
1.8751,-1.08580404
1.8752000000000002,-1.118039505
1.8753000000000002,-1.298897666
1.8754000000000002,-1.258481093
1.8755000000000002,-1.313601564
1.8756000000000002,-1.121698786
1.8757000000000001,-1.033946531
1.8758000000000001,-1.167215254
1.8759000000000001,-0.918673618
1.8760000000000001,-0.846192733
1.8761,-0.895235785
1.8762,-0.92855442
1.8763,-0.79413402
1.8764,-0.709925567
1.8765,-0.51101718
1.8766,-0.635001657
1.8767,-0.715461217
1.8768,-0.647883513
1.8769,-0.79923243
1.877,-0.695999244
1.8771,-0.856509948
1.8772,-0.879617876
1.8773000000000002,-0.805817268
1.8774000000000002,-0.702479519
1.8775000000000002,-0.654347801
1.8776000000000002,-0.881116583
1.8777000000000001,-0.794465902
1.8778000000000001,-0.638150784
1.8779000000000001,-0.506735138
1.8780000000000001,-0.687868528
1.8781,-0.421979163
1.8782,-0.387944872
1.8783,-0.434155843
1.8784,-0.334065792
1.8785,-0.237763996
1.8786,-0.172249489
1.8787,-0.099337429
1.8788,-0.170320008
1.8789,-0.152880819
1.879,-0.262452466
1.8791,-0.356747194
1.8792,-0.344631741
1.8793000000000002,-0.292246457
1.8794000000000002,-0.267298103
1.8795000000000002,-0.345041133
1.8796000000000002,-0.371197676
1.8797000000000001,-0.214995106
1.8798000000000001,-0.132706014
1.8799000000000001,0.010113045020079953
1.8800000000000001,-0.05430103
1.8801,0.035080702
1.8802,0.23143730717492442
1.8803,0.2092530735653547
1.8804,0.2608937199215733
1.8805,0.4335423481031565
1.8806,0.24022262818015205
1.8807,0.512384096
1.8808,0.2809209114819569
1.8809,0.3696897901503558
1.881,0.25588644
1.8811,0.25039295628020364
1.8812,0.17764493758597752
1.8813000000000002,0.24851179
1.8814000000000002,0.14916878026377722
1.8815000000000002,0.14650632101723018
1.8816000000000002,0.3721597159110312
1.8817000000000002,0.28258476236415014
1.8818000000000001,0.29491778894183107
1.8819000000000001,0.3097431814126931
1.8820000000000001,0.663988075
1.8821,0.556084256
1.8822,0.8443404261959682
1.8823,0.7786457436304746
1.8824,0.8093581590429532
1.8825,0.843758311
1.8826,1.0197742886334715
1.8827,0.6604791462971615
1.8828,0.8301632985557973
1.8829,0.7570805344601006
1.883,0.7200989769641571
1.8831,0.7075495645532155
1.8832,0.6384110656093152
1.8833000000000002,0.6499654323839852
1.8834000000000002,0.6236512535343297
1.8835000000000002,0.5292661939271583
1.8836000000000002,0.6928142431079671
1.8837000000000002,0.7657178942484801
1.8838000000000001,0.7265828480538298
1.8839000000000001,0.9919418085602025
1.8840000000000001,1.0275007726489778
1.8841,1.0658425981214013
1.8842,1.1360138700287084
1.8843,1.1310246780980289
1.8844,1.262745599
1.8845,1.3207993365034838
1.8846,1.263405235067732
1.8847,1.1376399326508915
1.8848,1.148238996274282
1.8849,1.153437094233529
1.885,1.1241263735103093
1.8851,0.9999520178527621
1.8852,0.9153762481444073
1.8853000000000002,1.0530109427049263
1.8854000000000002,0.8213543346699586
1.8855000000000002,0.8307903443577132
1.8856000000000002,0.8179322525117112
1.8857000000000002,0.8847138095719852
1.8858000000000001,1.1113896584816703
1.8859000000000001,1.1764506701200312
1.8860000000000001,1.1359631323210293
1.8861,1.248966537078555
1.8862,1.2692190285839433
1.8863,1.2234667331563847
1.8864,1.5286772577380994
1.8865,1.4744716450256243
1.8866,1.3860142207047403
1.8867,1.2632234289732296
1.8868,1.2713837542545103
1.8869,1.1796531858463513
1.887,1.1819690514940129
1.8871,1.137572285185153
1.8872,1.0296595974742617
1.8873000000000002,0.8957857318985583
1.8874000000000002,1.1532470608796992
1.8875000000000002,0.9903690456730843
1.8876000000000002,1.0156840297197915
1.8877000000000002,0.9713070339321465
1.8878000000000001,0.9214612256814511
1.8879000000000001,1.0921353862591654
1.8880000000000001,1.1309235938784936
1.8881000000000001,1.2710883463790954
1.8882,1.3378763202481927
1.8883,1.3657276712220867
1.8884,1.4064700371966126
1.8885,1.4755598599046404
1.8886,1.3463389564084371
1.8887,1.367965236883792
1.8888,1.268196741
1.8889,1.013468165117431
1.889,1.083482666011532
1.8891,0.9564502254031434
1.8892,0.9801137778201122
1.8893000000000002,0.8452268783239104
1.8894000000000002,0.9193885926514588
1.8895000000000002,0.9301516443483718
1.8896000000000002,0.947967661
1.8897000000000002,0.9995653106703295
1.8898000000000001,0.7698442650167954
1.8899000000000001,0.853146996
1.8900000000000001,1.2342252148985275
1.8901000000000001,1.1314481632679776
1.8902,1.113042766672707
1.8903,1.1303183650004267
1.8904,1.1398225881721353
1.8905,0.9874655463662125
1.8906,1.0584034793872226
1.8907,1.0704664122811225
1.8908,0.9653615012285457
1.8909,0.9073692902339278
1.891,1.0842309063224098
1.8911,0.7846154118687858
1.8912,0.7581362074920276
1.8913,0.6978205528249564
1.8914000000000002,0.6838394665217818
1.8915000000000002,0.5752906242191826
1.8916000000000002,0.7095165717770869
1.8917000000000002,0.6600744995587224
1.8918000000000001,0.5522241070777637
1.8919000000000001,0.6886601137366731
1.8920000000000001,0.7315598123390155
1.8921000000000001,0.7759180524974114
1.8922,0.8760831671784269
1.8923,0.9165662919758918
1.8924,0.9217285486973403
1.8925,0.9035053877422099
1.8926,0.8596779259580308
1.8927,0.6385712408107895
1.8928,0.8149358782681957
1.8929,0.7223450479127522
1.893,0.5290696740235519
1.8931,0.5549306124893886
1.8932,0.5150699341462652
1.8933,0.4992681713299218
1.8934000000000002,0.4046475011834354
1.8935000000000002,0.3665160254334397
1.8936000000000002,0.4131689392799249
1.8937000000000002,0.32826664188834553
1.8938000000000001,0.4170620113227914
1.8939000000000001,0.3773489938796621
1.8940000000000001,0.5649709502812823
1.8941000000000001,0.39660837823462114
1.8942,0.6340469303710642
1.8943,0.6020796564825542
1.8944,0.6941549947378595
1.8945,0.5522714967604038
1.8946,0.6002809137347718
1.8947,0.5578382134210667
1.8948,0.5319270077341035
1.8949,0.3462974444583408
1.895,0.4080039882334268
1.8951,0.1366105713436374
1.8952,0.1642533359509515
1.8953,0.037744026452702195
1.8954000000000002,0.19011796857939467
1.8955000000000002,0.1357675913225908
1.8956000000000002,0.1398952404864619
1.8957000000000002,0.23972354248201022
1.8958000000000002,0.13107056326650207
1.8959000000000001,0.25128089097702627
1.8960000000000001,0.2601972593631871
1.8961000000000001,0.30060161741073266
1.8962,0.45874872481604234
1.8963,0.5561624469557908
1.8964,0.37483129684581834
1.8965,0.47734384857159967
1.8966,0.41807473400580514
1.8967,0.3824913516521356
1.8968,0.3235701689572544
1.8969,0.2136087728226358
1.897,-0.115963893
1.8971,0.22436626261747245
1.8972,-0.017036001
1.8973,-0.032152486
1.8974000000000002,-0.065825864
1.8975000000000002,-0.127508213
1.8976000000000002,-0.042459026
1.8977000000000002,-0.043332703
1.8978000000000002,-0.059240405
1.8979000000000001,0.059540712
1.8980000000000001,0.10064842063595413
1.8981000000000001,0.23334162756199475
1.8982,0.10177815524049638
1.8983,0.18308080765637805
1.8984,0.3283112133552171
1.8985,0.22336925347120334
1.8986,0.18705961160419926
1.8987,0.17836565722865133
1.8988,0.16801647426955157
1.8989,0.10739991218329663
1.899,0.031481842
1.8991,-0.100834266
1.8992,-0.017412563
1.8993,-0.022321641
1.8994000000000002,-0.314520745
1.8995000000000002,-0.300576216
1.8996000000000002,-0.091058857
1.8997000000000002,-0.022051151
1.8998000000000002,-0.278457291
1.8999000000000001,0.008145073
1.9000000000000001,0.13103039091589877
1.9001000000000001,-0.011903134
1.9002000000000001,0.2344963993669891
1.9003,0.1333953153563904
1.9004,0.19645838272305982
1.9005,0.11875430187247002
1.9006,0.24176873212725952
1.9007,0.19517539168201592
1.9008,0.217242026
1.9009,0.13379764358010104
1.901,-0.049010521
1.9011,0.1334960621460728
1.9012,-0.06803136
1.9013,-0.18234765
1.9014000000000002,-0.339104144
1.9015000000000002,-0.396951307
1.9016000000000002,-0.385889633
1.9017000000000002,-0.322205192
1.9018000000000002,-0.098824566
1.9019000000000001,-0.120147429
1.9020000000000001,-0.152362011
1.9021000000000001,-0.058466071
1.9022000000000001,-0.018702186
1.9023,0.10379176160084244
1.9024,-0.008625583
1.9025,0.092778852
1.9026,0.072209294
1.9027,-0.055081526
1.9028,0.088497876
1.9029,-0.125227213
1.903,-0.250254562
1.9031,-0.172024614
1.9032,-0.299436304
1.9033,-0.323328093
1.9034,-0.487319765
1.9035000000000002,-0.345652981
1.9036000000000002,-0.235554361
1.9037000000000002,-0.490638796
1.9038000000000002,-0.325881954
1.9039000000000001,-0.370325157
1.9040000000000001,-0.039746987
1.9041000000000001,-0.103343438
1.9042000000000001,-0.133777309
1.9043,-0.220097789
1.9044,-0.182296635
1.9045,-0.044055169
1.9046,-0.232859792
1.9047,-0.269251535
1.9048,-0.216974199
1.9049,-0.273608768
1.905,-0.326704269
1.9051,-0.465264424
1.9052,-0.423604599
1.9053,-0.621932983
1.9054,-0.542950679
1.9055000000000002,-0.597585392
1.9056000000000002,-0.568872081
1.9057000000000002,-0.506103095
1.9058000000000002,-0.605134544
1.9059000000000001,-0.57827147
1.9060000000000001,-0.611218714
1.9061000000000001,-0.588558217
1.9062000000000001,-0.398179686
1.9063,-0.361391674
1.9064,-0.424313804
1.9065,-0.410475857
1.9066,-0.241947077
1.9067,-0.335501224
1.9068,-0.564163406
1.9069,-0.567871874
1.907,-0.575370361
1.9071,-0.733392802
1.9072,-0.817400093
1.9073,-0.837727464
1.9074,-0.765574039
1.9075000000000002,-0.781880055
1.9076000000000002,-0.939232047
1.9077000000000002,-0.828944189
1.9078000000000002,-0.835852363
1.9079000000000002,-0.874030128
1.9080000000000001,-0.769097639
1.9081000000000001,-0.798399169
1.9082000000000001,-0.562152838
1.9083,-0.500391761
1.9084,-0.642603918
1.9085,-0.66539959
1.9086,-0.552315152
1.9087,-0.581125735
1.9088,-0.825039519
1.9089,-0.816591229
1.909,-0.884247464
1.9091,-1.015842271
1.9092,-0.991751756
1.9093,-1.135409847
1.9094,-1.163410667
1.9095000000000002,-1.150272689
1.9096000000000002,-1.263496383
1.9097000000000002,-1.292271626
1.9098000000000002,-1.02162514
1.9099000000000002,-1.109912113
1.9100000000000001,-0.829210873
1.9101000000000001,-0.791319965
1.9102000000000001,-0.944444481
1.9103,-0.682900146
1.9104,-0.776676095
1.9105,-0.903294501
1.9106,-1.077481301
1.9107,-0.85345528
1.9108,-0.959095441
1.9109,-0.991358219
1.911,-1.114151183
1.9111,-1.256979552
1.9112,-1.262850028
1.9113,-1.223496988
1.9114,-1.343500847
1.9115000000000002,-1.360100024
1.9116000000000002,-1.448959217
1.9117000000000002,-1.297229274
1.9118000000000002,-1.35434467
1.9119000000000002,-1.1408435
1.9120000000000001,-1.215509427
1.9121000000000001,-1.122455756
1.9122000000000001,-0.87330343
1.9123,-1.029625723
1.9124,-1.014402655
1.9125,-0.924517147
1.9126,-1.125503286
1.9127,-0.912074006
1.9128,-0.977434434
1.9129,-1.070822292
1.913,-1.444330272
1.9131,-1.255800166
1.9132,-1.391207803
1.9133,-1.24176608
1.9134,-1.273455781
1.9135000000000002,-1.333451657
1.9136000000000002,-1.447477593
1.9137000000000002,-1.199281342
1.9138000000000002,-1.291040286
1.9139000000000002,-1.0648317
1.9140000000000001,-1.12065581
1.9141000000000001,-1.033439408
1.9142000000000001,-1.048426419
1.9143000000000001,-0.847641429
1.9144,-0.875427767
1.9145,-0.790665549
1.9146,-0.892936616
1.9147,-0.930037476
1.9148,-0.913110519
1.9149,-0.890746954
1.915,-0.975768037
1.9151,-1.096485587
1.9152,-1.299990992
1.9153,-1.118431717
1.9154,-1.313859698
1.9155000000000002,-1.192338507
1.9156000000000002,-1.180697126
1.9157000000000002,-1.242038401
1.9158000000000002,-1.039667963
1.9159000000000002,-0.825980995
1.9160000000000001,-0.945663475
1.9161000000000001,-0.781239749
1.9162000000000001,-0.58149291
1.9163000000000001,-0.639424481
1.9164,-0.713892425
1.9165,-0.615389664
1.9166,-0.587075036
1.9167,-0.520209928
1.9168,-0.56258737
1.9169,-0.917195306
1.917,-0.805642812
1.9171,-0.783898961
1.9172,-0.894238942
1.9173,-1.131863957
1.9174,-0.900547693
1.9175,-0.830459654
1.9176000000000002,-0.839950118
1.9177000000000002,-0.826492856
1.9178000000000002,-0.676076197
1.9179000000000002,-0.572791232
1.9180000000000001,-0.552229602
1.9181000000000001,-0.319226603
1.9182000000000001,-0.344356281
1.9183000000000001,-0.34995524
1.9184,-0.317055356
1.9185,-0.209379623
1.9186,-0.087881038
1.9187,-0.245880755
1.9188,-0.150997499
1.9189,-0.221119421
1.919,-0.105131776
1.9191,-0.269131401
1.9192,-0.385789844
1.9193,-0.288978282
1.9194,-0.288301317
1.9195,-0.364972039
1.9196000000000002,-0.389988111
1.9197000000000002,-0.198964944
1.9198000000000002,-0.165863277
1.9199000000000002,-0.209828489
1.9200000000000002,0.020361679919369595
1.9201000000000001,0.037545050022385826
1.9202000000000001,0.049696328
1.9203000000000001,0.21367845177503889
1.9204,0.39950195327244375
1.9205,0.42985607849904117
1.9206,0.4256432448431694
1.9207,0.36942647566225495
1.9208,0.37759552079902475
1.9209,0.3082430844446796
1.921,0.17618634697434715
1.9211,0.15624382158211159
1.9212,0.15009338352242962
1.9213,0.2920943843346622
1.9214,0.263089949
1.9215,0.10595183369856709
1.9216000000000002,0.23136365907481318
1.9217000000000002,0.24802557518285911
1.9218000000000002,0.3365653906793246
1.9219000000000002,0.3860826830893517
1.9220000000000002,0.6271971625018589
1.9221000000000001,0.598725763
1.9222000000000001,0.6966859114838766
1.9223000000000001,0.7646780520082177
1.9224,0.7157057290218738
1.9225,0.8388551016076655
1.9226,0.9274835592342799
1.9227,0.9536719106892793
1.9228,0.7211907795776116
1.9229,0.6568087240714602
1.923,0.7421172141742561
1.9231,0.7843396224405474
1.9232,0.688479114
1.9233,0.6893386650952598
1.9234,0.516717529
1.9235,0.5885918494403053
1.9236000000000002,0.4866159756196782
1.9237000000000002,0.6970344941728693
1.9238000000000002,0.5968105421871305
1.9239000000000002,0.9491230584494704
1.9240000000000002,1.0450407504284567
1.9241000000000001,1.0095778935527748
1.9242000000000001,0.9484623618922894
1.9243000000000001,1.1586739342022743
1.9244,1.3201664354396119
1.9245,1.2331978075134509
1.9246,1.293562033
1.9247,1.1444493750602165
1.9248,1.0817167075104892
1.9249,1.1018745308623226
1.925,0.9029703527914703
1.9251,1.1872772799214293
1.9252,0.9718929356313213
1.9253,0.99561622
1.9254,0.8702192295598491
1.9255,0.7826499752196721
1.9256000000000002,1.038167663726313
1.9257000000000002,0.8702698526397665
1.9258000000000002,1.0395091693977572
1.9259000000000002,1.1094308345046364
1.9260000000000002,1.1478028793724593
1.9261000000000001,1.1464946465393666
1.9262000000000001,1.2580888158318286
1.9263000000000001,1.2428208131492813
1.9264000000000001,1.4159629125288413
1.9265,1.410216202019879
1.9266,1.3559484736305085
1.9267,1.2862265050289496
1.9268,1.4579639364107277
1.9269,1.1308821110675937
1.927,1.0505934244707715
1.9271,1.106217952767046
1.9272,1.0363058508534884
1.9273,1.0999453485115207
1.9274,1.0343716584181954
1.9275,0.9737289528851417
1.9276000000000002,1.019183692329828
1.9277000000000002,1.043673044678168
1.9278000000000002,1.2147066525222787
1.9279000000000002,1.1190685
1.9280000000000002,1.102295183983173
1.9281000000000001,1.2302056839077105
1.9282000000000001,1.0558957613163988
1.9283000000000001,1.3019135095317713
1.9284000000000001,1.4148468480117364
1.9285,1.3794413248161548
1.9286,1.3390353007372262
1.9287,1.3319671036645733
1.9288,1.3169484182170317
1.9289,1.2794896696995846
1.929,1.1316407606496208
1.9291,1.0005782311943208
1.9292,0.7765173521190316
1.9293,0.9867615652296827
1.9294,0.9121503225373836
1.9295,0.8638821554984814
1.9296,0.796637937
1.9297000000000002,0.9472365460157027
1.9298000000000002,0.883347278
1.9299000000000002,0.9463132304002624
1.9300000000000002,0.9955209128664897
1.9301000000000001,1.0866744031325604
1.9302000000000001,1.0031963681064402
1.9303000000000001,1.1727595131279858
1.9304000000000001,1.0867003313951324
1.9305,1.0873009744170867
1.9306,1.1910090115617655
1.9307,0.9998119429537653
1.9308,1.0933056833461539
1.9309,0.962289507
1.931,0.7476702526544119
1.9311,0.9139057233257448
1.9312,0.7607069050116616
1.9313,0.7099477192959173
1.9314,0.717262091
1.9315,0.7334109050537617
1.9316,0.6258402236312746
1.9317000000000002,0.67397251
1.9318000000000002,0.6848921314251777
1.9319000000000002,0.6698310171390188
1.9320000000000002,0.6186567737610797
1.9321000000000002,0.8105650536522578
1.9322000000000001,0.9456544494522408
1.9323000000000001,0.912454914
1.9324000000000001,0.7950024467940984
1.9325,0.9641938795475664
1.9326,0.828069321
1.9327,0.6433057313402433
1.9328,0.8341367731676353
1.9329,0.6076462703767127
1.933,0.7503088460065578
1.9331,0.6243059022655512
1.9332,0.44501091376668694
1.9333,0.4423171937721877
1.9334,0.557736871
1.9335,0.4207884439151072
1.9336,0.3564831558626239
1.9337000000000002,0.5839221630403437
1.9338000000000002,0.3935082346316542
1.9339000000000002,0.4735832349263372
1.9340000000000002,0.40125015854695023
1.9341000000000002,0.3914077581274536
1.9342000000000001,0.5456837730832643
1.9343000000000001,0.603735586
1.9344000000000001,0.643265095
1.9345,0.5011333626497841
1.9346,0.6459361731988479
1.9347,0.48655696431902995
1.9348,0.5459150716816643
1.9349,0.5048965191377688
1.935,0.32546605398238776
1.9351,0.20717658700790248
1.9352,0.3411726459111154
1.9353,0.2325953945676938
1.9354,0.13601852331237813
1.9355,0.22123135021627022
1.9356,0.11007308665259115
1.9357000000000002,0.072227814
1.9358000000000002,0.076209732
1.9359000000000002,0.1938901056356187
1.9360000000000002,0.31665310982770495
1.9361000000000002,0.41868111899295024
1.9362000000000001,0.3560994755323987
1.9363000000000001,0.4866620921185499
1.9364000000000001,0.3922070753547393
1.9365,0.3481184397575522
1.9366,0.2880403222900373
1.9367,0.31550316086867664
1.9368,0.20230335643853636
1.9369,0.4010159426348092
1.937,0.20597826581317114
1.9371,0.093932329
1.9372,0.17630274712272181
1.9373,-0.117009304
1.9374,-0.059173859
1.9375,0.095169962
1.9376,-0.073201478
1.9377000000000002,0.15595739431334382
1.9378000000000002,0.060930861
1.9379000000000002,0.15207062323510784
1.9380000000000002,0.21008374194891316
1.9381000000000002,0.1592427386788887
1.9382000000000001,0.16995184508745326
1.9383000000000001,0.2382767277372448
1.9384000000000001,0.19133280422317178
1.9385000000000001,0.26927165828866534
1.9386,0.25897930866824315
1.9387,0.3607277321349153
1.9388,0.22355682846283015
1.9389,0.3041836316915073
1.939,-0.124485011
1.9391,-0.11591255
1.9392,-0.107692904
1.9393,-0.009019665
1.9394,-0.170452626
1.9395,-0.293719114
1.9396,-0.19089737
1.9397000000000002,-0.243442718
1.9398000000000002,-0.219613035
1.9399000000000002,0.10281637817184099
1.9400000000000002,-0.028128709
1.9401000000000002,0.070942076
1.9402000000000001,0.10068646544216919
1.9403000000000001,0.12751520785816056
1.9404000000000001,0.10403453289417945
1.9405000000000001,0.15144219870249456
1.9406,0.18866528832745724
1.9407,0.24191004723793458
1.9408,0.15506012832629174
1.9409,-0.078976298
1.941,0.030804076449944193
1.9411,-0.077139186
1.9412,-0.226072452
1.9413,-0.211021165
1.9414,-0.213548818
1.9415,-0.270784453
1.9416,-0.231867938
1.9417000000000002,-0.316548035
1.9418000000000002,-0.049582215
1.9419000000000002,-0.31345732
1.9420000000000002,-0.057064058
1.9421000000000002,-0.018255474
1.9422000000000001,0.053352998
1.9423000000000001,-0.01688192
1.9424000000000001,0.1552139999160496
1.9425000000000001,0.056165487
1.9426,-0.046694763
1.9427,-0.074756916
1.9428,-0.028566201
1.9429,-0.229303239
1.943,-0.026794073
1.9431,-0.15634131
1.9432,-0.157648405
1.9433,-0.218288479
1.9434,-0.420697898
1.9435,-0.480192638
1.9436,-0.623570444
1.9437,-0.422110828
1.9438000000000002,-0.21296643
1.9439000000000002,-0.373728434
1.9440000000000002,-0.271709151
1.9441000000000002,-0.246879656
1.9442000000000002,-0.126346285
1.9443000000000001,-0.018981616
1.9444000000000001,-0.226548998
1.9445000000000001,-0.211579208
1.9446,-0.004930813
1.9447,-0.104117077
1.9448,-0.238431145
1.9449,-0.147715481
1.945,-0.466309092
1.9451,-0.355605321
1.9452,-0.502675372
1.9453,-0.504464299
1.9454,-0.784054396
1.9455,-0.635571315
1.9456,-0.557980271
1.9457,-0.605729357
1.9458000000000002,-0.468284135
1.9459000000000002,-0.427640867
1.9460000000000002,-0.552832304
1.9461000000000002,-0.361118637
1.9462000000000002,-0.463514766
1.9463000000000001,-0.348468608
1.9464000000000001,-0.284936894
1.9465000000000001,-0.407610515
1.9466,-0.300869291
1.9467,-0.445996866
1.9468,-0.509690658
1.9469,-0.475951952
1.947,-0.674728412
1.9471,-0.754223558
1.9472,-0.669411985
1.9473,-0.801983229
1.9474,-0.969156469
1.9475,-0.807940849
1.9476,-0.912924401
1.9477,-0.978029344
1.9478000000000002,-1.035924624
1.9479000000000002,-0.721098145
1.9480000000000002,-0.814125123
1.9481000000000002,-0.796768015
1.9482000000000002,-0.604045031
1.9483000000000001,-0.560126196
1.9484000000000001,-0.672726312
1.9485000000000001,-0.540461993
1.9486,-0.472291273
1.9487,-0.570684588
1.9488,-0.640602039
1.9489,-0.779617325
1.949,-0.915029849
1.9491,-0.958651054
1.9492,-0.987370963
1.9493,-1.180015177
1.9494,-1.18174036
1.9495,-1.256385282
1.9496,-1.12555647
1.9497,-1.12111105
1.9498000000000002,-1.147303622
1.9499000000000002,-0.985046329
1.9500000000000002,-1.083568029
1.9501000000000002,-1.004253778
1.9502000000000002,-0.841484073
1.9503000000000001,-0.795719123
1.9504000000000001,-0.915340153
1.9505000000000001,-0.833105988
1.9506000000000001,-0.933238701
1.9507,-0.924294854
1.9508,-0.95009212
1.9509,-0.98103785
1.951,-1.070439568
1.9511,-1.14361801
1.9512,-1.314967762
1.9513,-1.24896584
1.9514,-1.271065589
1.9515,-1.276151833
1.9516,-1.384969865
1.9517,-1.231278464
1.9518000000000002,-1.370768903
1.9519000000000002,-1.248791048
1.9520000000000002,-1.178822881
1.9521000000000002,-1.199792154
1.9522000000000002,-1.069678996
1.9523000000000001,-0.987381312
1.9524000000000001,-1.125218444
1.9525000000000001,-1.002941977
1.9526000000000001,-1.122554417
1.9527,-0.848815649
1.9528,-1.03995034
1.9529,-1.102712089
1.953,-1.155596599
1.9531,-1.18668558
1.9532,-1.211126116
1.9533,-1.456778937
1.9534,-1.25284646
1.9535,-1.264826424
1.9536,-1.356536426
1.9537,-1.328323174
1.9538000000000002,-1.518280259
1.9539000000000002,-1.308780678
1.9540000000000002,-1.100378833
1.9541000000000002,-0.977934652
1.9542000000000002,-0.953295115
1.9543000000000001,-0.96625508
1.9544000000000001,-0.770032661
1.9545000000000001,-0.82568284
1.9546000000000001,-0.938646025
1.9547,-0.751705532
1.9548,-1.048414311
1.9549,-1.123897413
1.955,-1.090795212
1.9551,-1.168234706
1.9552,-1.18060804
1.9553,-1.119415344
1.9554,-1.20148168
1.9555,-1.195802709
1.9556,-1.166730645
1.9557,-1.313602961
1.9558,-1.190689051
1.9559000000000002,-1.029151315
1.9560000000000002,-0.988089337
1.9561000000000002,-0.861053121
1.9562000000000002,-0.657617827
1.9563000000000001,-0.714389498
1.9564000000000001,-0.768078418
1.9565000000000001,-0.697798831
1.9566000000000001,-0.488691378
1.9567,-0.512315461
1.9568,-0.612041203
1.9569,-0.820603262
1.957,-0.712602053
1.9571,-0.747601055
1.9572,-0.81097276
1.9573,-0.881457516
1.9574,-0.871508697
1.9575,-0.881347998
1.9576,-0.88953326
1.9577,-0.637458369
1.9578,-0.608808264
1.9579000000000002,-0.623032641
1.9580000000000002,-0.486567568
1.9581000000000002,-0.397790037
1.9582000000000002,-0.161542749
1.9583000000000002,-0.210428652
1.9584000000000001,-0.1603108
1.9585000000000001,-0.189303558
1.9586000000000001,-0.211708607
1.9587,-0.069368838
1.9588,-0.146486088
1.9589,-0.29504733
1.959,-0.228281089
1.9591,-0.233360631
1.9592,-0.497598221
1.9593,-0.421678788
1.9594,-0.320881891
1.9595,-0.487168063
1.9596,-0.438158948
1.9597,-0.263484698
1.9598,-0.131620951
1.9599000000000002,-0.045481785
1.9600000000000002,0.12659196421531455
1.9601000000000002,0.095085593
1.9602000000000002,0.1411322630950947
1.9603000000000002,0.13725899235369232
1.9604000000000001,0.2660982452216687
1.9605000000000001,0.38981350313169844
1.9606000000000001,0.41012085296157924
1.9607,0.36905736499317904
1.9608,0.3737009393541757
1.9609,0.40246220265228005
1.961,0.27061216052124587
1.9611,0.33806948051046515
1.9612,0.14053611042298564
1.9613,0.17412237464051755
1.9614,0.13848803179649283
1.9615,0.255758449
1.9616,0.1459336141140506
1.9617,0.25449290856271356
1.9618,0.20019931455746384
1.9619000000000002,0.47651619545126395
1.9620000000000002,0.6144850547352763
1.9621000000000002,0.6730949219556915
1.9622000000000002,0.7444035761934865
1.9623000000000002,0.8138894271959725
1.9624000000000001,0.8539028492937001
1.9625000000000001,0.8793224555808791
1.9626000000000001,0.8968112901016424
1.9627000000000001,0.7834020614581321
1.9628,0.7970005015136199
1.9629,0.7839162839191954
1.963,0.7102900366748497
1.9631,0.5702998454990846
1.9632,0.5609106786174999
1.9633,0.6533130682107402
1.9634,0.6979995232044329
1.9635,0.6350982009146561
1.9636,0.8834907090313948
1.9637,0.6348525437000496
1.9638,0.8055434688197547
1.9639000000000002,0.9458063311542557
1.9640000000000002,1.005909203
1.9641000000000002,1.0507317631296997
1.9642000000000002,1.1550885284138568
1.9643000000000002,1.1330484697018723
1.9644000000000001,1.304466370348442
1.9645000000000001,1.2977916960468188
1.9646000000000001,1.130585105985941
1.9647000000000001,1.2089880350066373
1.9648,1.0276297809749178
1.9649,1.2292866094542998
1.965,1.0750452964691568
1.9651,1.1140520225416073
1.9652,0.951972332
1.9653,0.7777729838135501
1.9654,1.1181293151171356
1.9655,0.9165839685833025
1.9656,0.8440857873996053
1.9657,1.0518588582130803
1.9658,1.1744706508116822
1.9659000000000002,1.0577889956424282
1.9660000000000002,1.1339473822200998
1.9661000000000002,1.2283050842109524
1.9662000000000002,1.1811817442697001
1.9663000000000002,1.263571483266121
1.9664000000000001,1.4937827662733525
1.9665000000000001,1.3539159327880679
1.9666000000000001,1.2906561100363463
1.9667000000000001,1.2955312710555456
1.9668,1.3752043994144976
1.9669,1.076975479149773
1.967,1.1945344640080346
1.9671,1.3097559308205933
1.9672,1.219434647162205
1.9673,1.0579949745967159
1.9674,1.087997750826004
1.9675,1.0759130087102766
1.9676,0.9690885094251187
1.9677,1.0790832890871862
1.9678,1.189508756410646
1.9679000000000002,0.9976984492812406
1.9680000000000002,1.2029134247959794
1.9681000000000002,1.2432436317686189
1.9682000000000002,1.273643273176039
1.9683000000000002,1.305695977298568
1.9684000000000001,1.345941848125673
1.9685000000000001,1.356512371134466
1.9686000000000001,1.404640040674582
1.9687000000000001,1.3181491442771682
1.9688,1.214457767052758
1.9689,1.0982772805163665
1.969,1.0580488872001874
1.9691,1.0467604341857522
1.9692,0.9051134523331621
1.9693,0.9841778581661577
1.9694,0.9053385327029391
1.9695,0.9431515901017565
1.9696,0.8005765192393629
1.9697,0.8035389725765616
1.9698,0.9948107698437693
1.9699,0.9594633158172783
1.9700000000000002,0.9837986296879088
1.9701000000000002,1.106579105331405
1.9702000000000002,1.1480028680806018
1.9703000000000002,1.0272942652368071
1.9704000000000002,1.2551430097866085
1.9705000000000001,1.1093327154958057
1.9706000000000001,1.2561912515764408
1.9707000000000001,0.9727303307562787
1.9708,1.048022201863783
1.9709,0.939330473
1.971,0.721513618
1.9711,0.8574042934380375
1.9712,0.5819716446910694
1.9713,0.6550843011472796
1.9714,0.7250247448492642
1.9715,0.5710703673052245
1.9716,0.5374593398126857
1.9717,0.6886180417150802
1.9718,0.6352358129333805
1.9719,0.6648556580997314
1.9720000000000002,0.8473310761663516
1.9721000000000002,0.69998899
1.9722000000000002,0.798570843
1.9723000000000002,0.9351040377271292
1.9724000000000002,0.7818405136314509
1.9725000000000001,1.0184199318748883
1.9726000000000001,0.8354791105401802
1.9727000000000001,0.8806299916527458
1.9728,0.8224992821947784
1.9729,0.671093686
1.973,0.5695296072095051
1.9731,0.5290468652613007
1.9732,0.5202495954589108
1.9733,0.32665441859503097
1.9734,0.26756269863107784
1.9735,0.4595240986284564
1.9736,0.278638748
1.9737,0.38111655406608125
1.9738,0.36792541704315473
1.9739,0.4144088005180927
1.9740000000000002,0.590578391
1.9741000000000002,0.5185717323545511
1.9742000000000002,0.5401618661817522
1.9743000000000002,0.5790856886327171
1.9744000000000002,0.5766473347535479
1.9745000000000001,0.5611077909816935
1.9746000000000001,0.5531264783961847
1.9747000000000001,0.6860446152736379
1.9748,0.5541354290948834
1.9749,0.40248667660138665
1.975,0.4356392319561652
1.9751,0.15730659747841785
1.9752,0.3277349686575772
1.9753,0.26637488860987013
1.9754,0.3027671377264801
1.9755,0.18468124424818844
1.9756,0.13839091224380723
1.9757,0.22515962157146738
1.9758,0.10628114228944557
1.9759,0.17088071712766917
1.9760000000000002,0.24977588611279516
1.9761000000000002,0.41701090425625364
1.9762000000000002,0.2857483900271517
1.9763000000000002,0.3126471620781595
1.9764000000000002,0.4282716761314483
1.9765000000000001,0.46804872101607087
1.9766000000000001,0.336298935
1.9767000000000001,0.40963579407784234
1.9768000000000001,0.41326789799859315
1.9769,0.3362919476181948
1.977,0.1990979731905703
1.9771,0.094333697
1.9772,0.1773924969869226
1.9773,-0.011595595
1.9774,0.027025937347475992
1.9775,0.091858577
1.9776,0.005143209
1.9777,-0.119555007
1.9778,-0.101039349
1.9779,0.023786197
1.9780000000000002,0.16005208594928544
1.9781000000000002,0.19469741120647147
1.9782000000000002,0.3855753434921314
1.9783000000000002,0.28231645634863384
1.9784000000000002,0.24409210714824847
1.9785000000000001,0.18388132069826513
1.9786000000000001,0.35376678283958596
1.9787000000000001,0.22510403417266994
1.9788000000000001,0.05560359
1.9789,0.1169550753018681
1.979,-0.031380532
1.9791,-0.052600055
1.9792,-0.078769919
1.9793,-0.200833466
1.9794,-0.200696384
1.9795,-0.235822554
1.9796,-0.228670551
1.9797,-0.228276499
1.9798,-0.146744138
1.9799,-0.128665723
1.9800000000000002,0.046926729278069304
1.9801000000000002,0.073153852
1.9802000000000002,0.20370019121479876
1.9803000000000002,0.2985711290618005
1.9804000000000002,0.22547341659095052
1.9805000000000001,0.21225992900689755
1.9806000000000001,0.22091343182913276
1.9807000000000001,0.1657463276329415
1.9808000000000001,0.083281225
1.9809,0.01620299
1.981,-0.130012114
1.9811,-0.048060663
1.9812,-0.178598356
1.9813,-0.109627415
1.9814,-0.18612092
1.9815,-0.324624819
1.9816,-0.170552121
1.9817,-0.45237131
1.9818,-0.054590719
1.9819,-0.266190164
1.982,-0.063683182
1.9821000000000002,-0.013403257
1.9822000000000002,0.091814876
1.9823000000000002,0.013491963
1.9824000000000002,-0.10996324
1.9825000000000002,0.038620908
1.9826000000000001,0.030669448021753268
1.9827000000000001,-0.151107447
1.9828000000000001,-0.034912877
1.9829,-0.187649636
1.983,-0.118907743
1.9831,-0.259941391
1.9832,-0.14690836
1.9833,-0.37649665
1.9834,-0.35811408
1.9835,-0.427692002
1.9836,-0.539210085
1.9837,-0.405989138
1.9838,-0.293945583
1.9839,-0.259341197
1.984,-0.278376891
1.9841000000000002,-0.319054526
1.9842000000000002,-0.10478921
1.9843000000000002,-0.088309464
1.9844000000000002,-0.03593928
1.9845000000000002,-0.125686105
1.9846000000000001,-0.2586104
1.9847000000000001,-0.120061612
1.9848000000000001,-0.218412122
1.9849,-0.1729474
1.985,-0.354808139
1.9851,-0.433739752
1.9852,-0.463835965
1.9853,-0.600742292
1.9854,-0.644693085
1.9855,-0.622546668
1.9856,-0.690556513
1.9857,-0.618990577
1.9858,-0.413543048
1.9859,-0.441974569
1.986,-0.451504178
1.9861000000000002,-0.302903869
1.9862000000000002,-0.450093442
1.9863000000000002,-0.153554654
1.9864000000000002,-0.374267355
1.9865000000000002,-0.180483409
1.9866000000000001,-0.203871142
1.9867000000000001,-0.545826791
1.9868000000000001,-0.345867484
1.9869,-0.555196761
1.987,-0.653288053
1.9871,-0.641305671
1.9872,-0.833337694
1.9873,-0.770508034
1.9874,-0.928090468
1.9875,-0.862225817
1.9876,-0.773567296
1.9877,-0.834866842
1.9878,-0.86412275
1.9879,-0.7500584
1.988,-0.857850097
1.9881000000000002,-0.764369296
1.9882000000000002,-0.689618862
1.9883000000000002,-0.561641504
1.9884000000000002,-0.577294172
1.9885000000000002,-0.570659929
1.9886000000000001,-0.638873311
1.9887000000000001,-0.741465622
1.9888000000000001,-0.616837252
1.9889000000000001,-0.860571132
1.989,-0.846009277
1.9891,-0.963148542
1.9892,-0.977590838
1.9893,-1.127853179
1.9894,-1.035975635
1.9895,-1.031903038
1.9896,-1.065065553
1.9897,-1.115145338
1.9898,-1.129896949
1.9899,-0.824917323
1.99,-1.079329964
1.9901000000000002,-0.878568635
1.9902000000000002,-0.877303401
1.9903000000000002,-0.875027381
1.9904000000000002,-0.836869022
1.9905000000000002,-0.892486621
1.9906000000000001,-0.836769678
1.9907000000000001,-0.883161732
1.9908000000000001,-0.747386854
1.9909000000000001,-0.940201369
1.991,-1.054573667
1.9911,-1.119426282
1.9912,-1.081524882
1.9913,-1.357662096
1.9914,-1.329769437
1.9915,-1.483837702
1.9916,-1.282706343
1.9917,-1.236671413
1.9918,-1.345038119
1.9919,-1.099519194
1.992,-1.214291754
1.9921000000000002,-1.126196877
1.9922000000000002,-1.036856842
1.9923000000000002,-0.877564076
1.9924000000000002,-1.047812495
1.9925000000000002,-0.948067136
1.9926000000000001,-0.920695322
1.9927000000000001,-0.966661139
1.9928000000000001,-1.008517554
1.9929000000000001,-1.051858413
1.993,-1.21854029
1.9931,-1.100024847
1.9932,-1.298270456
1.9933,-1.351202479
1.9934,-1.249850628
1.9935,-1.414937797
1.9936,-1.325606442
1.9937,-1.376651649
1.9938,-1.06852053
1.9939,-1.024569024
1.994,-1.150706054
1.9941000000000002,-1.032395476
1.9942000000000002,-1.011186084
1.9943000000000002,-0.988085834
1.9944000000000002,-0.914531957
1.9945000000000002,-0.909345
1.9946000000000002,-1.028793304
1.9947000000000001,-0.905232518
1.9948000000000001,-0.964104362
1.9949000000000001,-0.981174158
1.995,-1.063308203
1.9951,-1.136370641
1.9952,-1.081420707
1.9953,-1.140611848
1.9954,-1.08707953
1.9955,-1.155560586
1.9956,-1.187244355
1.9957,-1.07927544
1.9958,-1.227917263
1.9959,-0.830032023
1.996,-0.898704621
1.9961,-0.667753651
1.9962000000000002,-0.839495702
1.9963000000000002,-0.797845169
1.9964000000000002,-0.633038297
1.9965000000000002,-0.605348069
1.9966000000000002,-0.598477869
1.9967000000000001,-0.620048883
1.9968000000000001,-0.70996077
1.9969000000000001,-0.81443308
1.997,-0.714494403
1.9971,-0.880904183
1.9972,-0.923176481
1.9973,-0.866307176
1.9974,-0.808045495
1.9975,-0.671150067
1.9976,-0.719586599
1.9977,-0.632079989
1.9978,-0.627100432
1.9979,-0.570889988
1.998,-0.314278607
1.9981,-0.534794558
1.9982000000000002,-0.382031859
1.9983000000000002,-0.307048528
1.9984000000000002,-0.155607808
1.9985000000000002,-0.270644179
1.9986000000000002,-0.115880322
1.9987000000000001,-0.133613672
1.9988000000000001,-0.133600063
1.9989000000000001,-0.16506613
1.999,-0.141524842
1.9991,-0.304288275
1.9992,-0.287519112
1.9993,-0.406811787
1.9994,-0.427086678
1.9995,-0.192024856
1.9996,-0.361837958
1.9997,-0.190542793
1.9998,-0.128461067
1.9999,0.00549399
